sample_id,project_name,package_name,project_path,apk_path,apk_sha256,fix_category,label_source,label_confidence,label_review_status,template_id,variant_id,ground_truth_rule,inserted_indicators,inserted_locations,primary_issue_count,build_status
controlled-00001,weak_hash_0000,com.mobilesec.controlled.weak_hash0000,/tmp/controlled_apktool_dataset_v2/projects/weak_hash_0000,/tmp/controlled_apktool_dataset_v2/apks/weak_hash_0000.apk,afd2d0c70b6b7b2cda502a3112e35c7ba332eac3632358b1d6936141a15c522c,FIX_WEAK_HASH,controlled_apktool_template,1.0,accepted,weak_hash,message_digest_md5,Intentional weak hash API usage markers.,"[""MessageDigest.getInstance"", ""MD5""]",AndroidManifest.xml; smali/com/mobilesec/controlled/MainActivity.smali,1,built
controlled-00002,weak_hash_0001,com.mobilesec.controlled.weak_hash0001,/tmp/controlled_apktool_dataset_v2/projects/weak_hash_0001,/tmp/controlled_apktool_dataset_v2/apks/weak_hash_0001.apk,9ea5d8d46f1d0ecc86e97cfd7bf4274a577e128f18e8771c210011852a641f04,FIX_WEAK_HASH,controlled_apktool_template,1.0,accepted,weak_hash,message_digest_sha1,Intentional weak hash API usage markers.,"[""MessageDigest.getInstance"", ""SHA-1""]",AndroidManifest.xml; smali/com/mobilesec/controlled/MainActivity.smali,1,built
controlled-00003,weak_hash_0002,com.mobilesec.controlled.weak_hash0002,/tmp/controlled_apktool_dataset_v2/projects/weak_hash_0002,/tmp/controlled_apktool_dataset_v2/apks/weak_hash_0002.apk,7ed2030ccb26ac7cbe499b1abef1bfed02d7fc5914313e141c191997bc8b10bc,FIX_WEAK_HASH,controlled_apktool_template,1.0,accepted,weak_hash,checksum_md5_password,Intentional weak hash API usage markers.,"[""DigestUtils.md5Hex"", ""MD5 password hash""]",AndroidManifest.xml; smali/com/mobilesec/controlled/MainActivity.smali,1,built
controlled-00004,weak_hash_0003,com.mobilesec.controlled.weak_hash0003,/tmp/controlled_apktool_dataset_v2/projects/weak_hash_0003,/tmp/controlled_apktool_dataset_v2/apks/weak_hash_0003.apk,35e512f4100a64b35393e5ed9a804008aa0073a51942d683af701bb91d28e8f8,FIX_WEAK_HASH,controlled_apktool_template,1.0,accepted,weak_hash,sha1_certificate_pin,Intentional weak hash API usage markers.,"[""SHA-1 pin"", ""SHA1PRNG""]",AndroidManifest.xml; smali/com/mobilesec/controlled/MainActivity.smali,1,built
controlled-00005,weak_hash_0004,com.mobilesec.controlled.weak_hash0004,/tmp/controlled_apktool_dataset_v2/projects/weak_hash_0004,/tmp/controlled_apktool_dataset_v2/apks/weak_hash_0004.apk,cf599b54fcba030a1ae23f64249888a91d0880c5dfddaf1ee0d3866a35675628,FIX_WEAK_HASH,controlled_apktool_template,1.0,accepted,weak_hash,message_digest_md5,Intentional weak hash API usage markers.,"[""MessageDigest.getInstance"", ""MD5""]",AndroidManifest.xml; smali/com/mobilesec/controlled/MainActivity.smali,1,built
controlled-00006,weak_hash_0005,com.mobilesec.controlled.weak_hash0005,/tmp/controlled_apktool_dataset_v2/projects/weak_hash_0005,/tmp/controlled_apktool_dataset_v2/apks/weak_hash_0005.apk,26f71566d94a68672189be1502abf8751817c487247e37536f91174b54c4a98a,FIX_WEAK_HASH,controlled_apktool_template,1.0,accepted,weak_hash,message_digest_sha1,Intentional weak hash API usage markers.,"[""MessageDigest.getInstance"", ""SHA-1""]",AndroidManifest.xml; smali/com/mobilesec/controlled/MainActivity.smali,1,built
controlled-00007,weak_hash_0006,com.mobilesec.controlled.weak_hash0006,/tmp/controlled_apktool_dataset_v2/projects/weak_hash_0006,/tmp/controlled_apktool_dataset_v2/apks/weak_hash_0006.apk,f3c2b5ff3172eae73f914b0b11b3c0cf3b6ee3baac879b8cf92d93384a20e334,FIX_WEAK_HASH,controlled_apktool_template,1.0,accepted,weak_hash,checksum_md5_password,Intentional weak hash API usage markers.,"[""DigestUtils.md5Hex"", ""MD5 password hash""]",AndroidManifest.xml; smali/com/mobilesec/controlled/MainActivity.smali,1,built
controlled-00008,weak_hash_0007,com.mobilesec.controlled.weak_hash0007,/tmp/controlled_apktool_dataset_v2/projects/weak_hash_0007,/tmp/controlled_apktool_dataset_v2/apks/weak_hash_0007.apk,80598e87ecf88e63d09818c62b2e1e5159655860e673e58ef13350a279e925d2,FIX_WEAK_HASH,controlled_apktool_template,1.0,accepted,weak_hash,sha1_certificate_pin,Intentional weak hash API usage markers.,"[""SHA-1 pin"", ""SHA1PRNG""]",AndroidManifest.xml; smali/com/mobilesec/controlled/MainActivity.smali,1,built
controlled-00009,weak_hash_0008,com.mobilesec.controlled.weak_hash0008,/tmp/controlled_apktool_dataset_v2/projects/weak_hash_0008,/tmp/controlled_apktool_dataset_v2/apks/weak_hash_0008.apk,3b301e9042ae61f4c950edab84eee7681cf54ed9a24fcd3d26f02b268b6255d5,FIX_WEAK_HASH,controlled_apktool_template,1.0,accepted,weak_hash,message_digest_md5,Intentional weak hash API usage markers.,"[""MessageDigest.getInstance"", ""MD5""]",AndroidManifest.xml; smali/com/mobilesec/controlled/MainActivity.smali,1,built
controlled-00010,weak_hash_0009,com.mobilesec.controlled.weak_hash0009,/tmp/controlled_apktool_dataset_v2/projects/weak_hash_0009,/tmp/controlled_apktool_dataset_v2/apks/weak_hash_0009.apk,6371039013c1a174df2175391ac3c04f7f352f12ff8cb2e2f1aafd3c3b19f256,FIX_WEAK_HASH,controlled_apktool_template,1.0,accepted,weak_hash,message_digest_sha1,Intentional weak hash API usage markers.,"[""MessageDigest.getInstance"", ""SHA-1""]",AndroidManifest.xml; smali/com/mobilesec/controlled/MainActivity.smali,1,built
controlled-00011,weak_hash_0010,com.mobilesec.controlled.weak_hash0010,/tmp/controlled_apktool_dataset_v2/projects/weak_hash_0010,/tmp/controlled_apktool_dataset_v2/apks/weak_hash_0010.apk,26741d73b1478caf1ab2a8c685d442758326486915b647aef7153251f53cdfe5,FIX_WEAK_HASH,controlled_apktool_template,1.0,accepted,weak_hash,checksum_md5_password,Intentional weak hash API usage markers.,"[""DigestUtils.md5Hex"", ""MD5 password hash""]",AndroidManifest.xml; smali/com/mobilesec/controlled/MainActivity.smali,1,built
controlled-00012,weak_hash_0011,com.mobilesec.controlled.weak_hash0011,/tmp/controlled_apktool_dataset_v2/projects/weak_hash_0011,/tmp/controlled_apktool_dataset_v2/apks/weak_hash_0011.apk,175c3a34919811ebf0eef83c539e7ebd2aab7e4760cb2c30a4d10fe37dc2382b,FIX_WEAK_HASH,controlled_apktool_template,1.0,accepted,weak_hash,sha1_certificate_pin,Intentional weak hash API usage markers.,"[""SHA-1 pin"", ""SHA1PRNG""]",AndroidManifest.xml; smali/com/mobilesec/controlled/MainActivity.smali,1,built
controlled-00013,weak_hash_0012,com.mobilesec.controlled.weak_hash0012,/tmp/controlled_apktool_dataset_v2/projects/weak_hash_0012,/tmp/controlled_apktool_dataset_v2/apks/weak_hash_0012.apk,a2204c52ee7d82c09c46950f0a92d271606c667dfd5d6e6391070acee9646722,FIX_WEAK_HASH,controlled_apktool_template,1.0,accepted,weak_hash,message_digest_md5,Intentional weak hash API usage markers.,"[""MessageDigest.getInstance"", ""MD5""]",AndroidManifest.xml; smali/com/mobilesec/controlled/MainActivity.smali,1,built
controlled-00014,weak_hash_0013,com.mobilesec.controlled.weak_hash0013,/tmp/controlled_apktool_dataset_v2/projects/weak_hash_0013,/tmp/controlled_apktool_dataset_v2/apks/weak_hash_0013.apk,571ac1383d28aaebf427c12f0a5dc822c327ea3b834c384397f825e5f594fe60,FIX_WEAK_HASH,controlled_apktool_template,1.0,accepted,weak_hash,message_digest_sha1,Intentional weak hash API usage markers.,"[""MessageDigest.getInstance"", ""SHA-1""]",AndroidManifest.xml; smali/com/mobilesec/controlled/MainActivity.smali,1,built
controlled-00015,weak_hash_0014,com.mobilesec.controlled.weak_hash0014,/tmp/controlled_apktool_dataset_v2/projects/weak_hash_0014,/tmp/controlled_apktool_dataset_v2/apks/weak_hash_0014.apk,2a70dd64bf992889dbd0788331e7fd02ed26a2116133368e6fdac5ee2769db33,FIX_WEAK_HASH,controlled_apktool_template,1.0,accepted,weak_hash,checksum_md5_password,Intentional weak hash API usage markers.,"[""DigestUtils.md5Hex"", ""MD5 password hash""]",AndroidManifest.xml; smali/com/mobilesec/controlled/MainActivity.smali,1,built
controlled-00016,weak_hash_0015,com.mobilesec.controlled.weak_hash0015,/tmp/controlled_apktool_dataset_v2/projects/weak_hash_0015,/tmp/controlled_apktool_dataset_v2/apks/weak_hash_0015.apk,be48a38b2800fec14be653ca7b836dea2ea14a95a599e93034777d98e4b2bfe6,FIX_WEAK_HASH,controlled_apktool_template,1.0,accepted,weak_hash,sha1_certificate_pin,Intentional weak hash API usage markers.,"[""SHA-1 pin"", ""SHA1PRNG""]",AndroidManifest.xml; smali/com/mobilesec/controlled/MainActivity.smali,1,built
controlled-00017,weak_hash_0016,com.mobilesec.controlled.weak_hash0016,/tmp/controlled_apktool_dataset_v2/projects/weak_hash_0016,/tmp/controlled_apktool_dataset_v2/apks/weak_hash_0016.apk,1b02772263e6264c0dae2d666be6fccc03963e97de26bcc4475d9d040ea86138,FIX_WEAK_HASH,controlled_apktool_template,1.0,accepted,weak_hash,message_digest_md5,Intentional weak hash API usage markers.,"[""MessageDigest.getInstance"", ""MD5""]",AndroidManifest.xml; smali/com/mobilesec/controlled/MainActivity.smali,1,built
controlled-00018,weak_hash_0017,com.mobilesec.controlled.weak_hash0017,/tmp/controlled_apktool_dataset_v2/projects/weak_hash_0017,/tmp/controlled_apktool_dataset_v2/apks/weak_hash_0017.apk,ea9aea0943396ae973a85d95017e6d29274ed95bfb46ca6a6cfd2a43dd10e1a6,FIX_WEAK_HASH,controlled_apktool_template,1.0,accepted,weak_hash,message_digest_sha1,Intentional weak hash API usage markers.,"[""MessageDigest.getInstance"", ""SHA-1""]",AndroidManifest.xml; smali/com/mobilesec/controlled/MainActivity.smali,1,built
controlled-00019,weak_hash_0018,com.mobilesec.controlled.weak_hash0018,/tmp/controlled_apktool_dataset_v2/projects/weak_hash_0018,/tmp/controlled_apktool_dataset_v2/apks/weak_hash_0018.apk,e375ea80c025cea3ad87f8532f69a4b32e08c0880d889303d1bbde1b9da0a5b8,FIX_WEAK_HASH,controlled_apktool_template,1.0,accepted,weak_hash,checksum_md5_password,Intentional weak hash API usage markers.,"[""DigestUtils.md5Hex"", ""MD5 password hash""]",AndroidManifest.xml; smali/com/mobilesec/controlled/MainActivity.smali,1,built
controlled-00020,weak_hash_0019,com.mobilesec.controlled.weak_hash0019,/tmp/controlled_apktool_dataset_v2/projects/weak_hash_0019,/tmp/controlled_apktool_dataset_v2/apks/weak_hash_0019.apk,0d85213a7ca2476d3e6e51442a4ab8a473fc33292f0d6b47e83ce63674bb3692,FIX_WEAK_HASH,controlled_apktool_template,1.0,accepted,weak_hash,sha1_certificate_pin,Intentional weak hash API usage markers.,"[""SHA-1 pin"", ""SHA1PRNG""]",AndroidManifest.xml; smali/com/mobilesec/controlled/MainActivity.smali,1,built
controlled-00021,weak_hash_0020,com.mobilesec.controlled.weak_hash0020,/tmp/controlled_apktool_dataset_v2/projects/weak_hash_0020,/tmp/controlled_apktool_dataset_v2/apks/weak_hash_0020.apk,41d09ed5730287d4df876f16b74770012ea166b171ee78d0998e159b0cfd5a62,FIX_WEAK_HASH,controlled_apktool_template,1.0,accepted,weak_hash,message_digest_md5,Intentional weak hash API usage markers.,"[""MessageDigest.getInstance"", ""MD5""]",AndroidManifest.xml; smali/com/mobilesec/controlled/MainActivity.smali,1,built
controlled-00022,weak_hash_0021,com.mobilesec.controlled.weak_hash0021,/tmp/controlled_apktool_dataset_v2/projects/weak_hash_0021,/tmp/controlled_apktool_dataset_v2/apks/weak_hash_0021.apk,2039607b2f563921e8bd7d246139bf2cbde34da3068bad13caf64163ffde1d02,FIX_WEAK_HASH,controlled_apktool_template,1.0,accepted,weak_hash,message_digest_sha1,Intentional weak hash API usage markers.,"[""MessageDigest.getInstance"", ""SHA-1""]",AndroidManifest.xml; smali/com/mobilesec/controlled/MainActivity.smali,1,built
controlled-00023,weak_hash_0022,com.mobilesec.controlled.weak_hash0022,/tmp/controlled_apktool_dataset_v2/projects/weak_hash_0022,/tmp/controlled_apktool_dataset_v2/apks/weak_hash_0022.apk,d858cb7bd02ef63c8661ad216593f305989657df759cad9907b7667295f4b5b9,FIX_WEAK_HASH,controlled_apktool_template,1.0,accepted,weak_hash,checksum_md5_password,Intentional weak hash API usage markers.,"[""DigestUtils.md5Hex"", ""MD5 password hash""]",AndroidManifest.xml; smali/com/mobilesec/controlled/MainActivity.smali,1,built
controlled-00024,weak_hash_0023,com.mobilesec.controlled.weak_hash0023,/tmp/controlled_apktool_dataset_v2/projects/weak_hash_0023,/tmp/controlled_apktool_dataset_v2/apks/weak_hash_0023.apk,79f8c26d803f5b8d1834543346a9504ae2274dbbf4c3db547a4f041c2e974eb3,FIX_WEAK_HASH,controlled_apktool_template,1.0,accepted,weak_hash,sha1_certificate_pin,Intentional weak hash API usage markers.,"[""SHA-1 pin"", ""SHA1PRNG""]",AndroidManifest.xml; smali/com/mobilesec/controlled/MainActivity.smali,1,built
controlled-00025,weak_hash_0024,com.mobilesec.controlled.weak_hash0024,/tmp/controlled_apktool_dataset_v2/projects/weak_hash_0024,/tmp/controlled_apktool_dataset_v2/apks/weak_hash_0024.apk,337f20af0f8fa67bbe8b4454c15af0d56662f4070f5af1508035834d74e45c24,FIX_WEAK_HASH,controlled_apktool_template,1.0,accepted,weak_hash,message_digest_md5,Intentional weak hash API usage markers.,"[""MessageDigest.getInstance"", ""MD5""]",AndroidManifest.xml; smali/com/mobilesec/controlled/MainActivity.smali,1,built
controlled-00026,weak_hash_0025,com.mobilesec.controlled.weak_hash0025,/tmp/controlled_apktool_dataset_v2/projects/weak_hash_0025,/tmp/controlled_apktool_dataset_v2/apks/weak_hash_0025.apk,3e17c82b556d0ce5a0cae5b3c2fc8e78712c6151b7f7cecded98a2b8f18c8fa2,FIX_WEAK_HASH,controlled_apktool_template,1.0,accepted,weak_hash,message_digest_sha1,Intentional weak hash API usage markers.,"[""MessageDigest.getInstance"", ""SHA-1""]",AndroidManifest.xml; smali/com/mobilesec/controlled/MainActivity.smali,1,built
controlled-00027,weak_hash_0026,com.mobilesec.controlled.weak_hash0026,/tmp/controlled_apktool_dataset_v2/projects/weak_hash_0026,/tmp/controlled_apktool_dataset_v2/apks/weak_hash_0026.apk,88325c2e4fd9f6e8c9008d60d81e5e0620117bb21304c2cfcb286ecc9f655ced,FIX_WEAK_HASH,controlled_apktool_template,1.0,accepted,weak_hash,checksum_md5_password,Intentional weak hash API usage markers.,"[""DigestUtils.md5Hex"", ""MD5 password hash""]",AndroidManifest.xml; smali/com/mobilesec/controlled/MainActivity.smali,1,built
controlled-00028,weak_hash_0027,com.mobilesec.controlled.weak_hash0027,/tmp/controlled_apktool_dataset_v2/projects/weak_hash_0027,/tmp/controlled_apktool_dataset_v2/apks/weak_hash_0027.apk,415c60a7675c89365c58208e8828baa3d95d070b3d9f36a152276607a584abe7,FIX_WEAK_HASH,controlled_apktool_template,1.0,accepted,weak_hash,sha1_certificate_pin,Intentional weak hash API usage markers.,"[""SHA-1 pin"", ""SHA1PRNG""]",AndroidManifest.xml; smali/com/mobilesec/controlled/MainActivity.smali,1,built
controlled-00029,weak_hash_0028,com.mobilesec.controlled.weak_hash0028,/tmp/controlled_apktool_dataset_v2/projects/weak_hash_0028,/tmp/controlled_apktool_dataset_v2/apks/weak_hash_0028.apk,ee4f0c667e682ea9bff49fa044ad2c523f302af4c08d566be83db77c9da60c19,FIX_WEAK_HASH,controlled_apktool_template,1.0,accepted,weak_hash,message_digest_md5,Intentional weak hash API usage markers.,"[""MessageDigest.getInstance"", ""MD5""]",AndroidManifest.xml; smali/com/mobilesec/controlled/MainActivity.smali,1,built
controlled-00030,weak_hash_0029,com.mobilesec.controlled.weak_hash0029,/tmp/controlled_apktool_dataset_v2/projects/weak_hash_0029,/tmp/controlled_apktool_dataset_v2/apks/weak_hash_0029.apk,89b50950864ab4b57345097c7b3949419fb61ef25466b433fe2ab8c82c4d83f9,FIX_WEAK_HASH,controlled_apktool_template,1.0,accepted,weak_hash,message_digest_sha1,Intentional weak hash API usage markers.,"[""MessageDigest.getInstance"", ""SHA-1""]",AndroidManifest.xml; smali/com/mobilesec/controlled/MainActivity.smali,1,built
controlled-00031,weak_hash_0030,com.mobilesec.controlled.weak_hash0030,/tmp/controlled_apktool_dataset_v2/projects/weak_hash_0030,/tmp/controlled_apktool_dataset_v2/apks/weak_hash_0030.apk,0ba4dcdd41880800eb2b3d8b9c9e813ca9eef55037452a14f61c82d8c0f2fc69,FIX_WEAK_HASH,controlled_apktool_template,1.0,accepted,weak_hash,checksum_md5_password,Intentional weak hash API usage markers.,"[""DigestUtils.md5Hex"", ""MD5 password hash""]",AndroidManifest.xml; smali/com/mobilesec/controlled/MainActivity.smali,1,built
controlled-00032,weak_hash_0031,com.mobilesec.controlled.weak_hash0031,/tmp/controlled_apktool_dataset_v2/projects/weak_hash_0031,/tmp/controlled_apktool_dataset_v2/apks/weak_hash_0031.apk,8674c0594326a14b532e7662bfee90c1ce4e60755761b46d54f8a9a0a706b48d,FIX_WEAK_HASH,controlled_apktool_template,1.0,accepted,weak_hash,sha1_certificate_pin,Intentional weak hash API usage markers.,"[""SHA-1 pin"", ""SHA1PRNG""]",AndroidManifest.xml; smali/com/mobilesec/controlled/MainActivity.smali,1,built
controlled-00033,weak_hash_0032,com.mobilesec.controlled.weak_hash0032,/tmp/controlled_apktool_dataset_v2/projects/weak_hash_0032,/tmp/controlled_apktool_dataset_v2/apks/weak_hash_0032.apk,3cb3488c93c9646ffd97045b19cdb17ce52386a1fe7ad9a83752a668ab03319d,FIX_WEAK_HASH,controlled_apktool_template,1.0,accepted,weak_hash,message_digest_md5,Intentional weak hash API usage markers.,"[""MessageDigest.getInstance"", ""MD5""]",AndroidManifest.xml; smali/com/mobilesec/controlled/MainActivity.smali,1,built
controlled-00034,weak_hash_0033,com.mobilesec.controlled.weak_hash0033,/tmp/controlled_apktool_dataset_v2/projects/weak_hash_0033,/tmp/controlled_apktool_dataset_v2/apks/weak_hash_0033.apk,09961828b8d4bb76a0eab4febabbacfda54564d85af4095799d2b036531bfb2e,FIX_WEAK_HASH,controlled_apktool_template,1.0,accepted,weak_hash,message_digest_sha1,Intentional weak hash API usage markers.,"[""MessageDigest.getInstance"", ""SHA-1""]",AndroidManifest.xml; smali/com/mobilesec/controlled/MainActivity.smali,1,built
controlled-00035,weak_hash_0034,com.mobilesec.controlled.weak_hash0034,/tmp/controlled_apktool_dataset_v2/projects/weak_hash_0034,/tmp/controlled_apktool_dataset_v2/apks/weak_hash_0034.apk,c52e2944c7414a2e75f279207d147c9eb8912ee2f34a2041068944741331a5ca,FIX_WEAK_HASH,controlled_apktool_template,1.0,accepted,weak_hash,checksum_md5_password,Intentional weak hash API usage markers.,"[""DigestUtils.md5Hex"", ""MD5 password hash""]",AndroidManifest.xml; smali/com/mobilesec/controlled/MainActivity.smali,1,built
controlled-00036,weak_hash_0035,com.mobilesec.controlled.weak_hash0035,/tmp/controlled_apktool_dataset_v2/projects/weak_hash_0035,/tmp/controlled_apktool_dataset_v2/apks/weak_hash_0035.apk,22c040b86ec3a494096172752091018d388659dbccc964b7b1d55f08034d1d6b,FIX_WEAK_HASH,controlled_apktool_template,1.0,accepted,weak_hash,sha1_certificate_pin,Intentional weak hash API usage markers.,"[""SHA-1 pin"", ""SHA1PRNG""]",AndroidManifest.xml; smali/com/mobilesec/controlled/MainActivity.smali,1,built
controlled-00037,weak_hash_0036,com.mobilesec.controlled.weak_hash0036,/tmp/controlled_apktool_dataset_v2/projects/weak_hash_0036,/tmp/controlled_apktool_dataset_v2/apks/weak_hash_0036.apk,4bd3013d3f156537337d5a68c993d7ceadcf2bebac90b7b654ffc982e252ecc8,FIX_WEAK_HASH,controlled_apktool_template,1.0,accepted,weak_hash,message_digest_md5,Intentional weak hash API usage markers.,"[""MessageDigest.getInstance"", ""MD5""]",AndroidManifest.xml; smali/com/mobilesec/controlled/MainActivity.smali,1,built
controlled-00038,weak_hash_0037,com.mobilesec.controlled.weak_hash0037,/tmp/controlled_apktool_dataset_v2/projects/weak_hash_0037,/tmp/controlled_apktool_dataset_v2/apks/weak_hash_0037.apk,79f26c66650a1feac17eaaa32b66a52a0536584586270da72f43ba2add1b8ea1,FIX_WEAK_HASH,controlled_apktool_template,1.0,accepted,weak_hash,message_digest_sha1,Intentional weak hash API usage markers.,"[""MessageDigest.getInstance"", ""SHA-1""]",AndroidManifest.xml; smali/com/mobilesec/controlled/MainActivity.smali,1,built
controlled-00039,weak_hash_0038,com.mobilesec.controlled.weak_hash0038,/tmp/controlled_apktool_dataset_v2/projects/weak_hash_0038,/tmp/controlled_apktool_dataset_v2/apks/weak_hash_0038.apk,35745fa3909811382bcfcf9c1db6f667f81e1d29ab1a30fcad3fbcfa59b070c9,FIX_WEAK_HASH,controlled_apktool_template,1.0,accepted,weak_hash,checksum_md5_password,Intentional weak hash API usage markers.,"[""DigestUtils.md5Hex"", ""MD5 password hash""]",AndroidManifest.xml; smali/com/mobilesec/controlled/MainActivity.smali,1,built
controlled-00040,weak_hash_0039,com.mobilesec.controlled.weak_hash0039,/tmp/controlled_apktool_dataset_v2/projects/weak_hash_0039,/tmp/controlled_apktool_dataset_v2/apks/weak_hash_0039.apk,c89d861ac6420bc7090ec2819af0217f985c37e590fc807e0528b9aa5eaf9797,FIX_WEAK_HASH,controlled_apktool_template,1.0,accepted,weak_hash,sha1_certificate_pin,Intentional weak hash API usage markers.,"[""SHA-1 pin"", ""SHA1PRNG""]",AndroidManifest.xml; smali/com/mobilesec/controlled/MainActivity.smali,1,built
controlled-00041,weak_cipher_0000,com.mobilesec.controlled.weak_cipher0000,/tmp/controlled_apktool_dataset_v2/projects/weak_cipher_0000,/tmp/controlled_apktool_dataset_v2/apks/weak_cipher_0000.apk,c9575b9728d16e24073f78db72209a9f93d16291ea5325a5e9ddc20a886bf5d7,FIX_WEAK_CIPHER,controlled_apktool_template,1.0,accepted,weak_cipher,aes_ecb_pkcs5,Intentional weak cipher transformation markers.,"[""Cipher.getInstance"", ""AES/ECB/PKCS5Padding""]",AndroidManifest.xml; smali/com/mobilesec/controlled/MainActivity.smali,1,built
controlled-00042,weak_cipher_0001,com.mobilesec.controlled.weak_cipher0001,/tmp/controlled_apktool_dataset_v2/projects/weak_cipher_0001,/tmp/controlled_apktool_dataset_v2/apks/weak_cipher_0001.apk,b86b6f437f041e613c7c927c4bb1743e080ab57bc9fcc71eb5717bd55baff224,FIX_WEAK_CIPHER,controlled_apktool_template,1.0,accepted,weak_cipher,aes_ecb_nopadding,Intentional weak cipher transformation markers.,"[""Cipher.getInstance"", ""AES/ECB/NoPadding""]",AndroidManifest.xml; smali/com/mobilesec/controlled/MainActivity.smali,1,built
controlled-00043,weak_cipher_0002,com.mobilesec.controlled.weak_cipher0002,/tmp/controlled_apktool_dataset_v2/projects/weak_cipher_0002,/tmp/controlled_apktool_dataset_v2/apks/weak_cipher_0002.apk,b1972592219cf9709af22ece441b979ba93128e9f252dd02db86c19e55952ec1,FIX_WEAK_CIPHER,controlled_apktool_template,1.0,accepted,weak_cipher,des_ecb,Intentional weak cipher transformation markers.,"[""Cipher.getInstance"", ""DES/ECB/PKCS5Padding""]",AndroidManifest.xml; smali/com/mobilesec/controlled/MainActivity.smali,1,built
controlled-00044,weak_cipher_0003,com.mobilesec.controlled.weak_cipher0003,/tmp/controlled_apktool_dataset_v2/projects/weak_cipher_0003,/tmp/controlled_apktool_dataset_v2/apks/weak_cipher_0003.apk,85ab8e6a5207f063de3984e908e532fde842d49b748c15b82f431806f9b7c5b1,FIX_WEAK_CIPHER,controlled_apktool_template,1.0,accepted,weak_cipher,rc4_stream_cipher,Intentional weak cipher transformation markers.,"[""Cipher.getInstance"", ""ARC4/RC4""]",AndroidManifest.xml; smali/com/mobilesec/controlled/MainActivity.smali,1,built
controlled-00045,weak_cipher_0004,com.mobilesec.controlled.weak_cipher0004,/tmp/controlled_apktool_dataset_v2/projects/weak_cipher_0004,/tmp/controlled_apktool_dataset_v2/apks/weak_cipher_0004.apk,fe3cff324ad9fea046ee5b25caf411defe1753b37b4aa5005113df6418752bf1,FIX_WEAK_CIPHER,controlled_apktool_template,1.0,accepted,weak_cipher,aes_ecb_pkcs5,Intentional weak cipher transformation markers.,"[""Cipher.getInstance"", ""AES/ECB/PKCS5Padding""]",AndroidManifest.xml; smali/com/mobilesec/controlled/MainActivity.smali,1,built
controlled-00046,weak_cipher_0005,com.mobilesec.controlled.weak_cipher0005,/tmp/controlled_apktool_dataset_v2/projects/weak_cipher_0005,/tmp/controlled_apktool_dataset_v2/apks/weak_cipher_0005.apk,40c13ced486ffaa56a3799ffce2304a866860908bd8221d3108f5577de26af4e,FIX_WEAK_CIPHER,controlled_apktool_template,1.0,accepted,weak_cipher,aes_ecb_nopadding,Intentional weak cipher transformation markers.,"[""Cipher.getInstance"", ""AES/ECB/NoPadding""]",AndroidManifest.xml; smali/com/mobilesec/controlled/MainActivity.smali,1,built
controlled-00047,weak_cipher_0006,com.mobilesec.controlled.weak_cipher0006,/tmp/controlled_apktool_dataset_v2/projects/weak_cipher_0006,/tmp/controlled_apktool_dataset_v2/apks/weak_cipher_0006.apk,7920c3ce9bd1f51ead156780d09efee4993322dde9132a73f17ae4bcdc1244ee,FIX_WEAK_CIPHER,controlled_apktool_template,1.0,accepted,weak_cipher,des_ecb,Intentional weak cipher transformation markers.,"[""Cipher.getInstance"", ""DES/ECB/PKCS5Padding""]",AndroidManifest.xml; smali/com/mobilesec/controlled/MainActivity.smali,1,built
controlled-00048,weak_cipher_0007,com.mobilesec.controlled.weak_cipher0007,/tmp/controlled_apktool_dataset_v2/projects/weak_cipher_0007,/tmp/controlled_apktool_dataset_v2/apks/weak_cipher_0007.apk,9dc2254071da680a8b26ac8b1fb6d3bba0c06c5997192cb48aa163061f8831d0,FIX_WEAK_CIPHER,controlled_apktool_template,1.0,accepted,weak_cipher,rc4_stream_cipher,Intentional weak cipher transformation markers.,"[""Cipher.getInstance"", ""ARC4/RC4""]",AndroidManifest.xml; smali/com/mobilesec/controlled/MainActivity.smali,1,built
controlled-00049,weak_cipher_0008,com.mobilesec.controlled.weak_cipher0008,/tmp/controlled_apktool_dataset_v2/projects/weak_cipher_0008,/tmp/controlled_apktool_dataset_v2/apks/weak_cipher_0008.apk,1a27b6df603f8c2a2d4bf7c0b4096022f4e9caf84d5b79a706b1f443d138b14e,FIX_WEAK_CIPHER,controlled_apktool_template,1.0,accepted,weak_cipher,aes_ecb_pkcs5,Intentional weak cipher transformation markers.,"[""Cipher.getInstance"", ""AES/ECB/PKCS5Padding""]",AndroidManifest.xml; smali/com/mobilesec/controlled/MainActivity.smali,1,built
controlled-00050,weak_cipher_0009,com.mobilesec.controlled.weak_cipher0009,/tmp/controlled_apktool_dataset_v2/projects/weak_cipher_0009,/tmp/controlled_apktool_dataset_v2/apks/weak_cipher_0009.apk,daa6e0af3dbc9666a3898ffb83e4f46d17eb4734a97ac0924ceb1fde3bac60a6,FIX_WEAK_CIPHER,controlled_apktool_template,1.0,accepted,weak_cipher,aes_ecb_nopadding,Intentional weak cipher transformation markers.,"[""Cipher.getInstance"", ""AES/ECB/NoPadding""]",AndroidManifest.xml; smali/com/mobilesec/controlled/MainActivity.smali,1,built
controlled-00051,weak_cipher_0010,com.mobilesec.controlled.weak_cipher0010,/tmp/controlled_apktool_dataset_v2/projects/weak_cipher_0010,/tmp/controlled_apktool_dataset_v2/apks/weak_cipher_0010.apk,1e9063ceb4e6d10dda11f47d8b628a6b94b38446c5b1aaac44cdb0e935ee776b,FIX_WEAK_CIPHER,controlled_apktool_template,1.0,accepted,weak_cipher,des_ecb,Intentional weak cipher transformation markers.,"[""Cipher.getInstance"", ""DES/ECB/PKCS5Padding""]",AndroidManifest.xml; smali/com/mobilesec/controlled/MainActivity.smali,1,built
controlled-00052,weak_cipher_0011,com.mobilesec.controlled.weak_cipher0011,/tmp/controlled_apktool_dataset_v2/projects/weak_cipher_0011,/tmp/controlled_apktool_dataset_v2/apks/weak_cipher_0011.apk,d0be0b08796a71f703ba7ef5f76aa268ce039c23374ac8946ff4e3e5c5d558f6,FIX_WEAK_CIPHER,controlled_apktool_template,1.0,accepted,weak_cipher,rc4_stream_cipher,Intentional weak cipher transformation markers.,"[""Cipher.getInstance"", ""ARC4/RC4""]",AndroidManifest.xml; smali/com/mobilesec/controlled/MainActivity.smali,1,built
controlled-00053,weak_cipher_0012,com.mobilesec.controlled.weak_cipher0012,/tmp/controlled_apktool_dataset_v2/projects/weak_cipher_0012,/tmp/controlled_apktool_dataset_v2/apks/weak_cipher_0012.apk,a9f52f22227119960600a8305705d63924e9ae4352b63405173f103002372898,FIX_WEAK_CIPHER,controlled_apktool_template,1.0,accepted,weak_cipher,aes_ecb_pkcs5,Intentional weak cipher transformation markers.,"[""Cipher.getInstance"", ""AES/ECB/PKCS5Padding""]",AndroidManifest.xml; smali/com/mobilesec/controlled/MainActivity.smali,1,built
controlled-00054,weak_cipher_0013,com.mobilesec.controlled.weak_cipher0013,/tmp/controlled_apktool_dataset_v2/projects/weak_cipher_0013,/tmp/controlled_apktool_dataset_v2/apks/weak_cipher_0013.apk,02313e384c03324ffb59eb09ebfd14dcdc9640d0e552e6ab36079241b3c4f94a,FIX_WEAK_CIPHER,controlled_apktool_template,1.0,accepted,weak_cipher,aes_ecb_nopadding,Intentional weak cipher transformation markers.,"[""Cipher.getInstance"", ""AES/ECB/NoPadding""]",AndroidManifest.xml; smali/com/mobilesec/controlled/MainActivity.smali,1,built
controlled-00055,weak_cipher_0014,com.mobilesec.controlled.weak_cipher0014,/tmp/controlled_apktool_dataset_v2/projects/weak_cipher_0014,/tmp/controlled_apktool_dataset_v2/apks/weak_cipher_0014.apk,52f8390fb18f5bdcb0a3fd1a010943be0a6d424c8437f04c836cc650c363085b,FIX_WEAK_CIPHER,controlled_apktool_template,1.0,accepted,weak_cipher,des_ecb,Intentional weak cipher transformation markers.,"[""Cipher.getInstance"", ""DES/ECB/PKCS5Padding""]",AndroidManifest.xml; smali/com/mobilesec/controlled/MainActivity.smali,1,built
controlled-00056,weak_cipher_0015,com.mobilesec.controlled.weak_cipher0015,/tmp/controlled_apktool_dataset_v2/projects/weak_cipher_0015,/tmp/controlled_apktool_dataset_v2/apks/weak_cipher_0015.apk,efb1319b98bbf26e224cf62c68f51b1e0c33fd8032cf60a60205bc5b000cc62f,FIX_WEAK_CIPHER,controlled_apktool_template,1.0,accepted,weak_cipher,rc4_stream_cipher,Intentional weak cipher transformation markers.,"[""Cipher.getInstance"", ""ARC4/RC4""]",AndroidManifest.xml; smali/com/mobilesec/controlled/MainActivity.smali,1,built
controlled-00057,weak_cipher_0016,com.mobilesec.controlled.weak_cipher0016,/tmp/controlled_apktool_dataset_v2/projects/weak_cipher_0016,/tmp/controlled_apktool_dataset_v2/apks/weak_cipher_0016.apk,d3b408ce6c1c7ee64439cd403b91436cbcb1c1bb20418abd946e7518d084de22,FIX_WEAK_CIPHER,controlled_apktool_template,1.0,accepted,weak_cipher,aes_ecb_pkcs5,Intentional weak cipher transformation markers.,"[""Cipher.getInstance"", ""AES/ECB/PKCS5Padding""]",AndroidManifest.xml; smali/com/mobilesec/controlled/MainActivity.smali,1,built
controlled-00058,weak_cipher_0017,com.mobilesec.controlled.weak_cipher0017,/tmp/controlled_apktool_dataset_v2/projects/weak_cipher_0017,/tmp/controlled_apktool_dataset_v2/apks/weak_cipher_0017.apk,2a5dbb19d390c8c6088dd87b6c1d513fde3abf174899bdf760fbaaa43d97dec8,FIX_WEAK_CIPHER,controlled_apktool_template,1.0,accepted,weak_cipher,aes_ecb_nopadding,Intentional weak cipher transformation markers.,"[""Cipher.getInstance"", ""AES/ECB/NoPadding""]",AndroidManifest.xml; smali/com/mobilesec/controlled/MainActivity.smali,1,built
controlled-00059,weak_cipher_0018,com.mobilesec.controlled.weak_cipher0018,/tmp/controlled_apktool_dataset_v2/projects/weak_cipher_0018,/tmp/controlled_apktool_dataset_v2/apks/weak_cipher_0018.apk,e51ba1e836bca106bc448ce39e4b2f2be0b9d8397717d3908560a03be97ef560,FIX_WEAK_CIPHER,controlled_apktool_template,1.0,accepted,weak_cipher,des_ecb,Intentional weak cipher transformation markers.,"[""Cipher.getInstance"", ""DES/ECB/PKCS5Padding""]",AndroidManifest.xml; smali/com/mobilesec/controlled/MainActivity.smali,1,built
controlled-00060,weak_cipher_0019,com.mobilesec.controlled.weak_cipher0019,/tmp/controlled_apktool_dataset_v2/projects/weak_cipher_0019,/tmp/controlled_apktool_dataset_v2/apks/weak_cipher_0019.apk,3da5ad128231a706e9c148d4e866c5fccfe312ac228c86b6b5e823d91804fde1,FIX_WEAK_CIPHER,controlled_apktool_template,1.0,accepted,weak_cipher,rc4_stream_cipher,Intentional weak cipher transformation markers.,"[""Cipher.getInstance"", ""ARC4/RC4""]",AndroidManifest.xml; smali/com/mobilesec/controlled/MainActivity.smali,1,built
controlled-00061,weak_cipher_0020,com.mobilesec.controlled.weak_cipher0020,/tmp/controlled_apktool_dataset_v2/projects/weak_cipher_0020,/tmp/controlled_apktool_dataset_v2/apks/weak_cipher_0020.apk,95384bebdecbb4261a5b4880f95dde0b752d4b2dc89e30ebac75c543b9dece7b,FIX_WEAK_CIPHER,controlled_apktool_template,1.0,accepted,weak_cipher,aes_ecb_pkcs5,Intentional weak cipher transformation markers.,"[""Cipher.getInstance"", ""AES/ECB/PKCS5Padding""]",AndroidManifest.xml; smali/com/mobilesec/controlled/MainActivity.smali,1,built
controlled-00062,weak_cipher_0021,com.mobilesec.controlled.weak_cipher0021,/tmp/controlled_apktool_dataset_v2/projects/weak_cipher_0021,/tmp/controlled_apktool_dataset_v2/apks/weak_cipher_0021.apk,bc0323fee6723e24e1a7a01420016dffdb5e9d978b0b8ffd04eaa96307c89c65,FIX_WEAK_CIPHER,controlled_apktool_template,1.0,accepted,weak_cipher,aes_ecb_nopadding,Intentional weak cipher transformation markers.,"[""Cipher.getInstance"", ""AES/ECB/NoPadding""]",AndroidManifest.xml; smali/com/mobilesec/controlled/MainActivity.smali,1,built
controlled-00063,weak_cipher_0022,com.mobilesec.controlled.weak_cipher0022,/tmp/controlled_apktool_dataset_v2/projects/weak_cipher_0022,/tmp/controlled_apktool_dataset_v2/apks/weak_cipher_0022.apk,f3306c41becdf1179053ef94a23cba4a4ba00a74940459618d97a6e16a8a907c,FIX_WEAK_CIPHER,controlled_apktool_template,1.0,accepted,weak_cipher,des_ecb,Intentional weak cipher transformation markers.,"[""Cipher.getInstance"", ""DES/ECB/PKCS5Padding""]",AndroidManifest.xml; smali/com/mobilesec/controlled/MainActivity.smali,1,built
controlled-00064,weak_cipher_0023,com.mobilesec.controlled.weak_cipher0023,/tmp/controlled_apktool_dataset_v2/projects/weak_cipher_0023,/tmp/controlled_apktool_dataset_v2/apks/weak_cipher_0023.apk,d2f6f385565ad9052e4d0465e466eab24ede75c8a0d360a3d344e29b100fd79d,FIX_WEAK_CIPHER,controlled_apktool_template,1.0,accepted,weak_cipher,rc4_stream_cipher,Intentional weak cipher transformation markers.,"[""Cipher.getInstance"", ""ARC4/RC4""]",AndroidManifest.xml; smali/com/mobilesec/controlled/MainActivity.smali,1,built
controlled-00065,weak_cipher_0024,com.mobilesec.controlled.weak_cipher0024,/tmp/controlled_apktool_dataset_v2/projects/weak_cipher_0024,/tmp/controlled_apktool_dataset_v2/apks/weak_cipher_0024.apk,889ebc9d3cc2674b85ce3491983d7a143a2529b08e381e1238937c8e98e350d9,FIX_WEAK_CIPHER,controlled_apktool_template,1.0,accepted,weak_cipher,aes_ecb_pkcs5,Intentional weak cipher transformation markers.,"[""Cipher.getInstance"", ""AES/ECB/PKCS5Padding""]",AndroidManifest.xml; smali/com/mobilesec/controlled/MainActivity.smali,1,built
controlled-00066,weak_cipher_0025,com.mobilesec.controlled.weak_cipher0025,/tmp/controlled_apktool_dataset_v2/projects/weak_cipher_0025,/tmp/controlled_apktool_dataset_v2/apks/weak_cipher_0025.apk,6eef19ab99f8d92d215bae3bf1bce4727cc3a2a01e47c2bea95051ff953bf440,FIX_WEAK_CIPHER,controlled_apktool_template,1.0,accepted,weak_cipher,aes_ecb_nopadding,Intentional weak cipher transformation markers.,"[""Cipher.getInstance"", ""AES/ECB/NoPadding""]",AndroidManifest.xml; smali/com/mobilesec/controlled/MainActivity.smali,1,built
controlled-00067,weak_cipher_0026,com.mobilesec.controlled.weak_cipher0026,/tmp/controlled_apktool_dataset_v2/projects/weak_cipher_0026,/tmp/controlled_apktool_dataset_v2/apks/weak_cipher_0026.apk,2a40d06470553633b61634ac24f130b9aa8bc0529c9b886bac23ec5ce9715eb3,FIX_WEAK_CIPHER,controlled_apktool_template,1.0,accepted,weak_cipher,des_ecb,Intentional weak cipher transformation markers.,"[""Cipher.getInstance"", ""DES/ECB/PKCS5Padding""]",AndroidManifest.xml; smali/com/mobilesec/controlled/MainActivity.smali,1,built
controlled-00068,weak_cipher_0027,com.mobilesec.controlled.weak_cipher0027,/tmp/controlled_apktool_dataset_v2/projects/weak_cipher_0027,/tmp/controlled_apktool_dataset_v2/apks/weak_cipher_0027.apk,c6abafa39eb543dd018f949667d1d5af2d557918661dfcf270c0e194b1262210,FIX_WEAK_CIPHER,controlled_apktool_template,1.0,accepted,weak_cipher,rc4_stream_cipher,Intentional weak cipher transformation markers.,"[""Cipher.getInstance"", ""ARC4/RC4""]",AndroidManifest.xml; smali/com/mobilesec/controlled/MainActivity.smali,1,built
controlled-00069,weak_cipher_0028,com.mobilesec.controlled.weak_cipher0028,/tmp/controlled_apktool_dataset_v2/projects/weak_cipher_0028,/tmp/controlled_apktool_dataset_v2/apks/weak_cipher_0028.apk,b7b346d8eadfbf8e1543cd89c0473e4fbf553cf5f21d91ddd7e20b51cc13adf7,FIX_WEAK_CIPHER,controlled_apktool_template,1.0,accepted,weak_cipher,aes_ecb_pkcs5,Intentional weak cipher transformation markers.,"[""Cipher.getInstance"", ""AES/ECB/PKCS5Padding""]",AndroidManifest.xml; smali/com/mobilesec/controlled/MainActivity.smali,1,built
controlled-00070,weak_cipher_0029,com.mobilesec.controlled.weak_cipher0029,/tmp/controlled_apktool_dataset_v2/projects/weak_cipher_0029,/tmp/controlled_apktool_dataset_v2/apks/weak_cipher_0029.apk,340fbba73292debaab668e262119e8a514fbefd445e1061434fad7652b10af2b,FIX_WEAK_CIPHER,controlled_apktool_template,1.0,accepted,weak_cipher,aes_ecb_nopadding,Intentional weak cipher transformation markers.,"[""Cipher.getInstance"", ""AES/ECB/NoPadding""]",AndroidManifest.xml; smali/com/mobilesec/controlled/MainActivity.smali,1,built
controlled-00071,weak_cipher_0030,com.mobilesec.controlled.weak_cipher0030,/tmp/controlled_apktool_dataset_v2/projects/weak_cipher_0030,/tmp/controlled_apktool_dataset_v2/apks/weak_cipher_0030.apk,e043cf8dcc3b2549e1cb018fdfafb3fe8241f1d1caa25544be6f54eb41e0eb06,FIX_WEAK_CIPHER,controlled_apktool_template,1.0,accepted,weak_cipher,des_ecb,Intentional weak cipher transformation markers.,"[""Cipher.getInstance"", ""DES/ECB/PKCS5Padding""]",AndroidManifest.xml; smali/com/mobilesec/controlled/MainActivity.smali,1,built
controlled-00072,weak_cipher_0031,com.mobilesec.controlled.weak_cipher0031,/tmp/controlled_apktool_dataset_v2/projects/weak_cipher_0031,/tmp/controlled_apktool_dataset_v2/apks/weak_cipher_0031.apk,06cd55a74e34c7c4d768cae7f1b12bca0bff5c4ecea8add4f5b764bfe812c97c,FIX_WEAK_CIPHER,controlled_apktool_template,1.0,accepted,weak_cipher,rc4_stream_cipher,Intentional weak cipher transformation markers.,"[""Cipher.getInstance"", ""ARC4/RC4""]",AndroidManifest.xml; smali/com/mobilesec/controlled/MainActivity.smali,1,built
controlled-00073,weak_cipher_0032,com.mobilesec.controlled.weak_cipher0032,/tmp/controlled_apktool_dataset_v2/projects/weak_cipher_0032,/tmp/controlled_apktool_dataset_v2/apks/weak_cipher_0032.apk,65e78ff6f5e78436c247182ebc76d7262e4d8946de4811eaa45a7ff8440a0be6,FIX_WEAK_CIPHER,controlled_apktool_template,1.0,accepted,weak_cipher,aes_ecb_pkcs5,Intentional weak cipher transformation markers.,"[""Cipher.getInstance"", ""AES/ECB/PKCS5Padding""]",AndroidManifest.xml; smali/com/mobilesec/controlled/MainActivity.smali,1,built
controlled-00074,weak_cipher_0033,com.mobilesec.controlled.weak_cipher0033,/tmp/controlled_apktool_dataset_v2/projects/weak_cipher_0033,/tmp/controlled_apktool_dataset_v2/apks/weak_cipher_0033.apk,52095d2c7eb74da9708f110475bac11c9e09d154f63749cc67bb73c7843859a6,FIX_WEAK_CIPHER,controlled_apktool_template,1.0,accepted,weak_cipher,aes_ecb_nopadding,Intentional weak cipher transformation markers.,"[""Cipher.getInstance"", ""AES/ECB/NoPadding""]",AndroidManifest.xml; smali/com/mobilesec/controlled/MainActivity.smali,1,built
controlled-00075,weak_cipher_0034,com.mobilesec.controlled.weak_cipher0034,/tmp/controlled_apktool_dataset_v2/projects/weak_cipher_0034,/tmp/controlled_apktool_dataset_v2/apks/weak_cipher_0034.apk,e68318d8a87692bafe4d825a4bb3375665a692d4447edd6f799b0b229b85241b,FIX_WEAK_CIPHER,controlled_apktool_template,1.0,accepted,weak_cipher,des_ecb,Intentional weak cipher transformation markers.,"[""Cipher.getInstance"", ""DES/ECB/PKCS5Padding""]",AndroidManifest.xml; smali/com/mobilesec/controlled/MainActivity.smali,1,built
controlled-00076,weak_cipher_0035,com.mobilesec.controlled.weak_cipher0035,/tmp/controlled_apktool_dataset_v2/projects/weak_cipher_0035,/tmp/controlled_apktool_dataset_v2/apks/weak_cipher_0035.apk,ad09709a00b7f1e1db87879aa90c157b430de796c0a4949ed03cebea1e699e05,FIX_WEAK_CIPHER,controlled_apktool_template,1.0,accepted,weak_cipher,rc4_stream_cipher,Intentional weak cipher transformation markers.,"[""Cipher.getInstance"", ""ARC4/RC4""]",AndroidManifest.xml; smali/com/mobilesec/controlled/MainActivity.smali,1,built
controlled-00077,weak_cipher_0036,com.mobilesec.controlled.weak_cipher0036,/tmp/controlled_apktool_dataset_v2/projects/weak_cipher_0036,/tmp/controlled_apktool_dataset_v2/apks/weak_cipher_0036.apk,4b0ff073df50f9959995bc4ac090cbe993240e3faddef1bafd53f760d14e2ac4,FIX_WEAK_CIPHER,controlled_apktool_template,1.0,accepted,weak_cipher,aes_ecb_pkcs5,Intentional weak cipher transformation markers.,"[""Cipher.getInstance"", ""AES/ECB/PKCS5Padding""]",AndroidManifest.xml; smali/com/mobilesec/controlled/MainActivity.smali,1,built
controlled-00078,weak_cipher_0037,com.mobilesec.controlled.weak_cipher0037,/tmp/controlled_apktool_dataset_v2/projects/weak_cipher_0037,/tmp/controlled_apktool_dataset_v2/apks/weak_cipher_0037.apk,39256a50c439280ec2728ec79eb028fdb7b36bc8f8687b4f1416a7d85cb33856,FIX_WEAK_CIPHER,controlled_apktool_template,1.0,accepted,weak_cipher,aes_ecb_nopadding,Intentional weak cipher transformation markers.,"[""Cipher.getInstance"", ""AES/ECB/NoPadding""]",AndroidManifest.xml; smali/com/mobilesec/controlled/MainActivity.smali,1,built
controlled-00079,weak_cipher_0038,com.mobilesec.controlled.weak_cipher0038,/tmp/controlled_apktool_dataset_v2/projects/weak_cipher_0038,/tmp/controlled_apktool_dataset_v2/apks/weak_cipher_0038.apk,f9a1cd6673a24ceb44fb674033ae4b9637233aa095c82da2c35a929ea413253b,FIX_WEAK_CIPHER,controlled_apktool_template,1.0,accepted,weak_cipher,des_ecb,Intentional weak cipher transformation markers.,"[""Cipher.getInstance"", ""DES/ECB/PKCS5Padding""]",AndroidManifest.xml; smali/com/mobilesec/controlled/MainActivity.smali,1,built
controlled-00080,weak_cipher_0039,com.mobilesec.controlled.weak_cipher0039,/tmp/controlled_apktool_dataset_v2/projects/weak_cipher_0039,/tmp/controlled_apktool_dataset_v2/apks/weak_cipher_0039.apk,c485e484df3488207ddeb1944cd5187f9ef00ace110a4ca8e9319a6dca9240fb,FIX_WEAK_CIPHER,controlled_apktool_template,1.0,accepted,weak_cipher,rc4_stream_cipher,Intentional weak cipher transformation markers.,"[""Cipher.getInstance"", ""ARC4/RC4""]",AndroidManifest.xml; smali/com/mobilesec/controlled/MainActivity.smali,1,built
controlled-00081,insecure_random_0000,com.mobilesec.controlled.insecure_random0000,/tmp/controlled_apktool_dataset_v2/projects/insecure_random_0000,/tmp/controlled_apktool_dataset_v2/apks/insecure_random_0000.apk,dbb30862d34348ea90eb360162e8c8c78b0746b54cdfab85b497d1b8033a4e2b,FIX_INSECURE_RANDOM,controlled_apktool_template,1.0,accepted,insecure_random,java_util_random_default,Intentional predictable random generation markers.,"[""java.util.Random"", ""Random()""]",AndroidManifest.xml; smali/com/mobilesec/controlled/MainActivity.smali,1,built
controlled-00082,insecure_random_0001,com.mobilesec.controlled.insecure_random0001,/tmp/controlled_apktool_dataset_v2/projects/insecure_random_0001,/tmp/controlled_apktool_dataset_v2/apks/insecure_random_0001.apk,cffe84ef86d067b12976361657e2e58fe14e643dc8a941a4a9f0f03337ed3847,FIX_INSECURE_RANDOM,controlled_apktool_template,1.0,accepted,insecure_random,java_util_random_seeded,Intentional predictable random generation markers.,"[""java.util.Random(seed)"", ""predictable nonce""]",AndroidManifest.xml; smali/com/mobilesec/controlled/MainActivity.smali,1,built
controlled-00083,insecure_random_0002,com.mobilesec.controlled.insecure_random0002,/tmp/controlled_apktool_dataset_v2/projects/insecure_random_0002,/tmp/controlled_apktool_dataset_v2/apks/insecure_random_0002.apk,06f67bcebafadc940d0b336e0d5da975e64fb0e0a22ce77af709139f7f3855ef,FIX_INSECURE_RANDOM,controlled_apktool_template,1.0,accepted,insecure_random,math_random_token,Intentional predictable random generation markers.,"[""Math.random"", ""session token""]",AndroidManifest.xml; smali/com/mobilesec/controlled/MainActivity.smali,1,built
controlled-00084,insecure_random_0003,com.mobilesec.controlled.insecure_random0003,/tmp/controlled_apktool_dataset_v2/projects/insecure_random_0003,/tmp/controlled_apktool_dataset_v2/apks/insecure_random_0003.apk,871a76368194deb2752f1a83e66fe0d34262cb4c8417f2bb6be99d881aee6b20,FIX_INSECURE_RANDOM,controlled_apktool_template,1.0,accepted,insecure_random,sha1prng_seeded,Intentional predictable random generation markers.,"[""SHA1PRNG"", ""setSeed fixed value""]",AndroidManifest.xml; smali/com/mobilesec/controlled/MainActivity.smali,1,built
controlled-00085,insecure_random_0004,com.mobilesec.controlled.insecure_random0004,/tmp/controlled_apktool_dataset_v2/projects/insecure_random_0004,/tmp/controlled_apktool_dataset_v2/apks/insecure_random_0004.apk,989aa208c294322b38e82ecfb9f0aa885ed040a3e02df8f25a5efb365eabdac1,FIX_INSECURE_RANDOM,controlled_apktool_template,1.0,accepted,insecure_random,java_util_random_default,Intentional predictable random generation markers.,"[""java.util.Random"", ""Random()""]",AndroidManifest.xml; smali/com/mobilesec/controlled/MainActivity.smali,1,built
controlled-00086,insecure_random_0005,com.mobilesec.controlled.insecure_random0005,/tmp/controlled_apktool_dataset_v2/projects/insecure_random_0005,/tmp/controlled_apktool_dataset_v2/apks/insecure_random_0005.apk,7e5e489592522e85e38e86ca7c3e9a62f380e82718e47520400c430338de3279,FIX_INSECURE_RANDOM,controlled_apktool_template,1.0,accepted,insecure_random,java_util_random_seeded,Intentional predictable random generation markers.,"[""java.util.Random(seed)"", ""predictable nonce""]",AndroidManifest.xml; smali/com/mobilesec/controlled/MainActivity.smali,1,built
controlled-00087,insecure_random_0006,com.mobilesec.controlled.insecure_random0006,/tmp/controlled_apktool_dataset_v2/projects/insecure_random_0006,/tmp/controlled_apktool_dataset_v2/apks/insecure_random_0006.apk,7dc18ac756c357c745581194ae93d1adfa1da0c56c11707539e34adbb3c4d844,FIX_INSECURE_RANDOM,controlled_apktool_template,1.0,accepted,insecure_random,math_random_token,Intentional predictable random generation markers.,"[""Math.random"", ""session token""]",AndroidManifest.xml; smali/com/mobilesec/controlled/MainActivity.smali,1,built
controlled-00088,insecure_random_0007,com.mobilesec.controlled.insecure_random0007,/tmp/controlled_apktool_dataset_v2/projects/insecure_random_0007,/tmp/controlled_apktool_dataset_v2/apks/insecure_random_0007.apk,9d15b4a29fedd966b5f51eb61430f69747df9cb7e77916c38dfd2276a1cef266,FIX_INSECURE_RANDOM,controlled_apktool_template,1.0,accepted,insecure_random,sha1prng_seeded,Intentional predictable random generation markers.,"[""SHA1PRNG"", ""setSeed fixed value""]",AndroidManifest.xml; smali/com/mobilesec/controlled/MainActivity.smali,1,built
controlled-00089,insecure_random_0008,com.mobilesec.controlled.insecure_random0008,/tmp/controlled_apktool_dataset_v2/projects/insecure_random_0008,/tmp/controlled_apktool_dataset_v2/apks/insecure_random_0008.apk,54642cac288d769a0932d118968fc8dba84b5752a3d2c3118dac3201dd130abb,FIX_INSECURE_RANDOM,controlled_apktool_template,1.0,accepted,insecure_random,java_util_random_default,Intentional predictable random generation markers.,"[""java.util.Random"", ""Random()""]",AndroidManifest.xml; smali/com/mobilesec/controlled/MainActivity.smali,1,built
controlled-00090,insecure_random_0009,com.mobilesec.controlled.insecure_random0009,/tmp/controlled_apktool_dataset_v2/projects/insecure_random_0009,/tmp/controlled_apktool_dataset_v2/apks/insecure_random_0009.apk,ba163c717e3f2f60de93b4f58e9af2fff69eef47cbd6d532d938509a011f3de4,FIX_INSECURE_RANDOM,controlled_apktool_template,1.0,accepted,insecure_random,java_util_random_seeded,Intentional predictable random generation markers.,"[""java.util.Random(seed)"", ""predictable nonce""]",AndroidManifest.xml; smali/com/mobilesec/controlled/MainActivity.smali,1,built
controlled-00091,insecure_random_0010,com.mobilesec.controlled.insecure_random0010,/tmp/controlled_apktool_dataset_v2/projects/insecure_random_0010,/tmp/controlled_apktool_dataset_v2/apks/insecure_random_0010.apk,e10948ec97fe517160da0730c93b7dd17ed5283be22bbc6e2375566b8e99297f,FIX_INSECURE_RANDOM,controlled_apktool_template,1.0,accepted,insecure_random,math_random_token,Intentional predictable random generation markers.,"[""Math.random"", ""session token""]",AndroidManifest.xml; smali/com/mobilesec/controlled/MainActivity.smali,1,built
controlled-00092,insecure_random_0011,com.mobilesec.controlled.insecure_random0011,/tmp/controlled_apktool_dataset_v2/projects/insecure_random_0011,/tmp/controlled_apktool_dataset_v2/apks/insecure_random_0011.apk,9cac64dd9bdb8edcd57c47ca37ebaf17c28fcd3059a878289e295324da6eca24,FIX_INSECURE_RANDOM,controlled_apktool_template,1.0,accepted,insecure_random,sha1prng_seeded,Intentional predictable random generation markers.,"[""SHA1PRNG"", ""setSeed fixed value""]",AndroidManifest.xml; smali/com/mobilesec/controlled/MainActivity.smali,1,built
controlled-00093,insecure_random_0012,com.mobilesec.controlled.insecure_random0012,/tmp/controlled_apktool_dataset_v2/projects/insecure_random_0012,/tmp/controlled_apktool_dataset_v2/apks/insecure_random_0012.apk,67709c0a284fb6b5e29a51b78078f680271cb368899ec774ad2e7a8ae53a4675,FIX_INSECURE_RANDOM,controlled_apktool_template,1.0,accepted,insecure_random,java_util_random_default,Intentional predictable random generation markers.,"[""java.util.Random"", ""Random()""]",AndroidManifest.xml; smali/com/mobilesec/controlled/MainActivity.smali,1,built
controlled-00094,insecure_random_0013,com.mobilesec.controlled.insecure_random0013,/tmp/controlled_apktool_dataset_v2/projects/insecure_random_0013,/tmp/controlled_apktool_dataset_v2/apks/insecure_random_0013.apk,f1dc46c0d557b05ab73c01680ce0328ca3cf3891d3ba764a016f0ea9200acd4d,FIX_INSECURE_RANDOM,controlled_apktool_template,1.0,accepted,insecure_random,java_util_random_seeded,Intentional predictable random generation markers.,"[""java.util.Random(seed)"", ""predictable nonce""]",AndroidManifest.xml; smali/com/mobilesec/controlled/MainActivity.smali,1,built
controlled-00095,insecure_random_0014,com.mobilesec.controlled.insecure_random0014,/tmp/controlled_apktool_dataset_v2/projects/insecure_random_0014,/tmp/controlled_apktool_dataset_v2/apks/insecure_random_0014.apk,5a9a5c823aa681fba6747037b8a5852b065397c3c462cb8c6f6749b4eadb071b,FIX_INSECURE_RANDOM,controlled_apktool_template,1.0,accepted,insecure_random,math_random_token,Intentional predictable random generation markers.,"[""Math.random"", ""session token""]",AndroidManifest.xml; smali/com/mobilesec/controlled/MainActivity.smali,1,built
controlled-00096,insecure_random_0015,com.mobilesec.controlled.insecure_random0015,/tmp/controlled_apktool_dataset_v2/projects/insecure_random_0015,/tmp/controlled_apktool_dataset_v2/apks/insecure_random_0015.apk,90c90a7b72b023b8ce747e12101102f41daa02ec3049f313613673fa1ff74d91,FIX_INSECURE_RANDOM,controlled_apktool_template,1.0,accepted,insecure_random,sha1prng_seeded,Intentional predictable random generation markers.,"[""SHA1PRNG"", ""setSeed fixed value""]",AndroidManifest.xml; smali/com/mobilesec/controlled/MainActivity.smali,1,built
controlled-00097,insecure_random_0016,com.mobilesec.controlled.insecure_random0016,/tmp/controlled_apktool_dataset_v2/projects/insecure_random_0016,/tmp/controlled_apktool_dataset_v2/apks/insecure_random_0016.apk,5bd154730f3cb2f7e83d12cc08d3b37c0dd3324d935a2f469979035a94cbab0d,FIX_INSECURE_RANDOM,controlled_apktool_template,1.0,accepted,insecure_random,java_util_random_default,Intentional predictable random generation markers.,"[""java.util.Random"", ""Random()""]",AndroidManifest.xml; smali/com/mobilesec/controlled/MainActivity.smali,1,built
controlled-00098,insecure_random_0017,com.mobilesec.controlled.insecure_random0017,/tmp/controlled_apktool_dataset_v2/projects/insecure_random_0017,/tmp/controlled_apktool_dataset_v2/apks/insecure_random_0017.apk,0386b6f112581a6c6de796e3aa19a376c82c0833713de967de3377e8ef3770d9,FIX_INSECURE_RANDOM,controlled_apktool_template,1.0,accepted,insecure_random,java_util_random_seeded,Intentional predictable random generation markers.,"[""java.util.Random(seed)"", ""predictable nonce""]",AndroidManifest.xml; smali/com/mobilesec/controlled/MainActivity.smali,1,built
controlled-00099,insecure_random_0018,com.mobilesec.controlled.insecure_random0018,/tmp/controlled_apktool_dataset_v2/projects/insecure_random_0018,/tmp/controlled_apktool_dataset_v2/apks/insecure_random_0018.apk,d17ceb60975b68e6e63bd13358ca6b22b670b9878a8bc93488bf75467ed94897,FIX_INSECURE_RANDOM,controlled_apktool_template,1.0,accepted,insecure_random,math_random_token,Intentional predictable random generation markers.,"[""Math.random"", ""session token""]",AndroidManifest.xml; smali/com/mobilesec/controlled/MainActivity.smali,1,built
controlled-00100,insecure_random_0019,com.mobilesec.controlled.insecure_random0019,/tmp/controlled_apktool_dataset_v2/projects/insecure_random_0019,/tmp/controlled_apktool_dataset_v2/apks/insecure_random_0019.apk,142fceac89acc14a225aa7e16c67f0828fc21f4bbc7d71ab438d241b368da117,FIX_INSECURE_RANDOM,controlled_apktool_template,1.0,accepted,insecure_random,sha1prng_seeded,Intentional predictable random generation markers.,"[""SHA1PRNG"", ""setSeed fixed value""]",AndroidManifest.xml; smali/com/mobilesec/controlled/MainActivity.smali,1,built
controlled-00101,insecure_random_0020,com.mobilesec.controlled.insecure_random0020,/tmp/controlled_apktool_dataset_v2/projects/insecure_random_0020,/tmp/controlled_apktool_dataset_v2/apks/insecure_random_0020.apk,792e74b8d6ae8e87186c85c09295aacadc503ba59d081f8484e764cc443f8863,FIX_INSECURE_RANDOM,controlled_apktool_template,1.0,accepted,insecure_random,java_util_random_default,Intentional predictable random generation markers.,"[""java.util.Random"", ""Random()""]",AndroidManifest.xml; smali/com/mobilesec/controlled/MainActivity.smali,1,built
controlled-00102,insecure_random_0021,com.mobilesec.controlled.insecure_random0021,/tmp/controlled_apktool_dataset_v2/projects/insecure_random_0021,/tmp/controlled_apktool_dataset_v2/apks/insecure_random_0021.apk,07aca2cb3e5c1b3fe1d681ab05a66f3e1f89a4fab654b054f9eea571c27f2f93,FIX_INSECURE_RANDOM,controlled_apktool_template,1.0,accepted,insecure_random,java_util_random_seeded,Intentional predictable random generation markers.,"[""java.util.Random(seed)"", ""predictable nonce""]",AndroidManifest.xml; smali/com/mobilesec/controlled/MainActivity.smali,1,built
controlled-00103,insecure_random_0022,com.mobilesec.controlled.insecure_random0022,/tmp/controlled_apktool_dataset_v2/projects/insecure_random_0022,/tmp/controlled_apktool_dataset_v2/apks/insecure_random_0022.apk,de2374869d36ba9f347964c77680589dd441db7120e54c190898dcd98f565fdf,FIX_INSECURE_RANDOM,controlled_apktool_template,1.0,accepted,insecure_random,math_random_token,Intentional predictable random generation markers.,"[""Math.random"", ""session token""]",AndroidManifest.xml; smali/com/mobilesec/controlled/MainActivity.smali,1,built
controlled-00104,insecure_random_0023,com.mobilesec.controlled.insecure_random0023,/tmp/controlled_apktool_dataset_v2/projects/insecure_random_0023,/tmp/controlled_apktool_dataset_v2/apks/insecure_random_0023.apk,888db2604a2967dfe164e18adbe5e129b07a38816207f8aabddd49510e0005ba,FIX_INSECURE_RANDOM,controlled_apktool_template,1.0,accepted,insecure_random,sha1prng_seeded,Intentional predictable random generation markers.,"[""SHA1PRNG"", ""setSeed fixed value""]",AndroidManifest.xml; smali/com/mobilesec/controlled/MainActivity.smali,1,built
controlled-00105,insecure_random_0024,com.mobilesec.controlled.insecure_random0024,/tmp/controlled_apktool_dataset_v2/projects/insecure_random_0024,/tmp/controlled_apktool_dataset_v2/apks/insecure_random_0024.apk,e99a4c6dfca1146f440c387569a1025fe60d1f93d16d6d8e1cc32ae604441217,FIX_INSECURE_RANDOM,controlled_apktool_template,1.0,accepted,insecure_random,java_util_random_default,Intentional predictable random generation markers.,"[""java.util.Random"", ""Random()""]",AndroidManifest.xml; smali/com/mobilesec/controlled/MainActivity.smali,1,built
controlled-00106,insecure_random_0025,com.mobilesec.controlled.insecure_random0025,/tmp/controlled_apktool_dataset_v2/projects/insecure_random_0025,/tmp/controlled_apktool_dataset_v2/apks/insecure_random_0025.apk,6caccebec44db47f5254fab840e118057262cf18450f03e616d452a3a562333b,FIX_INSECURE_RANDOM,controlled_apktool_template,1.0,accepted,insecure_random,java_util_random_seeded,Intentional predictable random generation markers.,"[""java.util.Random(seed)"", ""predictable nonce""]",AndroidManifest.xml; smali/com/mobilesec/controlled/MainActivity.smali,1,built
controlled-00107,insecure_random_0026,com.mobilesec.controlled.insecure_random0026,/tmp/controlled_apktool_dataset_v2/projects/insecure_random_0026,/tmp/controlled_apktool_dataset_v2/apks/insecure_random_0026.apk,62a494e42a6af5b0a63a80dfdecf9df2967df20bd69b5d52ebaeabed064a9d5d,FIX_INSECURE_RANDOM,controlled_apktool_template,1.0,accepted,insecure_random,math_random_token,Intentional predictable random generation markers.,"[""Math.random"", ""session token""]",AndroidManifest.xml; smali/com/mobilesec/controlled/MainActivity.smali,1,built
controlled-00108,insecure_random_0027,com.mobilesec.controlled.insecure_random0027,/tmp/controlled_apktool_dataset_v2/projects/insecure_random_0027,/tmp/controlled_apktool_dataset_v2/apks/insecure_random_0027.apk,045686ce622ae2e8c78f2c716109489c9a0deaaa18fff99e4199a8d1bc7e5abb,FIX_INSECURE_RANDOM,controlled_apktool_template,1.0,accepted,insecure_random,sha1prng_seeded,Intentional predictable random generation markers.,"[""SHA1PRNG"", ""setSeed fixed value""]",AndroidManifest.xml; smali/com/mobilesec/controlled/MainActivity.smali,1,built
controlled-00109,insecure_random_0028,com.mobilesec.controlled.insecure_random0028,/tmp/controlled_apktool_dataset_v2/projects/insecure_random_0028,/tmp/controlled_apktool_dataset_v2/apks/insecure_random_0028.apk,ed2bd2282df5c1e5f8d85ed5c8d50cc3cde51d57154d7d5448e538e4c4737c38,FIX_INSECURE_RANDOM,controlled_apktool_template,1.0,accepted,insecure_random,java_util_random_default,Intentional predictable random generation markers.,"[""java.util.Random"", ""Random()""]",AndroidManifest.xml; smali/com/mobilesec/controlled/MainActivity.smali,1,built
controlled-00110,insecure_random_0029,com.mobilesec.controlled.insecure_random0029,/tmp/controlled_apktool_dataset_v2/projects/insecure_random_0029,/tmp/controlled_apktool_dataset_v2/apks/insecure_random_0029.apk,d161afc5e728c886a4a139e773e893a3c07a8c51722113c439e38eb587dce582,FIX_INSECURE_RANDOM,controlled_apktool_template,1.0,accepted,insecure_random,java_util_random_seeded,Intentional predictable random generation markers.,"[""java.util.Random(seed)"", ""predictable nonce""]",AndroidManifest.xml; smali/com/mobilesec/controlled/MainActivity.smali,1,built
controlled-00111,insecure_random_0030,com.mobilesec.controlled.insecure_random0030,/tmp/controlled_apktool_dataset_v2/projects/insecure_random_0030,/tmp/controlled_apktool_dataset_v2/apks/insecure_random_0030.apk,3b232a507f2fdb1da395f16321647abfe4fcbb5fd90c8b504a0577bf87c3a065,FIX_INSECURE_RANDOM,controlled_apktool_template,1.0,accepted,insecure_random,math_random_token,Intentional predictable random generation markers.,"[""Math.random"", ""session token""]",AndroidManifest.xml; smali/com/mobilesec/controlled/MainActivity.smali,1,built
controlled-00112,insecure_random_0031,com.mobilesec.controlled.insecure_random0031,/tmp/controlled_apktool_dataset_v2/projects/insecure_random_0031,/tmp/controlled_apktool_dataset_v2/apks/insecure_random_0031.apk,2a08a174c7be17b79ee91aec3f86c7ddcc4e1f4296b9ae2a9b86b562a3b6c09f,FIX_INSECURE_RANDOM,controlled_apktool_template,1.0,accepted,insecure_random,sha1prng_seeded,Intentional predictable random generation markers.,"[""SHA1PRNG"", ""setSeed fixed value""]",AndroidManifest.xml; smali/com/mobilesec/controlled/MainActivity.smali,1,built
controlled-00113,insecure_random_0032,com.mobilesec.controlled.insecure_random0032,/tmp/controlled_apktool_dataset_v2/projects/insecure_random_0032,/tmp/controlled_apktool_dataset_v2/apks/insecure_random_0032.apk,1b9abece841ed3a252990178f39a24471e8b07e716c1cd2ca4ab02346ec08c61,FIX_INSECURE_RANDOM,controlled_apktool_template,1.0,accepted,insecure_random,java_util_random_default,Intentional predictable random generation markers.,"[""java.util.Random"", ""Random()""]",AndroidManifest.xml; smali/com/mobilesec/controlled/MainActivity.smali,1,built
controlled-00114,insecure_random_0033,com.mobilesec.controlled.insecure_random0033,/tmp/controlled_apktool_dataset_v2/projects/insecure_random_0033,/tmp/controlled_apktool_dataset_v2/apks/insecure_random_0033.apk,2d3d00fc91daad4d7affc0d1f85a4d269245741a5f26cd5ea140233b3e9d0067,FIX_INSECURE_RANDOM,controlled_apktool_template,1.0,accepted,insecure_random,java_util_random_seeded,Intentional predictable random generation markers.,"[""java.util.Random(seed)"", ""predictable nonce""]",AndroidManifest.xml; smali/com/mobilesec/controlled/MainActivity.smali,1,built
controlled-00115,insecure_random_0034,com.mobilesec.controlled.insecure_random0034,/tmp/controlled_apktool_dataset_v2/projects/insecure_random_0034,/tmp/controlled_apktool_dataset_v2/apks/insecure_random_0034.apk,fb447f2b0fa8c9197cf3fd16d45954c3aa90f32b1d21fd25cd5ef0f76cb17681,FIX_INSECURE_RANDOM,controlled_apktool_template,1.0,accepted,insecure_random,math_random_token,Intentional predictable random generation markers.,"[""Math.random"", ""session token""]",AndroidManifest.xml; smali/com/mobilesec/controlled/MainActivity.smali,1,built
controlled-00116,insecure_random_0035,com.mobilesec.controlled.insecure_random0035,/tmp/controlled_apktool_dataset_v2/projects/insecure_random_0035,/tmp/controlled_apktool_dataset_v2/apks/insecure_random_0035.apk,97074c3f3e537c0f8c5d3f6ae64a6b12571fc4cec61eee716deadff290a777a9,FIX_INSECURE_RANDOM,controlled_apktool_template,1.0,accepted,insecure_random,sha1prng_seeded,Intentional predictable random generation markers.,"[""SHA1PRNG"", ""setSeed fixed value""]",AndroidManifest.xml; smali/com/mobilesec/controlled/MainActivity.smali,1,built
controlled-00117,insecure_random_0036,com.mobilesec.controlled.insecure_random0036,/tmp/controlled_apktool_dataset_v2/projects/insecure_random_0036,/tmp/controlled_apktool_dataset_v2/apks/insecure_random_0036.apk,3536e8369a0a49e00a103823bd32bb538010d914ccb7344ef2a5757448886512,FIX_INSECURE_RANDOM,controlled_apktool_template,1.0,accepted,insecure_random,java_util_random_default,Intentional predictable random generation markers.,"[""java.util.Random"", ""Random()""]",AndroidManifest.xml; smali/com/mobilesec/controlled/MainActivity.smali,1,built
controlled-00118,insecure_random_0037,com.mobilesec.controlled.insecure_random0037,/tmp/controlled_apktool_dataset_v2/projects/insecure_random_0037,/tmp/controlled_apktool_dataset_v2/apks/insecure_random_0037.apk,aa47366347e7745245c373f94bd2e6611878cfbabe8d37776abd93ef6e1250a7,FIX_INSECURE_RANDOM,controlled_apktool_template,1.0,accepted,insecure_random,java_util_random_seeded,Intentional predictable random generation markers.,"[""java.util.Random(seed)"", ""predictable nonce""]",AndroidManifest.xml; smali/com/mobilesec/controlled/MainActivity.smali,1,built
controlled-00119,insecure_random_0038,com.mobilesec.controlled.insecure_random0038,/tmp/controlled_apktool_dataset_v2/projects/insecure_random_0038,/tmp/controlled_apktool_dataset_v2/apks/insecure_random_0038.apk,9ab63822d2c5e608d7b30bdf6ebdccd4cb13be48854e81016460cde38e6c649b,FIX_INSECURE_RANDOM,controlled_apktool_template,1.0,accepted,insecure_random,math_random_token,Intentional predictable random generation markers.,"[""Math.random"", ""session token""]",AndroidManifest.xml; smali/com/mobilesec/controlled/MainActivity.smali,1,built
controlled-00120,insecure_random_0039,com.mobilesec.controlled.insecure_random0039,/tmp/controlled_apktool_dataset_v2/projects/insecure_random_0039,/tmp/controlled_apktool_dataset_v2/apks/insecure_random_0039.apk,7a847b05279cad3a148ee6a7645774b82ad891e2eba75e7e30578abe12cc8ee3,FIX_INSECURE_RANDOM,controlled_apktool_template,1.0,accepted,insecure_random,sha1prng_seeded,Intentional predictable random generation markers.,"[""SHA1PRNG"", ""setSeed fixed value""]",AndroidManifest.xml; smali/com/mobilesec/controlled/MainActivity.smali,1,built
controlled-00121,weak_rsa_0000,com.mobilesec.controlled.weak_rsa0000,/tmp/controlled_apktool_dataset_v2/projects/weak_rsa_0000,/tmp/controlled_apktool_dataset_v2/apks/weak_rsa_0000.apk,2bc8bd41165b4778f3d7c4485e7adf348f868594a92805a26ed526cbbf9bbe58,FIX_WEAK_RSA_KEY,controlled_apktool_template,1.0,accepted,weak_rsa,rsa_512,Intentional weak RSA key or padding markers.,"[""RSA"", ""512-bit key""]",AndroidManifest.xml; smali/com/mobilesec/controlled/MainActivity.smali,1,built
controlled-00122,weak_rsa_0001,com.mobilesec.controlled.weak_rsa0001,/tmp/controlled_apktool_dataset_v2/projects/weak_rsa_0001,/tmp/controlled_apktool_dataset_v2/apks/weak_rsa_0001.apk,20b4a949462753b78a97461c246b0d8d1a6ffff2f794d9962ef0465576717bd0,FIX_WEAK_RSA_KEY,controlled_apktool_template,1.0,accepted,weak_rsa,rsa_768,Intentional weak RSA key or padding markers.,"[""RSA"", ""768-bit key""]",AndroidManifest.xml; smali/com/mobilesec/controlled/MainActivity.smali,1,built
controlled-00123,weak_rsa_0002,com.mobilesec.controlled.weak_rsa0002,/tmp/controlled_apktool_dataset_v2/projects/weak_rsa_0002,/tmp/controlled_apktool_dataset_v2/apks/weak_rsa_0002.apk,15725cde415bc71ec1868fc7b8c60537f3cd0d6daee122bacb317fae298b37a1,FIX_WEAK_RSA_KEY,controlled_apktool_template,1.0,accepted,weak_rsa,rsa_1024,Intentional weak RSA key or padding markers.,"[""RSA"", ""1024-bit key""]",AndroidManifest.xml; smali/com/mobilesec/controlled/MainActivity.smali,1,built
controlled-00124,weak_rsa_0003,com.mobilesec.controlled.weak_rsa0003,/tmp/controlled_apktool_dataset_v2/projects/weak_rsa_0003,/tmp/controlled_apktool_dataset_v2/apks/weak_rsa_0003.apk,49fa5465252d9f40d38dc9c3ef884f62851969aba5b37f5a55856c3f89bcc83c,FIX_WEAK_RSA_KEY,controlled_apktool_template,1.0,accepted,weak_rsa,rsa_pkcs1_padding,Intentional weak RSA key or padding markers.,"[""RSA/ECB/PKCS1Padding""]",AndroidManifest.xml; smali/com/mobilesec/controlled/MainActivity.smali,1,built
controlled-00125,weak_rsa_0004,com.mobilesec.controlled.weak_rsa0004,/tmp/controlled_apktool_dataset_v2/projects/weak_rsa_0004,/tmp/controlled_apktool_dataset_v2/apks/weak_rsa_0004.apk,5f50163a1c15a3eb27391d2dcdd7cedec88a201785e7e651fbc86d505aed21d2,FIX_WEAK_RSA_KEY,controlled_apktool_template,1.0,accepted,weak_rsa,rsa_512,Intentional weak RSA key or padding markers.,"[""RSA"", ""512-bit key""]",AndroidManifest.xml; smali/com/mobilesec/controlled/MainActivity.smali,1,built
controlled-00126,weak_rsa_0005,com.mobilesec.controlled.weak_rsa0005,/tmp/controlled_apktool_dataset_v2/projects/weak_rsa_0005,/tmp/controlled_apktool_dataset_v2/apks/weak_rsa_0005.apk,c8263f42d3eb00473950dcb01bfc09a994e12415d1a835604b006c8569ca3236,FIX_WEAK_RSA_KEY,controlled_apktool_template,1.0,accepted,weak_rsa,rsa_768,Intentional weak RSA key or padding markers.,"[""RSA"", ""768-bit key""]",AndroidManifest.xml; smali/com/mobilesec/controlled/MainActivity.smali,1,built
controlled-00127,weak_rsa_0006,com.mobilesec.controlled.weak_rsa0006,/tmp/controlled_apktool_dataset_v2/projects/weak_rsa_0006,/tmp/controlled_apktool_dataset_v2/apks/weak_rsa_0006.apk,10d7b6a21a4cade310a4b593edfe10711fc1cc4b1067543f0c2057c6e452292e,FIX_WEAK_RSA_KEY,controlled_apktool_template,1.0,accepted,weak_rsa,rsa_1024,Intentional weak RSA key or padding markers.,"[""RSA"", ""1024-bit key""]",AndroidManifest.xml; smali/com/mobilesec/controlled/MainActivity.smali,1,built
controlled-00128,weak_rsa_0007,com.mobilesec.controlled.weak_rsa0007,/tmp/controlled_apktool_dataset_v2/projects/weak_rsa_0007,/tmp/controlled_apktool_dataset_v2/apks/weak_rsa_0007.apk,9c777cb69b13beca485af6df7d4f79605882b5240ad1df363248b2b87f4e3734,FIX_WEAK_RSA_KEY,controlled_apktool_template,1.0,accepted,weak_rsa,rsa_pkcs1_padding,Intentional weak RSA key or padding markers.,"[""RSA/ECB/PKCS1Padding""]",AndroidManifest.xml; smali/com/mobilesec/controlled/MainActivity.smali,1,built
controlled-00129,weak_rsa_0008,com.mobilesec.controlled.weak_rsa0008,/tmp/controlled_apktool_dataset_v2/projects/weak_rsa_0008,/tmp/controlled_apktool_dataset_v2/apks/weak_rsa_0008.apk,2be04e0025531d69873955020b050a05afb6370ea019172441bacf2b4597e90a,FIX_WEAK_RSA_KEY,controlled_apktool_template,1.0,accepted,weak_rsa,rsa_512,Intentional weak RSA key or padding markers.,"[""RSA"", ""512-bit key""]",AndroidManifest.xml; smali/com/mobilesec/controlled/MainActivity.smali,1,built
controlled-00130,weak_rsa_0009,com.mobilesec.controlled.weak_rsa0009,/tmp/controlled_apktool_dataset_v2/projects/weak_rsa_0009,/tmp/controlled_apktool_dataset_v2/apks/weak_rsa_0009.apk,07b1f5bfeba7cf54e9609e518bda9b62e0cf3d481927af1109ca9422b775c756,FIX_WEAK_RSA_KEY,controlled_apktool_template,1.0,accepted,weak_rsa,rsa_768,Intentional weak RSA key or padding markers.,"[""RSA"", ""768-bit key""]",AndroidManifest.xml; smali/com/mobilesec/controlled/MainActivity.smali,1,built
controlled-00131,weak_rsa_0010,com.mobilesec.controlled.weak_rsa0010,/tmp/controlled_apktool_dataset_v2/projects/weak_rsa_0010,/tmp/controlled_apktool_dataset_v2/apks/weak_rsa_0010.apk,b98a6ab23ede0930ce60ada806ae3eacbf0ba121072e0613bca6fde4a8be01e6,FIX_WEAK_RSA_KEY,controlled_apktool_template,1.0,accepted,weak_rsa,rsa_1024,Intentional weak RSA key or padding markers.,"[""RSA"", ""1024-bit key""]",AndroidManifest.xml; smali/com/mobilesec/controlled/MainActivity.smali,1,built
controlled-00132,weak_rsa_0011,com.mobilesec.controlled.weak_rsa0011,/tmp/controlled_apktool_dataset_v2/projects/weak_rsa_0011,/tmp/controlled_apktool_dataset_v2/apks/weak_rsa_0011.apk,ea1fe3ee958e70ed505933aca00bfbf3a9eea1cdac58e0043c99e09ea98b6241,FIX_WEAK_RSA_KEY,controlled_apktool_template,1.0,accepted,weak_rsa,rsa_pkcs1_padding,Intentional weak RSA key or padding markers.,"[""RSA/ECB/PKCS1Padding""]",AndroidManifest.xml; smali/com/mobilesec/controlled/MainActivity.smali,1,built
controlled-00133,weak_rsa_0012,com.mobilesec.controlled.weak_rsa0012,/tmp/controlled_apktool_dataset_v2/projects/weak_rsa_0012,/tmp/controlled_apktool_dataset_v2/apks/weak_rsa_0012.apk,b284fa47543ccd604eaea1832c165d7a457fa27d3ef708676025ebceaccb265c,FIX_WEAK_RSA_KEY,controlled_apktool_template,1.0,accepted,weak_rsa,rsa_512,Intentional weak RSA key or padding markers.,"[""RSA"", ""512-bit key""]",AndroidManifest.xml; smali/com/mobilesec/controlled/MainActivity.smali,1,built
controlled-00134,weak_rsa_0013,com.mobilesec.controlled.weak_rsa0013,/tmp/controlled_apktool_dataset_v2/projects/weak_rsa_0013,/tmp/controlled_apktool_dataset_v2/apks/weak_rsa_0013.apk,f164802e368bba4afd5815bc7f3f5d2ae8186530c13bbc5e2687267107660f68,FIX_WEAK_RSA_KEY,controlled_apktool_template,1.0,accepted,weak_rsa,rsa_768,Intentional weak RSA key or padding markers.,"[""RSA"", ""768-bit key""]",AndroidManifest.xml; smali/com/mobilesec/controlled/MainActivity.smali,1,built
controlled-00135,weak_rsa_0014,com.mobilesec.controlled.weak_rsa0014,/tmp/controlled_apktool_dataset_v2/projects/weak_rsa_0014,/tmp/controlled_apktool_dataset_v2/apks/weak_rsa_0014.apk,a196db5704f4e1c4f0050bffec0961cee6736d74d0da6309638af69b5fdf745e,FIX_WEAK_RSA_KEY,controlled_apktool_template,1.0,accepted,weak_rsa,rsa_1024,Intentional weak RSA key or padding markers.,"[""RSA"", ""1024-bit key""]",AndroidManifest.xml; smali/com/mobilesec/controlled/MainActivity.smali,1,built
controlled-00136,weak_rsa_0015,com.mobilesec.controlled.weak_rsa0015,/tmp/controlled_apktool_dataset_v2/projects/weak_rsa_0015,/tmp/controlled_apktool_dataset_v2/apks/weak_rsa_0015.apk,17835455eb2053cf4bef491c80ffdc5e656128a397d93848092bf9e36212a00e,FIX_WEAK_RSA_KEY,controlled_apktool_template,1.0,accepted,weak_rsa,rsa_pkcs1_padding,Intentional weak RSA key or padding markers.,"[""RSA/ECB/PKCS1Padding""]",AndroidManifest.xml; smali/com/mobilesec/controlled/MainActivity.smali,1,built
controlled-00137,weak_rsa_0016,com.mobilesec.controlled.weak_rsa0016,/tmp/controlled_apktool_dataset_v2/projects/weak_rsa_0016,/tmp/controlled_apktool_dataset_v2/apks/weak_rsa_0016.apk,59388a66d601ab1705082eef3e46757409886e1291534f49c5a57d3276972bda,FIX_WEAK_RSA_KEY,controlled_apktool_template,1.0,accepted,weak_rsa,rsa_512,Intentional weak RSA key or padding markers.,"[""RSA"", ""512-bit key""]",AndroidManifest.xml; smali/com/mobilesec/controlled/MainActivity.smali,1,built
controlled-00138,weak_rsa_0017,com.mobilesec.controlled.weak_rsa0017,/tmp/controlled_apktool_dataset_v2/projects/weak_rsa_0017,/tmp/controlled_apktool_dataset_v2/apks/weak_rsa_0017.apk,e0b49e0a4e6abf2effbdbd9977afa0a8f326ba8dc9fed45eefe9f7f7e37812fe,FIX_WEAK_RSA_KEY,controlled_apktool_template,1.0,accepted,weak_rsa,rsa_768,Intentional weak RSA key or padding markers.,"[""RSA"", ""768-bit key""]",AndroidManifest.xml; smali/com/mobilesec/controlled/MainActivity.smali,1,built
controlled-00139,weak_rsa_0018,com.mobilesec.controlled.weak_rsa0018,/tmp/controlled_apktool_dataset_v2/projects/weak_rsa_0018,/tmp/controlled_apktool_dataset_v2/apks/weak_rsa_0018.apk,209ca9d8982a08cc10e29b1c89d8413c7cf7cfe370d9776e207a74973592c99e,FIX_WEAK_RSA_KEY,controlled_apktool_template,1.0,accepted,weak_rsa,rsa_1024,Intentional weak RSA key or padding markers.,"[""RSA"", ""1024-bit key""]",AndroidManifest.xml; smali/com/mobilesec/controlled/MainActivity.smali,1,built
controlled-00140,weak_rsa_0019,com.mobilesec.controlled.weak_rsa0019,/tmp/controlled_apktool_dataset_v2/projects/weak_rsa_0019,/tmp/controlled_apktool_dataset_v2/apks/weak_rsa_0019.apk,20266e315d0a40d2038d93300d5f9c24a7592c6c8f22c4b4d35a6047296d71d7,FIX_WEAK_RSA_KEY,controlled_apktool_template,1.0,accepted,weak_rsa,rsa_pkcs1_padding,Intentional weak RSA key or padding markers.,"[""RSA/ECB/PKCS1Padding""]",AndroidManifest.xml; smali/com/mobilesec/controlled/MainActivity.smali,1,built
controlled-00141,weak_rsa_0020,com.mobilesec.controlled.weak_rsa0020,/tmp/controlled_apktool_dataset_v2/projects/weak_rsa_0020,/tmp/controlled_apktool_dataset_v2/apks/weak_rsa_0020.apk,0170743bbcd55566c59c09117470a00efbb4f82e4757c6182f23b885a229c2ed,FIX_WEAK_RSA_KEY,controlled_apktool_template,1.0,accepted,weak_rsa,rsa_512,Intentional weak RSA key or padding markers.,"[""RSA"", ""512-bit key""]",AndroidManifest.xml; smali/com/mobilesec/controlled/MainActivity.smali,1,built
controlled-00142,weak_rsa_0021,com.mobilesec.controlled.weak_rsa0021,/tmp/controlled_apktool_dataset_v2/projects/weak_rsa_0021,/tmp/controlled_apktool_dataset_v2/apks/weak_rsa_0021.apk,2c33210dcf0e06b067e9e194d578b3bd210404874fcc43672de13f3db2de62e8,FIX_WEAK_RSA_KEY,controlled_apktool_template,1.0,accepted,weak_rsa,rsa_768,Intentional weak RSA key or padding markers.,"[""RSA"", ""768-bit key""]",AndroidManifest.xml; smali/com/mobilesec/controlled/MainActivity.smali,1,built
controlled-00143,weak_rsa_0022,com.mobilesec.controlled.weak_rsa0022,/tmp/controlled_apktool_dataset_v2/projects/weak_rsa_0022,/tmp/controlled_apktool_dataset_v2/apks/weak_rsa_0022.apk,38e13a159209795459a77d532632db3f60a544197b9a5f29318ab578c9405fab,FIX_WEAK_RSA_KEY,controlled_apktool_template,1.0,accepted,weak_rsa,rsa_1024,Intentional weak RSA key or padding markers.,"[""RSA"", ""1024-bit key""]",AndroidManifest.xml; smali/com/mobilesec/controlled/MainActivity.smali,1,built
controlled-00144,weak_rsa_0023,com.mobilesec.controlled.weak_rsa0023,/tmp/controlled_apktool_dataset_v2/projects/weak_rsa_0023,/tmp/controlled_apktool_dataset_v2/apks/weak_rsa_0023.apk,79224504883658c82e082b44f21164b5e1d3cd2ae3a20a37d435d8e47383f02d,FIX_WEAK_RSA_KEY,controlled_apktool_template,1.0,accepted,weak_rsa,rsa_pkcs1_padding,Intentional weak RSA key or padding markers.,"[""RSA/ECB/PKCS1Padding""]",AndroidManifest.xml; smali/com/mobilesec/controlled/MainActivity.smali,1,built
controlled-00145,weak_rsa_0024,com.mobilesec.controlled.weak_rsa0024,/tmp/controlled_apktool_dataset_v2/projects/weak_rsa_0024,/tmp/controlled_apktool_dataset_v2/apks/weak_rsa_0024.apk,77684def24f8181c43df2df01648239624e7ed875ae8272970bc50d76efbd11d,FIX_WEAK_RSA_KEY,controlled_apktool_template,1.0,accepted,weak_rsa,rsa_512,Intentional weak RSA key or padding markers.,"[""RSA"", ""512-bit key""]",AndroidManifest.xml; smali/com/mobilesec/controlled/MainActivity.smali,1,built
controlled-00146,weak_rsa_0025,com.mobilesec.controlled.weak_rsa0025,/tmp/controlled_apktool_dataset_v2/projects/weak_rsa_0025,/tmp/controlled_apktool_dataset_v2/apks/weak_rsa_0025.apk,3c149f1afecf9271ecf1ab0863a2e0ab45652667b65d40e59093c8c579ffaf8b,FIX_WEAK_RSA_KEY,controlled_apktool_template,1.0,accepted,weak_rsa,rsa_768,Intentional weak RSA key or padding markers.,"[""RSA"", ""768-bit key""]",AndroidManifest.xml; smali/com/mobilesec/controlled/MainActivity.smali,1,built
controlled-00147,weak_rsa_0026,com.mobilesec.controlled.weak_rsa0026,/tmp/controlled_apktool_dataset_v2/projects/weak_rsa_0026,/tmp/controlled_apktool_dataset_v2/apks/weak_rsa_0026.apk,e4a998117caf8495ad40e39cb9f173f5d0ecca989dd3a824d3996e0fe22a83eb,FIX_WEAK_RSA_KEY,controlled_apktool_template,1.0,accepted,weak_rsa,rsa_1024,Intentional weak RSA key or padding markers.,"[""RSA"", ""1024-bit key""]",AndroidManifest.xml; smali/com/mobilesec/controlled/MainActivity.smali,1,built
controlled-00148,weak_rsa_0027,com.mobilesec.controlled.weak_rsa0027,/tmp/controlled_apktool_dataset_v2/projects/weak_rsa_0027,/tmp/controlled_apktool_dataset_v2/apks/weak_rsa_0027.apk,509093ef95d6556b02ed2a7f5602fa50a14b1e39e1444471b9e799e2551e004b,FIX_WEAK_RSA_KEY,controlled_apktool_template,1.0,accepted,weak_rsa,rsa_pkcs1_padding,Intentional weak RSA key or padding markers.,"[""RSA/ECB/PKCS1Padding""]",AndroidManifest.xml; smali/com/mobilesec/controlled/MainActivity.smali,1,built
controlled-00149,weak_rsa_0028,com.mobilesec.controlled.weak_rsa0028,/tmp/controlled_apktool_dataset_v2/projects/weak_rsa_0028,/tmp/controlled_apktool_dataset_v2/apks/weak_rsa_0028.apk,dd88ca077750bf7c3cae59f44697f2bffae77242814f68a86b1321e7454f77ff,FIX_WEAK_RSA_KEY,controlled_apktool_template,1.0,accepted,weak_rsa,rsa_512,Intentional weak RSA key or padding markers.,"[""RSA"", ""512-bit key""]",AndroidManifest.xml; smali/com/mobilesec/controlled/MainActivity.smali,1,built
controlled-00150,weak_rsa_0029,com.mobilesec.controlled.weak_rsa0029,/tmp/controlled_apktool_dataset_v2/projects/weak_rsa_0029,/tmp/controlled_apktool_dataset_v2/apks/weak_rsa_0029.apk,28ce6f946c2962e880f46c8a164817523257d75beadedcee4be0106d2b993d12,FIX_WEAK_RSA_KEY,controlled_apktool_template,1.0,accepted,weak_rsa,rsa_768,Intentional weak RSA key or padding markers.,"[""RSA"", ""768-bit key""]",AndroidManifest.xml; smali/com/mobilesec/controlled/MainActivity.smali,1,built
controlled-00151,weak_rsa_0030,com.mobilesec.controlled.weak_rsa0030,/tmp/controlled_apktool_dataset_v2/projects/weak_rsa_0030,/tmp/controlled_apktool_dataset_v2/apks/weak_rsa_0030.apk,a1cd2130bb4496b46ecca16aa3691af5b2c45fe034e80734a8126f3bec6607cb,FIX_WEAK_RSA_KEY,controlled_apktool_template,1.0,accepted,weak_rsa,rsa_1024,Intentional weak RSA key or padding markers.,"[""RSA"", ""1024-bit key""]",AndroidManifest.xml; smali/com/mobilesec/controlled/MainActivity.smali,1,built
controlled-00152,weak_rsa_0031,com.mobilesec.controlled.weak_rsa0031,/tmp/controlled_apktool_dataset_v2/projects/weak_rsa_0031,/tmp/controlled_apktool_dataset_v2/apks/weak_rsa_0031.apk,3a138645a43f718245f3f308d005c767c8f709691aa1562ac7bcd2befa8988ab,FIX_WEAK_RSA_KEY,controlled_apktool_template,1.0,accepted,weak_rsa,rsa_pkcs1_padding,Intentional weak RSA key or padding markers.,"[""RSA/ECB/PKCS1Padding""]",AndroidManifest.xml; smali/com/mobilesec/controlled/MainActivity.smali,1,built
controlled-00153,weak_rsa_0032,com.mobilesec.controlled.weak_rsa0032,/tmp/controlled_apktool_dataset_v2/projects/weak_rsa_0032,/tmp/controlled_apktool_dataset_v2/apks/weak_rsa_0032.apk,26aaa01db86367e7e89f88508334adebda6eaa8581e586be12058b4cd85bcd3e,FIX_WEAK_RSA_KEY,controlled_apktool_template,1.0,accepted,weak_rsa,rsa_512,Intentional weak RSA key or padding markers.,"[""RSA"", ""512-bit key""]",AndroidManifest.xml; smali/com/mobilesec/controlled/MainActivity.smali,1,built
controlled-00154,weak_rsa_0033,com.mobilesec.controlled.weak_rsa0033,/tmp/controlled_apktool_dataset_v2/projects/weak_rsa_0033,/tmp/controlled_apktool_dataset_v2/apks/weak_rsa_0033.apk,5bb03630b6d12e8a3a603420cd98ad3d2869ce4932ca4af7bf286967321df941,FIX_WEAK_RSA_KEY,controlled_apktool_template,1.0,accepted,weak_rsa,rsa_768,Intentional weak RSA key or padding markers.,"[""RSA"", ""768-bit key""]",AndroidManifest.xml; smali/com/mobilesec/controlled/MainActivity.smali,1,built
controlled-00155,weak_rsa_0034,com.mobilesec.controlled.weak_rsa0034,/tmp/controlled_apktool_dataset_v2/projects/weak_rsa_0034,/tmp/controlled_apktool_dataset_v2/apks/weak_rsa_0034.apk,49f56206adfe67dc1e905808ed144fdb07e724c1c959ff20a919a3493978eb8a,FIX_WEAK_RSA_KEY,controlled_apktool_template,1.0,accepted,weak_rsa,rsa_1024,Intentional weak RSA key or padding markers.,"[""RSA"", ""1024-bit key""]",AndroidManifest.xml; smali/com/mobilesec/controlled/MainActivity.smali,1,built
controlled-00156,weak_rsa_0035,com.mobilesec.controlled.weak_rsa0035,/tmp/controlled_apktool_dataset_v2/projects/weak_rsa_0035,/tmp/controlled_apktool_dataset_v2/apks/weak_rsa_0035.apk,ea28804d2170d3dd7d2189cb22be26fa701f184f945f7c2116fdb0a8008eaf55,FIX_WEAK_RSA_KEY,controlled_apktool_template,1.0,accepted,weak_rsa,rsa_pkcs1_padding,Intentional weak RSA key or padding markers.,"[""RSA/ECB/PKCS1Padding""]",AndroidManifest.xml; smali/com/mobilesec/controlled/MainActivity.smali,1,built
controlled-00157,weak_rsa_0036,com.mobilesec.controlled.weak_rsa0036,/tmp/controlled_apktool_dataset_v2/projects/weak_rsa_0036,/tmp/controlled_apktool_dataset_v2/apks/weak_rsa_0036.apk,aee77c0fe38d23d7c7ec1074824526267a53f7a0b6a97c9a9ae38d493c8fafc2,FIX_WEAK_RSA_KEY,controlled_apktool_template,1.0,accepted,weak_rsa,rsa_512,Intentional weak RSA key or padding markers.,"[""RSA"", ""512-bit key""]",AndroidManifest.xml; smali/com/mobilesec/controlled/MainActivity.smali,1,built
controlled-00158,weak_rsa_0037,com.mobilesec.controlled.weak_rsa0037,/tmp/controlled_apktool_dataset_v2/projects/weak_rsa_0037,/tmp/controlled_apktool_dataset_v2/apks/weak_rsa_0037.apk,ee417885f720f052c77653e44ac8c097207625f8afb40bd11af0dcdefc195f12,FIX_WEAK_RSA_KEY,controlled_apktool_template,1.0,accepted,weak_rsa,rsa_768,Intentional weak RSA key or padding markers.,"[""RSA"", ""768-bit key""]",AndroidManifest.xml; smali/com/mobilesec/controlled/MainActivity.smali,1,built
controlled-00159,weak_rsa_0038,com.mobilesec.controlled.weak_rsa0038,/tmp/controlled_apktool_dataset_v2/projects/weak_rsa_0038,/tmp/controlled_apktool_dataset_v2/apks/weak_rsa_0038.apk,1bb636004665030ef7afdf0b572d14748312dfbae931eef912f66bf17a826ae8,FIX_WEAK_RSA_KEY,controlled_apktool_template,1.0,accepted,weak_rsa,rsa_1024,Intentional weak RSA key or padding markers.,"[""RSA"", ""1024-bit key""]",AndroidManifest.xml; smali/com/mobilesec/controlled/MainActivity.smali,1,built
controlled-00160,weak_rsa_0039,com.mobilesec.controlled.weak_rsa0039,/tmp/controlled_apktool_dataset_v2/projects/weak_rsa_0039,/tmp/controlled_apktool_dataset_v2/apks/weak_rsa_0039.apk,a134d1ee1824d2bd480f2fec39bbbc72a58fa8c850aab5a0ed5e1ca2d062b635,FIX_WEAK_RSA_KEY,controlled_apktool_template,1.0,accepted,weak_rsa,rsa_pkcs1_padding,Intentional weak RSA key or padding markers.,"[""RSA/ECB/PKCS1Padding""]",AndroidManifest.xml; smali/com/mobilesec/controlled/MainActivity.smali,1,built
controlled-00161,exposed_api_key_0000,com.mobilesec.controlled.exposed_api_key0000,/tmp/controlled_apktool_dataset_v2/projects/exposed_api_key_0000,/tmp/controlled_apktool_dataset_v2/apks/exposed_api_key_0000.apk,49361e9725d276d1e581f098f901ea53726b250f1ccd64ef90f994c9b204dd02,FIX_EXPOSED_API_KEY,controlled_apktool_template,1.0,accepted,exposed_api_key,google_api_key,Intentional hardcoded API key patterns.,"[""AIza Google API key""]",AndroidManifest.xml; smali/com/mobilesec/controlled/MainActivity.smali,1,built
controlled-00162,exposed_api_key_0001,com.mobilesec.controlled.exposed_api_key0001,/tmp/controlled_apktool_dataset_v2/projects/exposed_api_key_0001,/tmp/controlled_apktool_dataset_v2/apks/exposed_api_key_0001.apk,8a4bb90f076b30b050e2c1d96526b157f68be0548cea2755a984ab6a90c700b6,FIX_EXPOSED_API_KEY,controlled_apktool_template,1.0,accepted,exposed_api_key,aws_access_key,Intentional hardcoded API key patterns.,"[""AKIA AWS access key""]",AndroidManifest.xml; smali/com/mobilesec/controlled/MainActivity.smali,1,built
controlled-00163,exposed_api_key_0002,com.mobilesec.controlled.exposed_api_key0002,/tmp/controlled_apktool_dataset_v2/projects/exposed_api_key_0002,/tmp/controlled_apktool_dataset_v2/apks/exposed_api_key_0002.apk,e150ac6954f68468f82ac0ff1412dabbf03f30acf7851ace4f33fb89d3e75c6e,FIX_EXPOSED_API_KEY,controlled_apktool_template,1.0,accepted,exposed_api_key,stripe_secret_key,Intentional hardcoded API key patterns.,"[""Stripe sk_live secret key""]",AndroidManifest.xml; smali/com/mobilesec/controlled/MainActivity.smali,1,built
controlled-00164,exposed_api_key_0003,com.mobilesec.controlled.exposed_api_key0003,/tmp/controlled_apktool_dataset_v2/projects/exposed_api_key_0003,/tmp/controlled_apktool_dataset_v2/apks/exposed_api_key_0003.apk,dcf3e92954ed9181befe88bf49a23f606774a9a4b03cced2598377901b8ea90f,FIX_EXPOSED_API_KEY,controlled_apktool_template,1.0,accepted,exposed_api_key,firebase_key,Intentional hardcoded API key patterns.,"[""Firebase API key""]",AndroidManifest.xml; smali/com/mobilesec/controlled/MainActivity.smali,1,built
controlled-00165,exposed_api_key_0004,com.mobilesec.controlled.exposed_api_key0004,/tmp/controlled_apktool_dataset_v2/projects/exposed_api_key_0004,/tmp/controlled_apktool_dataset_v2/apks/exposed_api_key_0004.apk,a1bbf9933b17004569737531a0021e2a7d78566a352cc218741dc52ece390168,FIX_EXPOSED_API_KEY,controlled_apktool_template,1.0,accepted,exposed_api_key,google_api_key,Intentional hardcoded API key patterns.,"[""AIza Google API key""]",AndroidManifest.xml; smali/com/mobilesec/controlled/MainActivity.smali,1,built
controlled-00166,exposed_api_key_0005,com.mobilesec.controlled.exposed_api_key0005,/tmp/controlled_apktool_dataset_v2/projects/exposed_api_key_0005,/tmp/controlled_apktool_dataset_v2/apks/exposed_api_key_0005.apk,d40c49a4363d48823d8a48b3d1596de679c2ccb88aebd5f4fc32f9e6371f42ca,FIX_EXPOSED_API_KEY,controlled_apktool_template,1.0,accepted,exposed_api_key,aws_access_key,Intentional hardcoded API key patterns.,"[""AKIA AWS access key""]",AndroidManifest.xml; smali/com/mobilesec/controlled/MainActivity.smali,1,built
controlled-00167,exposed_api_key_0006,com.mobilesec.controlled.exposed_api_key0006,/tmp/controlled_apktool_dataset_v2/projects/exposed_api_key_0006,/tmp/controlled_apktool_dataset_v2/apks/exposed_api_key_0006.apk,b2ca04bb4ad6e9b533327d3adf5737c0c721ce17d38f6fe22f07e1952dd8b4ce,FIX_EXPOSED_API_KEY,controlled_apktool_template,1.0,accepted,exposed_api_key,stripe_secret_key,Intentional hardcoded API key patterns.,"[""Stripe sk_live secret key""]",AndroidManifest.xml; smali/com/mobilesec/controlled/MainActivity.smali,1,built
controlled-00168,exposed_api_key_0007,com.mobilesec.controlled.exposed_api_key0007,/tmp/controlled_apktool_dataset_v2/projects/exposed_api_key_0007,/tmp/controlled_apktool_dataset_v2/apks/exposed_api_key_0007.apk,9e2613e07a309c02ba0d45513f2d7519559237336ec619ce349c7dac51a8ff58,FIX_EXPOSED_API_KEY,controlled_apktool_template,1.0,accepted,exposed_api_key,firebase_key,Intentional hardcoded API key patterns.,"[""Firebase API key""]",AndroidManifest.xml; smali/com/mobilesec/controlled/MainActivity.smali,1,built
controlled-00169,exposed_api_key_0008,com.mobilesec.controlled.exposed_api_key0008,/tmp/controlled_apktool_dataset_v2/projects/exposed_api_key_0008,/tmp/controlled_apktool_dataset_v2/apks/exposed_api_key_0008.apk,6b36589a47114e0f93eed9bd04be87faa30de94dda9708232d74b96de7afe0ac,FIX_EXPOSED_API_KEY,controlled_apktool_template,1.0,accepted,exposed_api_key,google_api_key,Intentional hardcoded API key patterns.,"[""AIza Google API key""]",AndroidManifest.xml; smali/com/mobilesec/controlled/MainActivity.smali,1,built
controlled-00170,exposed_api_key_0009,com.mobilesec.controlled.exposed_api_key0009,/tmp/controlled_apktool_dataset_v2/projects/exposed_api_key_0009,/tmp/controlled_apktool_dataset_v2/apks/exposed_api_key_0009.apk,75ee6e3e66a2b8f7c16a94acbde88971ac83a7d9d5e1d3fbaa609c8c3ca01661,FIX_EXPOSED_API_KEY,controlled_apktool_template,1.0,accepted,exposed_api_key,aws_access_key,Intentional hardcoded API key patterns.,"[""AKIA AWS access key""]",AndroidManifest.xml; smali/com/mobilesec/controlled/MainActivity.smali,1,built
controlled-00171,exposed_api_key_0010,com.mobilesec.controlled.exposed_api_key0010,/tmp/controlled_apktool_dataset_v2/projects/exposed_api_key_0010,/tmp/controlled_apktool_dataset_v2/apks/exposed_api_key_0010.apk,307da0844ba291448907fa358ebdf62b7bd22278b340eae01461a8252690fca6,FIX_EXPOSED_API_KEY,controlled_apktool_template,1.0,accepted,exposed_api_key,stripe_secret_key,Intentional hardcoded API key patterns.,"[""Stripe sk_live secret key""]",AndroidManifest.xml; smali/com/mobilesec/controlled/MainActivity.smali,1,built
controlled-00172,exposed_api_key_0011,com.mobilesec.controlled.exposed_api_key0011,/tmp/controlled_apktool_dataset_v2/projects/exposed_api_key_0011,/tmp/controlled_apktool_dataset_v2/apks/exposed_api_key_0011.apk,4d47d131c66b873f220590982352506c29d7b848bec78f0cce256a68e8d26fd0,FIX_EXPOSED_API_KEY,controlled_apktool_template,1.0,accepted,exposed_api_key,firebase_key,Intentional hardcoded API key patterns.,"[""Firebase API key""]",AndroidManifest.xml; smali/com/mobilesec/controlled/MainActivity.smali,1,built
controlled-00173,exposed_api_key_0012,com.mobilesec.controlled.exposed_api_key0012,/tmp/controlled_apktool_dataset_v2/projects/exposed_api_key_0012,/tmp/controlled_apktool_dataset_v2/apks/exposed_api_key_0012.apk,4292ea8b2c47436727cefbbde33b40c3f7c8ee0ed03950fd98470034c691be76,FIX_EXPOSED_API_KEY,controlled_apktool_template,1.0,accepted,exposed_api_key,google_api_key,Intentional hardcoded API key patterns.,"[""AIza Google API key""]",AndroidManifest.xml; smali/com/mobilesec/controlled/MainActivity.smali,1,built
controlled-00174,exposed_api_key_0013,com.mobilesec.controlled.exposed_api_key0013,/tmp/controlled_apktool_dataset_v2/projects/exposed_api_key_0013,/tmp/controlled_apktool_dataset_v2/apks/exposed_api_key_0013.apk,af6a38702ee39f8b7abb0bc0148632a3aecefb7370d1b4771c5e06d846033254,FIX_EXPOSED_API_KEY,controlled_apktool_template,1.0,accepted,exposed_api_key,aws_access_key,Intentional hardcoded API key patterns.,"[""AKIA AWS access key""]",AndroidManifest.xml; smali/com/mobilesec/controlled/MainActivity.smali,1,built
controlled-00175,exposed_api_key_0014,com.mobilesec.controlled.exposed_api_key0014,/tmp/controlled_apktool_dataset_v2/projects/exposed_api_key_0014,/tmp/controlled_apktool_dataset_v2/apks/exposed_api_key_0014.apk,c281da9e80718541fbc01fa48ce72e850e71fcf06406d72cb97b57b6092888ce,FIX_EXPOSED_API_KEY,controlled_apktool_template,1.0,accepted,exposed_api_key,stripe_secret_key,Intentional hardcoded API key patterns.,"[""Stripe sk_live secret key""]",AndroidManifest.xml; smali/com/mobilesec/controlled/MainActivity.smali,1,built
controlled-00176,exposed_api_key_0015,com.mobilesec.controlled.exposed_api_key0015,/tmp/controlled_apktool_dataset_v2/projects/exposed_api_key_0015,/tmp/controlled_apktool_dataset_v2/apks/exposed_api_key_0015.apk,6c887a37f3c09b2c8b392404bab0f5b95d533b6b2c67aa17736dfe8982613a40,FIX_EXPOSED_API_KEY,controlled_apktool_template,1.0,accepted,exposed_api_key,firebase_key,Intentional hardcoded API key patterns.,"[""Firebase API key""]",AndroidManifest.xml; smali/com/mobilesec/controlled/MainActivity.smali,1,built
controlled-00177,exposed_api_key_0016,com.mobilesec.controlled.exposed_api_key0016,/tmp/controlled_apktool_dataset_v2/projects/exposed_api_key_0016,/tmp/controlled_apktool_dataset_v2/apks/exposed_api_key_0016.apk,899420ebfebef8fe147c24cf5ce356285ed0e2efdf50e58b64708b0c0de4a8c9,FIX_EXPOSED_API_KEY,controlled_apktool_template,1.0,accepted,exposed_api_key,google_api_key,Intentional hardcoded API key patterns.,"[""AIza Google API key""]",AndroidManifest.xml; smali/com/mobilesec/controlled/MainActivity.smali,1,built
controlled-00178,exposed_api_key_0017,com.mobilesec.controlled.exposed_api_key0017,/tmp/controlled_apktool_dataset_v2/projects/exposed_api_key_0017,/tmp/controlled_apktool_dataset_v2/apks/exposed_api_key_0017.apk,0a62a9cd993c8fd999b021ff667ebc4604c3a4e2fdced114bbaa71594b660fef,FIX_EXPOSED_API_KEY,controlled_apktool_template,1.0,accepted,exposed_api_key,aws_access_key,Intentional hardcoded API key patterns.,"[""AKIA AWS access key""]",AndroidManifest.xml; smali/com/mobilesec/controlled/MainActivity.smali,1,built
controlled-00179,exposed_api_key_0018,com.mobilesec.controlled.exposed_api_key0018,/tmp/controlled_apktool_dataset_v2/projects/exposed_api_key_0018,/tmp/controlled_apktool_dataset_v2/apks/exposed_api_key_0018.apk,3b57a19b7cb06bcd3826d694d6040df026448ce0626fedbd6f734b524aa79bd3,FIX_EXPOSED_API_KEY,controlled_apktool_template,1.0,accepted,exposed_api_key,stripe_secret_key,Intentional hardcoded API key patterns.,"[""Stripe sk_live secret key""]",AndroidManifest.xml; smali/com/mobilesec/controlled/MainActivity.smali,1,built
controlled-00180,exposed_api_key_0019,com.mobilesec.controlled.exposed_api_key0019,/tmp/controlled_apktool_dataset_v2/projects/exposed_api_key_0019,/tmp/controlled_apktool_dataset_v2/apks/exposed_api_key_0019.apk,a4236f5b2ee66bb8ce0d214dbda9c8dff2141d2ffbb280efd68bd0d91665a03e,FIX_EXPOSED_API_KEY,controlled_apktool_template,1.0,accepted,exposed_api_key,firebase_key,Intentional hardcoded API key patterns.,"[""Firebase API key""]",AndroidManifest.xml; smali/com/mobilesec/controlled/MainActivity.smali,1,built
controlled-00181,exposed_api_key_0020,com.mobilesec.controlled.exposed_api_key0020,/tmp/controlled_apktool_dataset_v2/projects/exposed_api_key_0020,/tmp/controlled_apktool_dataset_v2/apks/exposed_api_key_0020.apk,1eeb3ddb04d197b76e53259bdccc7c2088d92c7ac7a476a8a101647f9863b2f6,FIX_EXPOSED_API_KEY,controlled_apktool_template,1.0,accepted,exposed_api_key,google_api_key,Intentional hardcoded API key patterns.,"[""AIza Google API key""]",AndroidManifest.xml; smali/com/mobilesec/controlled/MainActivity.smali,1,built
controlled-00182,exposed_api_key_0021,com.mobilesec.controlled.exposed_api_key0021,/tmp/controlled_apktool_dataset_v2/projects/exposed_api_key_0021,/tmp/controlled_apktool_dataset_v2/apks/exposed_api_key_0021.apk,68a5ab9834f5f337fc7e1014b039e60670d127dd0d8daab91dbf067613a1a10f,FIX_EXPOSED_API_KEY,controlled_apktool_template,1.0,accepted,exposed_api_key,aws_access_key,Intentional hardcoded API key patterns.,"[""AKIA AWS access key""]",AndroidManifest.xml; smali/com/mobilesec/controlled/MainActivity.smali,1,built
controlled-00183,exposed_api_key_0022,com.mobilesec.controlled.exposed_api_key0022,/tmp/controlled_apktool_dataset_v2/projects/exposed_api_key_0022,/tmp/controlled_apktool_dataset_v2/apks/exposed_api_key_0022.apk,1b1c9736a9901e6b2671ac8322cdc0539c5a64b8f88c6817d2828d655af608cb,FIX_EXPOSED_API_KEY,controlled_apktool_template,1.0,accepted,exposed_api_key,stripe_secret_key,Intentional hardcoded API key patterns.,"[""Stripe sk_live secret key""]",AndroidManifest.xml; smali/com/mobilesec/controlled/MainActivity.smali,1,built
controlled-00184,exposed_api_key_0023,com.mobilesec.controlled.exposed_api_key0023,/tmp/controlled_apktool_dataset_v2/projects/exposed_api_key_0023,/tmp/controlled_apktool_dataset_v2/apks/exposed_api_key_0023.apk,2ed576a25734a9813cdc6769518ba48570543682e573dc0e4da323539b021e65,FIX_EXPOSED_API_KEY,controlled_apktool_template,1.0,accepted,exposed_api_key,firebase_key,Intentional hardcoded API key patterns.,"[""Firebase API key""]",AndroidManifest.xml; smali/com/mobilesec/controlled/MainActivity.smali,1,built
controlled-00185,exposed_api_key_0024,com.mobilesec.controlled.exposed_api_key0024,/tmp/controlled_apktool_dataset_v2/projects/exposed_api_key_0024,/tmp/controlled_apktool_dataset_v2/apks/exposed_api_key_0024.apk,4fd6ace7a82687f5aef6b0e606fb9aeb3a75a8159872d39831a5458bca0364d9,FIX_EXPOSED_API_KEY,controlled_apktool_template,1.0,accepted,exposed_api_key,google_api_key,Intentional hardcoded API key patterns.,"[""AIza Google API key""]",AndroidManifest.xml; smali/com/mobilesec/controlled/MainActivity.smali,1,built
controlled-00186,exposed_api_key_0025,com.mobilesec.controlled.exposed_api_key0025,/tmp/controlled_apktool_dataset_v2/projects/exposed_api_key_0025,/tmp/controlled_apktool_dataset_v2/apks/exposed_api_key_0025.apk,3f4de67862d3a396a2ffdda2c7fd8ccd78642a18c2145451de8dbd69dbc6066f,FIX_EXPOSED_API_KEY,controlled_apktool_template,1.0,accepted,exposed_api_key,aws_access_key,Intentional hardcoded API key patterns.,"[""AKIA AWS access key""]",AndroidManifest.xml; smali/com/mobilesec/controlled/MainActivity.smali,1,built
controlled-00187,exposed_api_key_0026,com.mobilesec.controlled.exposed_api_key0026,/tmp/controlled_apktool_dataset_v2/projects/exposed_api_key_0026,/tmp/controlled_apktool_dataset_v2/apks/exposed_api_key_0026.apk,cbc9cb877d11c46b721ebdd1d03ec6ec53053d52342ceb3c8e8b31cf416e2c9b,FIX_EXPOSED_API_KEY,controlled_apktool_template,1.0,accepted,exposed_api_key,stripe_secret_key,Intentional hardcoded API key patterns.,"[""Stripe sk_live secret key""]",AndroidManifest.xml; smali/com/mobilesec/controlled/MainActivity.smali,1,built
controlled-00188,exposed_api_key_0027,com.mobilesec.controlled.exposed_api_key0027,/tmp/controlled_apktool_dataset_v2/projects/exposed_api_key_0027,/tmp/controlled_apktool_dataset_v2/apks/exposed_api_key_0027.apk,c6f03ddf3b26742c37d42edb79152fad011468e011342b3a978b2631c780a93f,FIX_EXPOSED_API_KEY,controlled_apktool_template,1.0,accepted,exposed_api_key,firebase_key,Intentional hardcoded API key patterns.,"[""Firebase API key""]",AndroidManifest.xml; smali/com/mobilesec/controlled/MainActivity.smali,1,built
controlled-00189,exposed_api_key_0028,com.mobilesec.controlled.exposed_api_key0028,/tmp/controlled_apktool_dataset_v2/projects/exposed_api_key_0028,/tmp/controlled_apktool_dataset_v2/apks/exposed_api_key_0028.apk,cadd8416dc7a2c93583c65add14dc1e3d8821a7849e7731fabc7b8296d44b1ba,FIX_EXPOSED_API_KEY,controlled_apktool_template,1.0,accepted,exposed_api_key,google_api_key,Intentional hardcoded API key patterns.,"[""AIza Google API key""]",AndroidManifest.xml; smali/com/mobilesec/controlled/MainActivity.smali,1,built
controlled-00190,exposed_api_key_0029,com.mobilesec.controlled.exposed_api_key0029,/tmp/controlled_apktool_dataset_v2/projects/exposed_api_key_0029,/tmp/controlled_apktool_dataset_v2/apks/exposed_api_key_0029.apk,a8e3c0df579a76341a6ea08899fbd9dd1526b5d837aedfda92d89a9063e8126e,FIX_EXPOSED_API_KEY,controlled_apktool_template,1.0,accepted,exposed_api_key,aws_access_key,Intentional hardcoded API key patterns.,"[""AKIA AWS access key""]",AndroidManifest.xml; smali/com/mobilesec/controlled/MainActivity.smali,1,built
controlled-00191,exposed_api_key_0030,com.mobilesec.controlled.exposed_api_key0030,/tmp/controlled_apktool_dataset_v2/projects/exposed_api_key_0030,/tmp/controlled_apktool_dataset_v2/apks/exposed_api_key_0030.apk,5def6a50467a3188342ae6db63d30ba4b0646d9b0664b019b72c26a2f35e7645,FIX_EXPOSED_API_KEY,controlled_apktool_template,1.0,accepted,exposed_api_key,stripe_secret_key,Intentional hardcoded API key patterns.,"[""Stripe sk_live secret key""]",AndroidManifest.xml; smali/com/mobilesec/controlled/MainActivity.smali,1,built
controlled-00192,exposed_api_key_0031,com.mobilesec.controlled.exposed_api_key0031,/tmp/controlled_apktool_dataset_v2/projects/exposed_api_key_0031,/tmp/controlled_apktool_dataset_v2/apks/exposed_api_key_0031.apk,fa232373b6469fed899d0633f7102fc74b0779acce4222730b1345a8ed78ac72,FIX_EXPOSED_API_KEY,controlled_apktool_template,1.0,accepted,exposed_api_key,firebase_key,Intentional hardcoded API key patterns.,"[""Firebase API key""]",AndroidManifest.xml; smali/com/mobilesec/controlled/MainActivity.smali,1,built
controlled-00193,exposed_api_key_0032,com.mobilesec.controlled.exposed_api_key0032,/tmp/controlled_apktool_dataset_v2/projects/exposed_api_key_0032,/tmp/controlled_apktool_dataset_v2/apks/exposed_api_key_0032.apk,b8ac03d0d10b1a5a95eb5883ec68600e22089dc7157b832bef16f1b3731cb9ce,FIX_EXPOSED_API_KEY,controlled_apktool_template,1.0,accepted,exposed_api_key,google_api_key,Intentional hardcoded API key patterns.,"[""AIza Google API key""]",AndroidManifest.xml; smali/com/mobilesec/controlled/MainActivity.smali,1,built
controlled-00194,exposed_api_key_0033,com.mobilesec.controlled.exposed_api_key0033,/tmp/controlled_apktool_dataset_v2/projects/exposed_api_key_0033,/tmp/controlled_apktool_dataset_v2/apks/exposed_api_key_0033.apk,007bfd93dff7a9b2531a77ff96fab9a6affc5b1bb55b736e1f72c724baa89393,FIX_EXPOSED_API_KEY,controlled_apktool_template,1.0,accepted,exposed_api_key,aws_access_key,Intentional hardcoded API key patterns.,"[""AKIA AWS access key""]",AndroidManifest.xml; smali/com/mobilesec/controlled/MainActivity.smali,1,built
controlled-00195,exposed_api_key_0034,com.mobilesec.controlled.exposed_api_key0034,/tmp/controlled_apktool_dataset_v2/projects/exposed_api_key_0034,/tmp/controlled_apktool_dataset_v2/apks/exposed_api_key_0034.apk,a330b5ccfad92ec6f5932f5dfc0bacd276dcd0a3697f0b6d1d68afb6f53862fa,FIX_EXPOSED_API_KEY,controlled_apktool_template,1.0,accepted,exposed_api_key,stripe_secret_key,Intentional hardcoded API key patterns.,"[""Stripe sk_live secret key""]",AndroidManifest.xml; smali/com/mobilesec/controlled/MainActivity.smali,1,built
controlled-00196,exposed_api_key_0035,com.mobilesec.controlled.exposed_api_key0035,/tmp/controlled_apktool_dataset_v2/projects/exposed_api_key_0035,/tmp/controlled_apktool_dataset_v2/apks/exposed_api_key_0035.apk,b82add7fabe8d6cc990678c5aa784cd8f88fd9228dbcbb89d75320097a738a55,FIX_EXPOSED_API_KEY,controlled_apktool_template,1.0,accepted,exposed_api_key,firebase_key,Intentional hardcoded API key patterns.,"[""Firebase API key""]",AndroidManifest.xml; smali/com/mobilesec/controlled/MainActivity.smali,1,built
controlled-00197,exposed_api_key_0036,com.mobilesec.controlled.exposed_api_key0036,/tmp/controlled_apktool_dataset_v2/projects/exposed_api_key_0036,/tmp/controlled_apktool_dataset_v2/apks/exposed_api_key_0036.apk,e3570d043d87e6f0f1a218e5fd6c733902386c2622056e65adda6be3048f380e,FIX_EXPOSED_API_KEY,controlled_apktool_template,1.0,accepted,exposed_api_key,google_api_key,Intentional hardcoded API key patterns.,"[""AIza Google API key""]",AndroidManifest.xml; smali/com/mobilesec/controlled/MainActivity.smali,1,built
controlled-00198,exposed_api_key_0037,com.mobilesec.controlled.exposed_api_key0037,/tmp/controlled_apktool_dataset_v2/projects/exposed_api_key_0037,/tmp/controlled_apktool_dataset_v2/apks/exposed_api_key_0037.apk,b19d9ad9d176e91b36e68316dea465a51a01890cbe3e8de0c595ffc8256b7c5a,FIX_EXPOSED_API_KEY,controlled_apktool_template,1.0,accepted,exposed_api_key,aws_access_key,Intentional hardcoded API key patterns.,"[""AKIA AWS access key""]",AndroidManifest.xml; smali/com/mobilesec/controlled/MainActivity.smali,1,built
controlled-00199,exposed_api_key_0038,com.mobilesec.controlled.exposed_api_key0038,/tmp/controlled_apktool_dataset_v2/projects/exposed_api_key_0038,/tmp/controlled_apktool_dataset_v2/apks/exposed_api_key_0038.apk,9d6f463d5ff826ffd455fa5df0caec0f8a5f163f8c6f2fa3ddb2c1012d1caee6,FIX_EXPOSED_API_KEY,controlled_apktool_template,1.0,accepted,exposed_api_key,stripe_secret_key,Intentional hardcoded API key patterns.,"[""Stripe sk_live secret key""]",AndroidManifest.xml; smali/com/mobilesec/controlled/MainActivity.smali,1,built
controlled-00200,exposed_api_key_0039,com.mobilesec.controlled.exposed_api_key0039,/tmp/controlled_apktool_dataset_v2/projects/exposed_api_key_0039,/tmp/controlled_apktool_dataset_v2/apks/exposed_api_key_0039.apk,89a934697a0b7c2f9b26cedbb4721c03349f4fb1149fb99954a0855a0f20c2bc,FIX_EXPOSED_API_KEY,controlled_apktool_template,1.0,accepted,exposed_api_key,firebase_key,Intentional hardcoded API key patterns.,"[""Firebase API key""]",AndroidManifest.xml; smali/com/mobilesec/controlled/MainActivity.smali,1,built
controlled-00201,hardcoded_password_0000,com.mobilesec.controlled.hardcoded_password0000,/tmp/controlled_apktool_dataset_v2/projects/hardcoded_password_0000,/tmp/controlled_apktool_dataset_v2/apks/hardcoded_password_0000.apk,8071f1d12a47c2949c9fb903d456018c778d37286ec156dc84adb2a0fda33c45,FIX_HARDCODED_PASSWORD,controlled_apktool_template,1.0,accepted,hardcoded_password,literal_password_assignment,Intentional hardcoded password patterns.,"[""hardcoded password assignment""]",AndroidManifest.xml; smali/com/mobilesec/controlled/MainActivity.smali,1,built
controlled-00202,hardcoded_password_0001,com.mobilesec.controlled.hardcoded_password0001,/tmp/controlled_apktool_dataset_v2/projects/hardcoded_password_0001,/tmp/controlled_apktool_dataset_v2/apks/hardcoded_password_0001.apk,4f84d5d6efa7cf09837d7b4df6c0cfb0a729c3cc0ccf075a9f946af4b867503c,FIX_HARDCODED_PASSWORD,controlled_apktool_template,1.0,accepted,hardcoded_password,basic_auth_credentials,Intentional hardcoded password patterns.,"[""basic auth credentials""]",AndroidManifest.xml; smali/com/mobilesec/controlled/MainActivity.smali,1,built
controlled-00203,hardcoded_password_0002,com.mobilesec.controlled.hardcoded_password0002,/tmp/controlled_apktool_dataset_v2/projects/hardcoded_password_0002,/tmp/controlled_apktool_dataset_v2/apks/hardcoded_password_0002.apk,5a08d2f17530e5e127cb9fcf73d941fe5396480a2386b50875168a47d53d675f,FIX_HARDCODED_PASSWORD,controlled_apktool_template,1.0,accepted,hardcoded_password,database_url_password,Intentional hardcoded password patterns.,"[""database URL password""]",AndroidManifest.xml; smali/com/mobilesec/controlled/MainActivity.smali,1,built
controlled-00204,hardcoded_password_0003,com.mobilesec.controlled.hardcoded_password0003,/tmp/controlled_apktool_dataset_v2/projects/hardcoded_password_0003,/tmp/controlled_apktool_dataset_v2/apks/hardcoded_password_0003.apk,1d788382e6337df2847e7d334c6c77f94a534648395388c5170ae217e42b70c5,FIX_HARDCODED_PASSWORD,controlled_apktool_template,1.0,accepted,hardcoded_password,default_admin_credentials,Intentional hardcoded password patterns.,"[""default admin credentials""]",AndroidManifest.xml; smali/com/mobilesec/controlled/MainActivity.smali,1,built
controlled-00205,hardcoded_password_0004,com.mobilesec.controlled.hardcoded_password0004,/tmp/controlled_apktool_dataset_v2/projects/hardcoded_password_0004,/tmp/controlled_apktool_dataset_v2/apks/hardcoded_password_0004.apk,c280d030b3cfded290750f79029379d4013678d47a4d95d0bcf2fb13d272e07c,FIX_HARDCODED_PASSWORD,controlled_apktool_template,1.0,accepted,hardcoded_password,literal_password_assignment,Intentional hardcoded password patterns.,"[""hardcoded password assignment""]",AndroidManifest.xml; smali/com/mobilesec/controlled/MainActivity.smali,1,built
controlled-00206,hardcoded_password_0005,com.mobilesec.controlled.hardcoded_password0005,/tmp/controlled_apktool_dataset_v2/projects/hardcoded_password_0005,/tmp/controlled_apktool_dataset_v2/apks/hardcoded_password_0005.apk,1199b9c041d0e505f2bed0cc5bc7943a40409da18a51a33cfe68a02c72e0bfd8,FIX_HARDCODED_PASSWORD,controlled_apktool_template,1.0,accepted,hardcoded_password,basic_auth_credentials,Intentional hardcoded password patterns.,"[""basic auth credentials""]",AndroidManifest.xml; smali/com/mobilesec/controlled/MainActivity.smali,1,built
controlled-00207,hardcoded_password_0006,com.mobilesec.controlled.hardcoded_password0006,/tmp/controlled_apktool_dataset_v2/projects/hardcoded_password_0006,/tmp/controlled_apktool_dataset_v2/apks/hardcoded_password_0006.apk,5405744f77cf232a026720c7c337ab115c66c9eacfd5b51095f75d3e0624db7a,FIX_HARDCODED_PASSWORD,controlled_apktool_template,1.0,accepted,hardcoded_password,database_url_password,Intentional hardcoded password patterns.,"[""database URL password""]",AndroidManifest.xml; smali/com/mobilesec/controlled/MainActivity.smali,1,built
controlled-00208,hardcoded_password_0007,com.mobilesec.controlled.hardcoded_password0007,/tmp/controlled_apktool_dataset_v2/projects/hardcoded_password_0007,/tmp/controlled_apktool_dataset_v2/apks/hardcoded_password_0007.apk,c9db9cb6a9805222d8f7b2a434c575625f78849fbea3bb1c01ba49785d8fb532,FIX_HARDCODED_PASSWORD,controlled_apktool_template,1.0,accepted,hardcoded_password,default_admin_credentials,Intentional hardcoded password patterns.,"[""default admin credentials""]",AndroidManifest.xml; smali/com/mobilesec/controlled/MainActivity.smali,1,built
controlled-00209,hardcoded_password_0008,com.mobilesec.controlled.hardcoded_password0008,/tmp/controlled_apktool_dataset_v2/projects/hardcoded_password_0008,/tmp/controlled_apktool_dataset_v2/apks/hardcoded_password_0008.apk,c867585022947f9079a77a7997a8e3f5cb66d18eaa2143d5d2338a11c2674776,FIX_HARDCODED_PASSWORD,controlled_apktool_template,1.0,accepted,hardcoded_password,literal_password_assignment,Intentional hardcoded password patterns.,"[""hardcoded password assignment""]",AndroidManifest.xml; smali/com/mobilesec/controlled/MainActivity.smali,1,built
controlled-00210,hardcoded_password_0009,com.mobilesec.controlled.hardcoded_password0009,/tmp/controlled_apktool_dataset_v2/projects/hardcoded_password_0009,/tmp/controlled_apktool_dataset_v2/apks/hardcoded_password_0009.apk,1e30dedd19c3c4008014436aea48146f607fb0e2cd54480bca35ff16afb48385,FIX_HARDCODED_PASSWORD,controlled_apktool_template,1.0,accepted,hardcoded_password,basic_auth_credentials,Intentional hardcoded password patterns.,"[""basic auth credentials""]",AndroidManifest.xml; smali/com/mobilesec/controlled/MainActivity.smali,1,built
controlled-00211,hardcoded_password_0010,com.mobilesec.controlled.hardcoded_password0010,/tmp/controlled_apktool_dataset_v2/projects/hardcoded_password_0010,/tmp/controlled_apktool_dataset_v2/apks/hardcoded_password_0010.apk,bc4da746bda663ac31f0ebefc0cc936b5c41e4a1fa8dfa85dfeebfa616916949,FIX_HARDCODED_PASSWORD,controlled_apktool_template,1.0,accepted,hardcoded_password,database_url_password,Intentional hardcoded password patterns.,"[""database URL password""]",AndroidManifest.xml; smali/com/mobilesec/controlled/MainActivity.smali,1,built
controlled-00212,hardcoded_password_0011,com.mobilesec.controlled.hardcoded_password0011,/tmp/controlled_apktool_dataset_v2/projects/hardcoded_password_0011,/tmp/controlled_apktool_dataset_v2/apks/hardcoded_password_0011.apk,9aafb4dd7155dc96225f64a31c0424c93b610d31766dd6c72c64be346599f034,FIX_HARDCODED_PASSWORD,controlled_apktool_template,1.0,accepted,hardcoded_password,default_admin_credentials,Intentional hardcoded password patterns.,"[""default admin credentials""]",AndroidManifest.xml; smali/com/mobilesec/controlled/MainActivity.smali,1,built
controlled-00213,hardcoded_password_0012,com.mobilesec.controlled.hardcoded_password0012,/tmp/controlled_apktool_dataset_v2/projects/hardcoded_password_0012,/tmp/controlled_apktool_dataset_v2/apks/hardcoded_password_0012.apk,e90d57fd182f660169c2e95a695587e2f0068957abf6235b2b08293af7277180,FIX_HARDCODED_PASSWORD,controlled_apktool_template,1.0,accepted,hardcoded_password,literal_password_assignment,Intentional hardcoded password patterns.,"[""hardcoded password assignment""]",AndroidManifest.xml; smali/com/mobilesec/controlled/MainActivity.smali,1,built
controlled-00214,hardcoded_password_0013,com.mobilesec.controlled.hardcoded_password0013,/tmp/controlled_apktool_dataset_v2/projects/hardcoded_password_0013,/tmp/controlled_apktool_dataset_v2/apks/hardcoded_password_0013.apk,c198f195158ccd94243b05fcd3154035320a07f42a181bfb8e55b9d9660810f6,FIX_HARDCODED_PASSWORD,controlled_apktool_template,1.0,accepted,hardcoded_password,basic_auth_credentials,Intentional hardcoded password patterns.,"[""basic auth credentials""]",AndroidManifest.xml; smali/com/mobilesec/controlled/MainActivity.smali,1,built
controlled-00215,hardcoded_password_0014,com.mobilesec.controlled.hardcoded_password0014,/tmp/controlled_apktool_dataset_v2/projects/hardcoded_password_0014,/tmp/controlled_apktool_dataset_v2/apks/hardcoded_password_0014.apk,8bbc29f960e140ffee90c47e811f3d4309ea8cc7b2b83daf91a504bb85cd27fe,FIX_HARDCODED_PASSWORD,controlled_apktool_template,1.0,accepted,hardcoded_password,database_url_password,Intentional hardcoded password patterns.,"[""database URL password""]",AndroidManifest.xml; smali/com/mobilesec/controlled/MainActivity.smali,1,built
controlled-00216,hardcoded_password_0015,com.mobilesec.controlled.hardcoded_password0015,/tmp/controlled_apktool_dataset_v2/projects/hardcoded_password_0015,/tmp/controlled_apktool_dataset_v2/apks/hardcoded_password_0015.apk,47f4e24f8cc95ef253f461dbb5ffa282d7fda622158ff881f61804e9f24249a5,FIX_HARDCODED_PASSWORD,controlled_apktool_template,1.0,accepted,hardcoded_password,default_admin_credentials,Intentional hardcoded password patterns.,"[""default admin credentials""]",AndroidManifest.xml; smali/com/mobilesec/controlled/MainActivity.smali,1,built
controlled-00217,hardcoded_password_0016,com.mobilesec.controlled.hardcoded_password0016,/tmp/controlled_apktool_dataset_v2/projects/hardcoded_password_0016,/tmp/controlled_apktool_dataset_v2/apks/hardcoded_password_0016.apk,ddc2ac2f86cef5eaded7f04675d51b50c0a0fb9726d71de3be7d1b41047bf85b,FIX_HARDCODED_PASSWORD,controlled_apktool_template,1.0,accepted,hardcoded_password,literal_password_assignment,Intentional hardcoded password patterns.,"[""hardcoded password assignment""]",AndroidManifest.xml; smali/com/mobilesec/controlled/MainActivity.smali,1,built
controlled-00218,hardcoded_password_0017,com.mobilesec.controlled.hardcoded_password0017,/tmp/controlled_apktool_dataset_v2/projects/hardcoded_password_0017,/tmp/controlled_apktool_dataset_v2/apks/hardcoded_password_0017.apk,d5a8b13cac2999d379e4cce686bb3241154c8b9e22734a0fe7663d531326b6a4,FIX_HARDCODED_PASSWORD,controlled_apktool_template,1.0,accepted,hardcoded_password,basic_auth_credentials,Intentional hardcoded password patterns.,"[""basic auth credentials""]",AndroidManifest.xml; smali/com/mobilesec/controlled/MainActivity.smali,1,built
controlled-00219,hardcoded_password_0018,com.mobilesec.controlled.hardcoded_password0018,/tmp/controlled_apktool_dataset_v2/projects/hardcoded_password_0018,/tmp/controlled_apktool_dataset_v2/apks/hardcoded_password_0018.apk,f1cc7e692c65b9a65bdfe6197449886612663efa36f891b18edc0bbcda4da76a,FIX_HARDCODED_PASSWORD,controlled_apktool_template,1.0,accepted,hardcoded_password,database_url_password,Intentional hardcoded password patterns.,"[""database URL password""]",AndroidManifest.xml; smali/com/mobilesec/controlled/MainActivity.smali,1,built
controlled-00220,hardcoded_password_0019,com.mobilesec.controlled.hardcoded_password0019,/tmp/controlled_apktool_dataset_v2/projects/hardcoded_password_0019,/tmp/controlled_apktool_dataset_v2/apks/hardcoded_password_0019.apk,10b77cb1459b5a76471e240ed59f6d347d7597f75c5a9d73fce05633c9a886a1,FIX_HARDCODED_PASSWORD,controlled_apktool_template,1.0,accepted,hardcoded_password,default_admin_credentials,Intentional hardcoded password patterns.,"[""default admin credentials""]",AndroidManifest.xml; smali/com/mobilesec/controlled/MainActivity.smali,1,built
controlled-00221,hardcoded_password_0020,com.mobilesec.controlled.hardcoded_password0020,/tmp/controlled_apktool_dataset_v2/projects/hardcoded_password_0020,/tmp/controlled_apktool_dataset_v2/apks/hardcoded_password_0020.apk,80eb1b7890d040beca8ecabaef36875206c037a4ecee8232ace72428eb6f5d81,FIX_HARDCODED_PASSWORD,controlled_apktool_template,1.0,accepted,hardcoded_password,literal_password_assignment,Intentional hardcoded password patterns.,"[""hardcoded password assignment""]",AndroidManifest.xml; smali/com/mobilesec/controlled/MainActivity.smali,1,built
controlled-00222,hardcoded_password_0021,com.mobilesec.controlled.hardcoded_password0021,/tmp/controlled_apktool_dataset_v2/projects/hardcoded_password_0021,/tmp/controlled_apktool_dataset_v2/apks/hardcoded_password_0021.apk,769b55ba94fa5cc0059d6786c0efdb5af7014d02f5194f5c4389feb5a2908960,FIX_HARDCODED_PASSWORD,controlled_apktool_template,1.0,accepted,hardcoded_password,basic_auth_credentials,Intentional hardcoded password patterns.,"[""basic auth credentials""]",AndroidManifest.xml; smali/com/mobilesec/controlled/MainActivity.smali,1,built
controlled-00223,hardcoded_password_0022,com.mobilesec.controlled.hardcoded_password0022,/tmp/controlled_apktool_dataset_v2/projects/hardcoded_password_0022,/tmp/controlled_apktool_dataset_v2/apks/hardcoded_password_0022.apk,442f0c16efd5f012fdddcc5d7c394ae75a8ad370980d85c6734757f7dc60cf2f,FIX_HARDCODED_PASSWORD,controlled_apktool_template,1.0,accepted,hardcoded_password,database_url_password,Intentional hardcoded password patterns.,"[""database URL password""]",AndroidManifest.xml; smali/com/mobilesec/controlled/MainActivity.smali,1,built
controlled-00224,hardcoded_password_0023,com.mobilesec.controlled.hardcoded_password0023,/tmp/controlled_apktool_dataset_v2/projects/hardcoded_password_0023,/tmp/controlled_apktool_dataset_v2/apks/hardcoded_password_0023.apk,0167d1e03be6ed390cd58b641145fe9959cd19b43133ba22387364fcbe544d07,FIX_HARDCODED_PASSWORD,controlled_apktool_template,1.0,accepted,hardcoded_password,default_admin_credentials,Intentional hardcoded password patterns.,"[""default admin credentials""]",AndroidManifest.xml; smali/com/mobilesec/controlled/MainActivity.smali,1,built
controlled-00225,hardcoded_password_0024,com.mobilesec.controlled.hardcoded_password0024,/tmp/controlled_apktool_dataset_v2/projects/hardcoded_password_0024,/tmp/controlled_apktool_dataset_v2/apks/hardcoded_password_0024.apk,005b9248510442be0b8c316fef5fc1bc88751e2e4b37852443194d18edc39d75,FIX_HARDCODED_PASSWORD,controlled_apktool_template,1.0,accepted,hardcoded_password,literal_password_assignment,Intentional hardcoded password patterns.,"[""hardcoded password assignment""]",AndroidManifest.xml; smali/com/mobilesec/controlled/MainActivity.smali,1,built
controlled-00226,hardcoded_password_0025,com.mobilesec.controlled.hardcoded_password0025,/tmp/controlled_apktool_dataset_v2/projects/hardcoded_password_0025,/tmp/controlled_apktool_dataset_v2/apks/hardcoded_password_0025.apk,390e4207ce1cb1bd0634ddb720b64e96b0ba67854b7fa96cdb3183de526632d2,FIX_HARDCODED_PASSWORD,controlled_apktool_template,1.0,accepted,hardcoded_password,basic_auth_credentials,Intentional hardcoded password patterns.,"[""basic auth credentials""]",AndroidManifest.xml; smali/com/mobilesec/controlled/MainActivity.smali,1,built
controlled-00227,hardcoded_password_0026,com.mobilesec.controlled.hardcoded_password0026,/tmp/controlled_apktool_dataset_v2/projects/hardcoded_password_0026,/tmp/controlled_apktool_dataset_v2/apks/hardcoded_password_0026.apk,c2f357219c05e1b3f36687e04829f592cce51c9d97606df56bba2e5f786635ad,FIX_HARDCODED_PASSWORD,controlled_apktool_template,1.0,accepted,hardcoded_password,database_url_password,Intentional hardcoded password patterns.,"[""database URL password""]",AndroidManifest.xml; smali/com/mobilesec/controlled/MainActivity.smali,1,built
controlled-00228,hardcoded_password_0027,com.mobilesec.controlled.hardcoded_password0027,/tmp/controlled_apktool_dataset_v2/projects/hardcoded_password_0027,/tmp/controlled_apktool_dataset_v2/apks/hardcoded_password_0027.apk,274b8c176b031af7e9154b074c0c48097cd62b2ee1a63f3f2b9acc87e7895510,FIX_HARDCODED_PASSWORD,controlled_apktool_template,1.0,accepted,hardcoded_password,default_admin_credentials,Intentional hardcoded password patterns.,"[""default admin credentials""]",AndroidManifest.xml; smali/com/mobilesec/controlled/MainActivity.smali,1,built
controlled-00229,hardcoded_password_0028,com.mobilesec.controlled.hardcoded_password0028,/tmp/controlled_apktool_dataset_v2/projects/hardcoded_password_0028,/tmp/controlled_apktool_dataset_v2/apks/hardcoded_password_0028.apk,1c73a4fa0dea0ad8ed78ed141852babd57928f471f690d0f61a343c0e189eb46,FIX_HARDCODED_PASSWORD,controlled_apktool_template,1.0,accepted,hardcoded_password,literal_password_assignment,Intentional hardcoded password patterns.,"[""hardcoded password assignment""]",AndroidManifest.xml; smali/com/mobilesec/controlled/MainActivity.smali,1,built
controlled-00230,hardcoded_password_0029,com.mobilesec.controlled.hardcoded_password0029,/tmp/controlled_apktool_dataset_v2/projects/hardcoded_password_0029,/tmp/controlled_apktool_dataset_v2/apks/hardcoded_password_0029.apk,55f8e41cad5c4cde46ec1a04c546980517c8861dbca24bd1b8da8e24829c8d8e,FIX_HARDCODED_PASSWORD,controlled_apktool_template,1.0,accepted,hardcoded_password,basic_auth_credentials,Intentional hardcoded password patterns.,"[""basic auth credentials""]",AndroidManifest.xml; smali/com/mobilesec/controlled/MainActivity.smali,1,built
controlled-00231,hardcoded_password_0030,com.mobilesec.controlled.hardcoded_password0030,/tmp/controlled_apktool_dataset_v2/projects/hardcoded_password_0030,/tmp/controlled_apktool_dataset_v2/apks/hardcoded_password_0030.apk,dea8a67c4040d8c4abb8f0aa47fa619f1aa48cc957d902b2690969cb028d4ebf,FIX_HARDCODED_PASSWORD,controlled_apktool_template,1.0,accepted,hardcoded_password,database_url_password,Intentional hardcoded password patterns.,"[""database URL password""]",AndroidManifest.xml; smali/com/mobilesec/controlled/MainActivity.smali,1,built
controlled-00232,hardcoded_password_0031,com.mobilesec.controlled.hardcoded_password0031,/tmp/controlled_apktool_dataset_v2/projects/hardcoded_password_0031,/tmp/controlled_apktool_dataset_v2/apks/hardcoded_password_0031.apk,fbf2fca20193e7464849c693c8727c50d4d2c54d21bb8abb57e8f3bf2662a185,FIX_HARDCODED_PASSWORD,controlled_apktool_template,1.0,accepted,hardcoded_password,default_admin_credentials,Intentional hardcoded password patterns.,"[""default admin credentials""]",AndroidManifest.xml; smali/com/mobilesec/controlled/MainActivity.smali,1,built
controlled-00233,hardcoded_password_0032,com.mobilesec.controlled.hardcoded_password0032,/tmp/controlled_apktool_dataset_v2/projects/hardcoded_password_0032,/tmp/controlled_apktool_dataset_v2/apks/hardcoded_password_0032.apk,5299748e2889fde10938a94fac2b82f7e15e6197838a7076f207974aa94fdf91,FIX_HARDCODED_PASSWORD,controlled_apktool_template,1.0,accepted,hardcoded_password,literal_password_assignment,Intentional hardcoded password patterns.,"[""hardcoded password assignment""]",AndroidManifest.xml; smali/com/mobilesec/controlled/MainActivity.smali,1,built
controlled-00234,hardcoded_password_0033,com.mobilesec.controlled.hardcoded_password0033,/tmp/controlled_apktool_dataset_v2/projects/hardcoded_password_0033,/tmp/controlled_apktool_dataset_v2/apks/hardcoded_password_0033.apk,7b1e5334fa34a59ebb58d016757b2fd28b854acfe6bbb4dbdcdcdf01463c90af,FIX_HARDCODED_PASSWORD,controlled_apktool_template,1.0,accepted,hardcoded_password,basic_auth_credentials,Intentional hardcoded password patterns.,"[""basic auth credentials""]",AndroidManifest.xml; smali/com/mobilesec/controlled/MainActivity.smali,1,built
controlled-00235,hardcoded_password_0034,com.mobilesec.controlled.hardcoded_password0034,/tmp/controlled_apktool_dataset_v2/projects/hardcoded_password_0034,/tmp/controlled_apktool_dataset_v2/apks/hardcoded_password_0034.apk,1df1cafc893e45357a410febebd66853b5af57097e41cc58c73941a8cb105667,FIX_HARDCODED_PASSWORD,controlled_apktool_template,1.0,accepted,hardcoded_password,database_url_password,Intentional hardcoded password patterns.,"[""database URL password""]",AndroidManifest.xml; smali/com/mobilesec/controlled/MainActivity.smali,1,built
controlled-00236,hardcoded_password_0035,com.mobilesec.controlled.hardcoded_password0035,/tmp/controlled_apktool_dataset_v2/projects/hardcoded_password_0035,/tmp/controlled_apktool_dataset_v2/apks/hardcoded_password_0035.apk,0e42630c028e2b954b19ad4c826c938e007e1db7426c2ddab7ada892244a4c53,FIX_HARDCODED_PASSWORD,controlled_apktool_template,1.0,accepted,hardcoded_password,default_admin_credentials,Intentional hardcoded password patterns.,"[""default admin credentials""]",AndroidManifest.xml; smali/com/mobilesec/controlled/MainActivity.smali,1,built
controlled-00237,hardcoded_password_0036,com.mobilesec.controlled.hardcoded_password0036,/tmp/controlled_apktool_dataset_v2/projects/hardcoded_password_0036,/tmp/controlled_apktool_dataset_v2/apks/hardcoded_password_0036.apk,7f13cdffc8846440dc671f1120a7738e98189587debdc75b27514a9320aa4d1a,FIX_HARDCODED_PASSWORD,controlled_apktool_template,1.0,accepted,hardcoded_password,literal_password_assignment,Intentional hardcoded password patterns.,"[""hardcoded password assignment""]",AndroidManifest.xml; smali/com/mobilesec/controlled/MainActivity.smali,1,built
controlled-00238,hardcoded_password_0037,com.mobilesec.controlled.hardcoded_password0037,/tmp/controlled_apktool_dataset_v2/projects/hardcoded_password_0037,/tmp/controlled_apktool_dataset_v2/apks/hardcoded_password_0037.apk,bac691243316479cbb1cae9c2640872a7641d0aa922c2f84e6089ddf52036f6f,FIX_HARDCODED_PASSWORD,controlled_apktool_template,1.0,accepted,hardcoded_password,basic_auth_credentials,Intentional hardcoded password patterns.,"[""basic auth credentials""]",AndroidManifest.xml; smali/com/mobilesec/controlled/MainActivity.smali,1,built
controlled-00239,hardcoded_password_0038,com.mobilesec.controlled.hardcoded_password0038,/tmp/controlled_apktool_dataset_v2/projects/hardcoded_password_0038,/tmp/controlled_apktool_dataset_v2/apks/hardcoded_password_0038.apk,0e17d5619da7184414d0397ed3852b6174fbf86a840aebc925c4fd1d4546d74b,FIX_HARDCODED_PASSWORD,controlled_apktool_template,1.0,accepted,hardcoded_password,database_url_password,Intentional hardcoded password patterns.,"[""database URL password""]",AndroidManifest.xml; smali/com/mobilesec/controlled/MainActivity.smali,1,built
controlled-00240,hardcoded_password_0039,com.mobilesec.controlled.hardcoded_password0039,/tmp/controlled_apktool_dataset_v2/projects/hardcoded_password_0039,/tmp/controlled_apktool_dataset_v2/apks/hardcoded_password_0039.apk,bf992e672ab1a1b64bb9b21eaf2d4112b8552c067633d4eec0ad0cb9843d717d,FIX_HARDCODED_PASSWORD,controlled_apktool_template,1.0,accepted,hardcoded_password,default_admin_credentials,Intentional hardcoded password patterns.,"[""default admin credentials""]",AndroidManifest.xml; smali/com/mobilesec/controlled/MainActivity.smali,1,built
controlled-00241,exposed_secret_0000,com.mobilesec.controlled.exposed_secret0000,/tmp/controlled_apktool_dataset_v2/projects/exposed_secret_0000,/tmp/controlled_apktool_dataset_v2/apks/exposed_secret_0000.apk,5ebb58e09b95bcd68937c9cf6bdf9a36638125dbc569c65f2592aae0fa3aeb48,FIX_EXPOSED_SECRET,controlled_apktool_template,1.0,accepted,exposed_secret,oauth_token,Intentional hardcoded token/secret patterns.,"[""OAuth token""]",AndroidManifest.xml; smali/com/mobilesec/controlled/MainActivity.smali,1,built
controlled-00242,exposed_secret_0001,com.mobilesec.controlled.exposed_secret0001,/tmp/controlled_apktool_dataset_v2/projects/exposed_secret_0001,/tmp/controlled_apktool_dataset_v2/apks/exposed_secret_0001.apk,5fbcfb7e9535ccdeb7033a85266518a76aec7c30d98b9909eb3f2a04892705c6,FIX_EXPOSED_SECRET,controlled_apktool_template,1.0,accepted,exposed_secret,jwt_token,Intentional hardcoded token/secret patterns.,"[""JWT-like token""]",AndroidManifest.xml; smali/com/mobilesec/controlled/MainActivity.smali,1,built
controlled-00243,exposed_secret_0002,com.mobilesec.controlled.exposed_secret0002,/tmp/controlled_apktool_dataset_v2/projects/exposed_secret_0002,/tmp/controlled_apktool_dataset_v2/apks/exposed_secret_0002.apk,b8ed5d1b3edc78a33e9caf65215a4bacc4457d501b4e93847b1b1ed4eab469bf,FIX_EXPOSED_SECRET,controlled_apktool_template,1.0,accepted,exposed_secret,bearer_token,Intentional hardcoded token/secret patterns.,"[""Bearer token""]",AndroidManifest.xml; smali/com/mobilesec/controlled/MainActivity.smali,1,built
controlled-00244,exposed_secret_0003,com.mobilesec.controlled.exposed_secret0003,/tmp/controlled_apktool_dataset_v2/projects/exposed_secret_0003,/tmp/controlled_apktool_dataset_v2/apks/exposed_secret_0003.apk,cb72be27dbe5ac40bedb89f33e3bf77740deb84d0eef8c1ca4f38b0121f147b5,FIX_EXPOSED_SECRET,controlled_apktool_template,1.0,accepted,exposed_secret,private_key_marker,Intentional hardcoded token/secret patterns.,"[""private key material""]",AndroidManifest.xml; smali/com/mobilesec/controlled/MainActivity.smali,1,built
controlled-00245,exposed_secret_0004,com.mobilesec.controlled.exposed_secret0004,/tmp/controlled_apktool_dataset_v2/projects/exposed_secret_0004,/tmp/controlled_apktool_dataset_v2/apks/exposed_secret_0004.apk,c8c0cd959f8eb7a4fed4b82b2245e643d3e9f2f912b18dd7c8e3ff3bc0c968f8,FIX_EXPOSED_SECRET,controlled_apktool_template,1.0,accepted,exposed_secret,oauth_token,Intentional hardcoded token/secret patterns.,"[""OAuth token""]",AndroidManifest.xml; smali/com/mobilesec/controlled/MainActivity.smali,1,built
controlled-00246,exposed_secret_0005,com.mobilesec.controlled.exposed_secret0005,/tmp/controlled_apktool_dataset_v2/projects/exposed_secret_0005,/tmp/controlled_apktool_dataset_v2/apks/exposed_secret_0005.apk,e607cfc13107ecb9b9881c4baf764f6e874b10ec904cebca2bdf6a88cebde740,FIX_EXPOSED_SECRET,controlled_apktool_template,1.0,accepted,exposed_secret,jwt_token,Intentional hardcoded token/secret patterns.,"[""JWT-like token""]",AndroidManifest.xml; smali/com/mobilesec/controlled/MainActivity.smali,1,built
controlled-00247,exposed_secret_0006,com.mobilesec.controlled.exposed_secret0006,/tmp/controlled_apktool_dataset_v2/projects/exposed_secret_0006,/tmp/controlled_apktool_dataset_v2/apks/exposed_secret_0006.apk,7884bf07a2d92f0262980dfc79e0141c6e54745aee8b9dabe739085fb1d58a4c,FIX_EXPOSED_SECRET,controlled_apktool_template,1.0,accepted,exposed_secret,bearer_token,Intentional hardcoded token/secret patterns.,"[""Bearer token""]",AndroidManifest.xml; smali/com/mobilesec/controlled/MainActivity.smali,1,built
controlled-00248,exposed_secret_0007,com.mobilesec.controlled.exposed_secret0007,/tmp/controlled_apktool_dataset_v2/projects/exposed_secret_0007,/tmp/controlled_apktool_dataset_v2/apks/exposed_secret_0007.apk,fd6961466145b22e5435b3700365534a0da2a1bd78dba082815cddbf29f0ffe7,FIX_EXPOSED_SECRET,controlled_apktool_template,1.0,accepted,exposed_secret,private_key_marker,Intentional hardcoded token/secret patterns.,"[""private key material""]",AndroidManifest.xml; smali/com/mobilesec/controlled/MainActivity.smali,1,built
controlled-00249,exposed_secret_0008,com.mobilesec.controlled.exposed_secret0008,/tmp/controlled_apktool_dataset_v2/projects/exposed_secret_0008,/tmp/controlled_apktool_dataset_v2/apks/exposed_secret_0008.apk,85d54c9f523b2bee4643e33ea4498b4b358cdabb95df0d1de98724324c091ea6,FIX_EXPOSED_SECRET,controlled_apktool_template,1.0,accepted,exposed_secret,oauth_token,Intentional hardcoded token/secret patterns.,"[""OAuth token""]",AndroidManifest.xml; smali/com/mobilesec/controlled/MainActivity.smali,1,built
controlled-00250,exposed_secret_0009,com.mobilesec.controlled.exposed_secret0009,/tmp/controlled_apktool_dataset_v2/projects/exposed_secret_0009,/tmp/controlled_apktool_dataset_v2/apks/exposed_secret_0009.apk,d5b399acf16782914a30d3809c660ae7a4501a530f003e8fa7b8f175d6cb7b79,FIX_EXPOSED_SECRET,controlled_apktool_template,1.0,accepted,exposed_secret,jwt_token,Intentional hardcoded token/secret patterns.,"[""JWT-like token""]",AndroidManifest.xml; smali/com/mobilesec/controlled/MainActivity.smali,1,built
controlled-00251,exposed_secret_0010,com.mobilesec.controlled.exposed_secret0010,/tmp/controlled_apktool_dataset_v2/projects/exposed_secret_0010,/tmp/controlled_apktool_dataset_v2/apks/exposed_secret_0010.apk,e0de29f185a2aa963cc266e2f520a150f3121376f7c9daa5b1f0fbe69b2bda1e,FIX_EXPOSED_SECRET,controlled_apktool_template,1.0,accepted,exposed_secret,bearer_token,Intentional hardcoded token/secret patterns.,"[""Bearer token""]",AndroidManifest.xml; smali/com/mobilesec/controlled/MainActivity.smali,1,built
controlled-00252,exposed_secret_0011,com.mobilesec.controlled.exposed_secret0011,/tmp/controlled_apktool_dataset_v2/projects/exposed_secret_0011,/tmp/controlled_apktool_dataset_v2/apks/exposed_secret_0011.apk,485e433e974a7e600253367f82fa1239a829efca88687c2f11f175d11d54ccc4,FIX_EXPOSED_SECRET,controlled_apktool_template,1.0,accepted,exposed_secret,private_key_marker,Intentional hardcoded token/secret patterns.,"[""private key material""]",AndroidManifest.xml; smali/com/mobilesec/controlled/MainActivity.smali,1,built
controlled-00253,exposed_secret_0012,com.mobilesec.controlled.exposed_secret0012,/tmp/controlled_apktool_dataset_v2/projects/exposed_secret_0012,/tmp/controlled_apktool_dataset_v2/apks/exposed_secret_0012.apk,c66781761937eeb193a658efae2808e79b50770e8223a41da56f233bde30b22c,FIX_EXPOSED_SECRET,controlled_apktool_template,1.0,accepted,exposed_secret,oauth_token,Intentional hardcoded token/secret patterns.,"[""OAuth token""]",AndroidManifest.xml; smali/com/mobilesec/controlled/MainActivity.smali,1,built
controlled-00254,exposed_secret_0013,com.mobilesec.controlled.exposed_secret0013,/tmp/controlled_apktool_dataset_v2/projects/exposed_secret_0013,/tmp/controlled_apktool_dataset_v2/apks/exposed_secret_0013.apk,a786e70edefc930728245118049bbcc87b7d143945ac4ef18ceeaa39614e8c4c,FIX_EXPOSED_SECRET,controlled_apktool_template,1.0,accepted,exposed_secret,jwt_token,Intentional hardcoded token/secret patterns.,"[""JWT-like token""]",AndroidManifest.xml; smali/com/mobilesec/controlled/MainActivity.smali,1,built
controlled-00255,exposed_secret_0014,com.mobilesec.controlled.exposed_secret0014,/tmp/controlled_apktool_dataset_v2/projects/exposed_secret_0014,/tmp/controlled_apktool_dataset_v2/apks/exposed_secret_0014.apk,be2f3d67ce378007bd1a5166a393ecc3d6540c94904e37b2ddc7980bd53ef3c1,FIX_EXPOSED_SECRET,controlled_apktool_template,1.0,accepted,exposed_secret,bearer_token,Intentional hardcoded token/secret patterns.,"[""Bearer token""]",AndroidManifest.xml; smali/com/mobilesec/controlled/MainActivity.smali,1,built
controlled-00256,exposed_secret_0015,com.mobilesec.controlled.exposed_secret0015,/tmp/controlled_apktool_dataset_v2/projects/exposed_secret_0015,/tmp/controlled_apktool_dataset_v2/apks/exposed_secret_0015.apk,f3365b3b634d973aa8532c7e4a037ae837683ea01df8acb6df08940790e27658,FIX_EXPOSED_SECRET,controlled_apktool_template,1.0,accepted,exposed_secret,private_key_marker,Intentional hardcoded token/secret patterns.,"[""private key material""]",AndroidManifest.xml; smali/com/mobilesec/controlled/MainActivity.smali,1,built
controlled-00257,exposed_secret_0016,com.mobilesec.controlled.exposed_secret0016,/tmp/controlled_apktool_dataset_v2/projects/exposed_secret_0016,/tmp/controlled_apktool_dataset_v2/apks/exposed_secret_0016.apk,ab6f8cfdfed8b3ef5482426028784958263cb2b84b9923a3a606a5544b4bc4b4,FIX_EXPOSED_SECRET,controlled_apktool_template,1.0,accepted,exposed_secret,oauth_token,Intentional hardcoded token/secret patterns.,"[""OAuth token""]",AndroidManifest.xml; smali/com/mobilesec/controlled/MainActivity.smali,1,built
controlled-00258,exposed_secret_0017,com.mobilesec.controlled.exposed_secret0017,/tmp/controlled_apktool_dataset_v2/projects/exposed_secret_0017,/tmp/controlled_apktool_dataset_v2/apks/exposed_secret_0017.apk,5268cc33ae71c5593c88b425d33fd9863f7e6e7bd3933561075f7bb0c6b9299d,FIX_EXPOSED_SECRET,controlled_apktool_template,1.0,accepted,exposed_secret,jwt_token,Intentional hardcoded token/secret patterns.,"[""JWT-like token""]",AndroidManifest.xml; smali/com/mobilesec/controlled/MainActivity.smali,1,built
controlled-00259,exposed_secret_0018,com.mobilesec.controlled.exposed_secret0018,/tmp/controlled_apktool_dataset_v2/projects/exposed_secret_0018,/tmp/controlled_apktool_dataset_v2/apks/exposed_secret_0018.apk,9b9e386243c12834208c7b388fbc44d58dca69095dcd21666d6231dfc2a4ae16,FIX_EXPOSED_SECRET,controlled_apktool_template,1.0,accepted,exposed_secret,bearer_token,Intentional hardcoded token/secret patterns.,"[""Bearer token""]",AndroidManifest.xml; smali/com/mobilesec/controlled/MainActivity.smali,1,built
controlled-00260,exposed_secret_0019,com.mobilesec.controlled.exposed_secret0019,/tmp/controlled_apktool_dataset_v2/projects/exposed_secret_0019,/tmp/controlled_apktool_dataset_v2/apks/exposed_secret_0019.apk,3ccf4a93894e3b0bc530f97e8b029e6432cb518934a51aa64ee5171d2486e2b6,FIX_EXPOSED_SECRET,controlled_apktool_template,1.0,accepted,exposed_secret,private_key_marker,Intentional hardcoded token/secret patterns.,"[""private key material""]",AndroidManifest.xml; smali/com/mobilesec/controlled/MainActivity.smali,1,built
controlled-00261,exposed_secret_0020,com.mobilesec.controlled.exposed_secret0020,/tmp/controlled_apktool_dataset_v2/projects/exposed_secret_0020,/tmp/controlled_apktool_dataset_v2/apks/exposed_secret_0020.apk,f33cd60115b8857193cd66f1d3df83e201bdbb0e9ae7bfa53df41219cdae0916,FIX_EXPOSED_SECRET,controlled_apktool_template,1.0,accepted,exposed_secret,oauth_token,Intentional hardcoded token/secret patterns.,"[""OAuth token""]",AndroidManifest.xml; smali/com/mobilesec/controlled/MainActivity.smali,1,built
controlled-00262,exposed_secret_0021,com.mobilesec.controlled.exposed_secret0021,/tmp/controlled_apktool_dataset_v2/projects/exposed_secret_0021,/tmp/controlled_apktool_dataset_v2/apks/exposed_secret_0021.apk,582006ac4a0579d0891e3d4e25d30452395f14f309aff93e201dd1ccbd843e12,FIX_EXPOSED_SECRET,controlled_apktool_template,1.0,accepted,exposed_secret,jwt_token,Intentional hardcoded token/secret patterns.,"[""JWT-like token""]",AndroidManifest.xml; smali/com/mobilesec/controlled/MainActivity.smali,1,built
controlled-00263,exposed_secret_0022,com.mobilesec.controlled.exposed_secret0022,/tmp/controlled_apktool_dataset_v2/projects/exposed_secret_0022,/tmp/controlled_apktool_dataset_v2/apks/exposed_secret_0022.apk,7be49f16de3e619b9fef982696cf1b8f21e1ae42b21876622a92bfdd4833bff3,FIX_EXPOSED_SECRET,controlled_apktool_template,1.0,accepted,exposed_secret,bearer_token,Intentional hardcoded token/secret patterns.,"[""Bearer token""]",AndroidManifest.xml; smali/com/mobilesec/controlled/MainActivity.smali,1,built
controlled-00264,exposed_secret_0023,com.mobilesec.controlled.exposed_secret0023,/tmp/controlled_apktool_dataset_v2/projects/exposed_secret_0023,/tmp/controlled_apktool_dataset_v2/apks/exposed_secret_0023.apk,15ab767132799f88f5ba03531abb90809dbf179179b6592eeb4507d59e4df1fb,FIX_EXPOSED_SECRET,controlled_apktool_template,1.0,accepted,exposed_secret,private_key_marker,Intentional hardcoded token/secret patterns.,"[""private key material""]",AndroidManifest.xml; smali/com/mobilesec/controlled/MainActivity.smali,1,built
controlled-00265,exposed_secret_0024,com.mobilesec.controlled.exposed_secret0024,/tmp/controlled_apktool_dataset_v2/projects/exposed_secret_0024,/tmp/controlled_apktool_dataset_v2/apks/exposed_secret_0024.apk,e558492968635dcb41ed246a81b1fbf5a1c06b76c85e41d3cefa8728498e4504,FIX_EXPOSED_SECRET,controlled_apktool_template,1.0,accepted,exposed_secret,oauth_token,Intentional hardcoded token/secret patterns.,"[""OAuth token""]",AndroidManifest.xml; smali/com/mobilesec/controlled/MainActivity.smali,1,built
controlled-00266,exposed_secret_0025,com.mobilesec.controlled.exposed_secret0025,/tmp/controlled_apktool_dataset_v2/projects/exposed_secret_0025,/tmp/controlled_apktool_dataset_v2/apks/exposed_secret_0025.apk,e6bd90a7b887d37c52d63050da858c5130214ebec3a25f22cdbe9407b78dca56,FIX_EXPOSED_SECRET,controlled_apktool_template,1.0,accepted,exposed_secret,jwt_token,Intentional hardcoded token/secret patterns.,"[""JWT-like token""]",AndroidManifest.xml; smali/com/mobilesec/controlled/MainActivity.smali,1,built
controlled-00267,exposed_secret_0026,com.mobilesec.controlled.exposed_secret0026,/tmp/controlled_apktool_dataset_v2/projects/exposed_secret_0026,/tmp/controlled_apktool_dataset_v2/apks/exposed_secret_0026.apk,813933bb3fac1c6f6a0a32e580c1e192c8ebcdd3723997ed8fae81e8012fbca3,FIX_EXPOSED_SECRET,controlled_apktool_template,1.0,accepted,exposed_secret,bearer_token,Intentional hardcoded token/secret patterns.,"[""Bearer token""]",AndroidManifest.xml; smali/com/mobilesec/controlled/MainActivity.smali,1,built
controlled-00268,exposed_secret_0027,com.mobilesec.controlled.exposed_secret0027,/tmp/controlled_apktool_dataset_v2/projects/exposed_secret_0027,/tmp/controlled_apktool_dataset_v2/apks/exposed_secret_0027.apk,e1d646d75e4831bcafe8a6554db54be3f4eac19b4ee78eb185d4d4cdf8f4d553,FIX_EXPOSED_SECRET,controlled_apktool_template,1.0,accepted,exposed_secret,private_key_marker,Intentional hardcoded token/secret patterns.,"[""private key material""]",AndroidManifest.xml; smali/com/mobilesec/controlled/MainActivity.smali,1,built
controlled-00269,exposed_secret_0028,com.mobilesec.controlled.exposed_secret0028,/tmp/controlled_apktool_dataset_v2/projects/exposed_secret_0028,/tmp/controlled_apktool_dataset_v2/apks/exposed_secret_0028.apk,e0c727a86a6f8d092e72902812a74b2c6b8f0fc5c56b6223bc18447946dfa670,FIX_EXPOSED_SECRET,controlled_apktool_template,1.0,accepted,exposed_secret,oauth_token,Intentional hardcoded token/secret patterns.,"[""OAuth token""]",AndroidManifest.xml; smali/com/mobilesec/controlled/MainActivity.smali,1,built
controlled-00270,exposed_secret_0029,com.mobilesec.controlled.exposed_secret0029,/tmp/controlled_apktool_dataset_v2/projects/exposed_secret_0029,/tmp/controlled_apktool_dataset_v2/apks/exposed_secret_0029.apk,2b465837f52928c48aeb2eccfbe1a33e303a6dea2ad16c2e42d55f581f38789b,FIX_EXPOSED_SECRET,controlled_apktool_template,1.0,accepted,exposed_secret,jwt_token,Intentional hardcoded token/secret patterns.,"[""JWT-like token""]",AndroidManifest.xml; smali/com/mobilesec/controlled/MainActivity.smali,1,built
controlled-00271,exposed_secret_0030,com.mobilesec.controlled.exposed_secret0030,/tmp/controlled_apktool_dataset_v2/projects/exposed_secret_0030,/tmp/controlled_apktool_dataset_v2/apks/exposed_secret_0030.apk,a3cb30f6dee28ef52da715cb57dcb0e90d6ff1d1b2c9d720eeb267107cd95b71,FIX_EXPOSED_SECRET,controlled_apktool_template,1.0,accepted,exposed_secret,bearer_token,Intentional hardcoded token/secret patterns.,"[""Bearer token""]",AndroidManifest.xml; smali/com/mobilesec/controlled/MainActivity.smali,1,built
controlled-00272,exposed_secret_0031,com.mobilesec.controlled.exposed_secret0031,/tmp/controlled_apktool_dataset_v2/projects/exposed_secret_0031,/tmp/controlled_apktool_dataset_v2/apks/exposed_secret_0031.apk,45cb69ed94fde5258e739a7f902d3024c39a87df9560d016673b4db9e36eb231,FIX_EXPOSED_SECRET,controlled_apktool_template,1.0,accepted,exposed_secret,private_key_marker,Intentional hardcoded token/secret patterns.,"[""private key material""]",AndroidManifest.xml; smali/com/mobilesec/controlled/MainActivity.smali,1,built
controlled-00273,exposed_secret_0032,com.mobilesec.controlled.exposed_secret0032,/tmp/controlled_apktool_dataset_v2/projects/exposed_secret_0032,/tmp/controlled_apktool_dataset_v2/apks/exposed_secret_0032.apk,988d0136c913662a784ecc07c751ab3c136ca571fecea986d35dbb605993c460,FIX_EXPOSED_SECRET,controlled_apktool_template,1.0,accepted,exposed_secret,oauth_token,Intentional hardcoded token/secret patterns.,"[""OAuth token""]",AndroidManifest.xml; smali/com/mobilesec/controlled/MainActivity.smali,1,built
controlled-00274,exposed_secret_0033,com.mobilesec.controlled.exposed_secret0033,/tmp/controlled_apktool_dataset_v2/projects/exposed_secret_0033,/tmp/controlled_apktool_dataset_v2/apks/exposed_secret_0033.apk,6d0ecdce0375f6de6f2448e816fb1f7764cbccbaeb659a900edabd19d36d0048,FIX_EXPOSED_SECRET,controlled_apktool_template,1.0,accepted,exposed_secret,jwt_token,Intentional hardcoded token/secret patterns.,"[""JWT-like token""]",AndroidManifest.xml; smali/com/mobilesec/controlled/MainActivity.smali,1,built
controlled-00275,exposed_secret_0034,com.mobilesec.controlled.exposed_secret0034,/tmp/controlled_apktool_dataset_v2/projects/exposed_secret_0034,/tmp/controlled_apktool_dataset_v2/apks/exposed_secret_0034.apk,03394ad6b674ce9ea72723be6e0c96a1f81cafb1a5d244e8168932b5b309f79b,FIX_EXPOSED_SECRET,controlled_apktool_template,1.0,accepted,exposed_secret,bearer_token,Intentional hardcoded token/secret patterns.,"[""Bearer token""]",AndroidManifest.xml; smali/com/mobilesec/controlled/MainActivity.smali,1,built
controlled-00276,exposed_secret_0035,com.mobilesec.controlled.exposed_secret0035,/tmp/controlled_apktool_dataset_v2/projects/exposed_secret_0035,/tmp/controlled_apktool_dataset_v2/apks/exposed_secret_0035.apk,b4033c407c61162123103b50b59298702dbb910212e93ed57914aaab2295f834,FIX_EXPOSED_SECRET,controlled_apktool_template,1.0,accepted,exposed_secret,private_key_marker,Intentional hardcoded token/secret patterns.,"[""private key material""]",AndroidManifest.xml; smali/com/mobilesec/controlled/MainActivity.smali,1,built
controlled-00277,exposed_secret_0036,com.mobilesec.controlled.exposed_secret0036,/tmp/controlled_apktool_dataset_v2/projects/exposed_secret_0036,/tmp/controlled_apktool_dataset_v2/apks/exposed_secret_0036.apk,4af63b56889224f76c29f286c7e7eb4d7b961e0332e941f00683f1a274282f9a,FIX_EXPOSED_SECRET,controlled_apktool_template,1.0,accepted,exposed_secret,oauth_token,Intentional hardcoded token/secret patterns.,"[""OAuth token""]",AndroidManifest.xml; smali/com/mobilesec/controlled/MainActivity.smali,1,built
controlled-00278,exposed_secret_0037,com.mobilesec.controlled.exposed_secret0037,/tmp/controlled_apktool_dataset_v2/projects/exposed_secret_0037,/tmp/controlled_apktool_dataset_v2/apks/exposed_secret_0037.apk,fe13d41f13f82135e40683569dd01b34a7acdad02ead52b6b42b7b03ef3b3193,FIX_EXPOSED_SECRET,controlled_apktool_template,1.0,accepted,exposed_secret,jwt_token,Intentional hardcoded token/secret patterns.,"[""JWT-like token""]",AndroidManifest.xml; smali/com/mobilesec/controlled/MainActivity.smali,1,built
controlled-00279,exposed_secret_0038,com.mobilesec.controlled.exposed_secret0038,/tmp/controlled_apktool_dataset_v2/projects/exposed_secret_0038,/tmp/controlled_apktool_dataset_v2/apks/exposed_secret_0038.apk,741ee7e27f8b1e081c37da4aff28701358df39cb0dbf1ad060ab1300a6d19a4c,FIX_EXPOSED_SECRET,controlled_apktool_template,1.0,accepted,exposed_secret,bearer_token,Intentional hardcoded token/secret patterns.,"[""Bearer token""]",AndroidManifest.xml; smali/com/mobilesec/controlled/MainActivity.smali,1,built
controlled-00280,exposed_secret_0039,com.mobilesec.controlled.exposed_secret0039,/tmp/controlled_apktool_dataset_v2/projects/exposed_secret_0039,/tmp/controlled_apktool_dataset_v2/apks/exposed_secret_0039.apk,fbaeaba3a131c5a8b950e1033c2e2d4fa9a7a2547da85169ad8cf541d9978d1a,FIX_EXPOSED_SECRET,controlled_apktool_template,1.0,accepted,exposed_secret,private_key_marker,Intentional hardcoded token/secret patterns.,"[""private key material""]",AndroidManifest.xml; smali/com/mobilesec/controlled/MainActivity.smali,1,built
controlled-00281,insecure_http_0000,com.mobilesec.controlled.insecure_http0000,/tmp/controlled_apktool_dataset_v2/projects/insecure_http_0000,/tmp/controlled_apktool_dataset_v2/apks/insecure_http_0000.apk,ad8057bba280e853fffbf34ba6dd3391faa2ab2a9cf8ce11de32046f53b2245c,FIX_INSECURE_HTTP,controlled_apktool_template,1.0,accepted,insecure_http,http_login_endpoint,Intentional cleartext HTTP and mixed-content patterns.,"[""HTTP login endpoint""]",AndroidManifest.xml; smali/com/mobilesec/controlled/MainActivity.smali,1,built
controlled-00282,insecure_http_0001,com.mobilesec.controlled.insecure_http0001,/tmp/controlled_apktool_dataset_v2/projects/insecure_http_0001,/tmp/controlled_apktool_dataset_v2/apks/insecure_http_0001.apk,9cbf84a1ac569efe7018f10fa0c31253071e36f6bb45fb484a1293b0da8704d6,FIX_INSECURE_HTTP,controlled_apktool_template,1.0,accepted,insecure_http,http_api_base_url,Intentional cleartext HTTP and mixed-content patterns.,"[""HTTP API base URL""]",AndroidManifest.xml; smali/com/mobilesec/controlled/MainActivity.smali,1,built
controlled-00283,insecure_http_0002,com.mobilesec.controlled.insecure_http0002,/tmp/controlled_apktool_dataset_v2/projects/insecure_http_0002,/tmp/controlled_apktool_dataset_v2/apks/insecure_http_0002.apk,797aed58cfaf1d84f03ff3f40d674f92d579c1d8bd09316351fda9172815d717,FIX_INSECURE_HTTP,controlled_apktool_template,1.0,accepted,insecure_http,webview_mixed_content,Intentional cleartext HTTP and mixed-content patterns.,"[""WebView mixed content"", ""HTTP script URL""]",AndroidManifest.xml; smali/com/mobilesec/controlled/MainActivity.smali,1,built
controlled-00284,insecure_http_0003,com.mobilesec.controlled.insecure_http0003,/tmp/controlled_apktool_dataset_v2/projects/insecure_http_0003,/tmp/controlled_apktool_dataset_v2/apks/insecure_http_0003.apk,6005958ea7b79d146cc098178c5573b626418c53dd5165793f42be72f754a088,FIX_INSECURE_HTTP,controlled_apktool_template,1.0,accepted,insecure_http,network_security_cleartext,Intentional cleartext HTTP and mixed-content patterns.,"[""cleartext traffic permitted""]",AndroidManifest.xml; smali/com/mobilesec/controlled/MainActivity.smali,1,built
controlled-00285,insecure_http_0004,com.mobilesec.controlled.insecure_http0004,/tmp/controlled_apktool_dataset_v2/projects/insecure_http_0004,/tmp/controlled_apktool_dataset_v2/apks/insecure_http_0004.apk,911cf6fc37ada89a6b9130bdc4d195f96f93959dfc731335a19ef3e169af1260,FIX_INSECURE_HTTP,controlled_apktool_template,1.0,accepted,insecure_http,http_login_endpoint,Intentional cleartext HTTP and mixed-content patterns.,"[""HTTP login endpoint""]",AndroidManifest.xml; smali/com/mobilesec/controlled/MainActivity.smali,1,built
controlled-00286,insecure_http_0005,com.mobilesec.controlled.insecure_http0005,/tmp/controlled_apktool_dataset_v2/projects/insecure_http_0005,/tmp/controlled_apktool_dataset_v2/apks/insecure_http_0005.apk,4816a3d33c221b958e5233f688f5f0ff07338fe0ea618eabbe9e07858e74f903,FIX_INSECURE_HTTP,controlled_apktool_template,1.0,accepted,insecure_http,http_api_base_url,Intentional cleartext HTTP and mixed-content patterns.,"[""HTTP API base URL""]",AndroidManifest.xml; smali/com/mobilesec/controlled/MainActivity.smali,1,built
controlled-00287,insecure_http_0006,com.mobilesec.controlled.insecure_http0006,/tmp/controlled_apktool_dataset_v2/projects/insecure_http_0006,/tmp/controlled_apktool_dataset_v2/apks/insecure_http_0006.apk,a9bcdca0017ac13108eb034a41033335bc5745bd91905004585f9a83b9b5089f,FIX_INSECURE_HTTP,controlled_apktool_template,1.0,accepted,insecure_http,webview_mixed_content,Intentional cleartext HTTP and mixed-content patterns.,"[""WebView mixed content"", ""HTTP script URL""]",AndroidManifest.xml; smali/com/mobilesec/controlled/MainActivity.smali,1,built
controlled-00288,insecure_http_0007,com.mobilesec.controlled.insecure_http0007,/tmp/controlled_apktool_dataset_v2/projects/insecure_http_0007,/tmp/controlled_apktool_dataset_v2/apks/insecure_http_0007.apk,414fd97820d8fcef9d5b9ec63b47ab3aa6cf4b60dde9fd3a14c0739b0e0bf777,FIX_INSECURE_HTTP,controlled_apktool_template,1.0,accepted,insecure_http,network_security_cleartext,Intentional cleartext HTTP and mixed-content patterns.,"[""cleartext traffic permitted""]",AndroidManifest.xml; smali/com/mobilesec/controlled/MainActivity.smali,1,built
controlled-00289,insecure_http_0008,com.mobilesec.controlled.insecure_http0008,/tmp/controlled_apktool_dataset_v2/projects/insecure_http_0008,/tmp/controlled_apktool_dataset_v2/apks/insecure_http_0008.apk,368c024ee8ed22a113a530977e16da05445f5a097f0d116dc629adbb8d923c0b,FIX_INSECURE_HTTP,controlled_apktool_template,1.0,accepted,insecure_http,http_login_endpoint,Intentional cleartext HTTP and mixed-content patterns.,"[""HTTP login endpoint""]",AndroidManifest.xml; smali/com/mobilesec/controlled/MainActivity.smali,1,built
controlled-00290,insecure_http_0009,com.mobilesec.controlled.insecure_http0009,/tmp/controlled_apktool_dataset_v2/projects/insecure_http_0009,/tmp/controlled_apktool_dataset_v2/apks/insecure_http_0009.apk,b1322924e0687cb1f2a744ab6d74eab7bf17e8b36da80efcd105e35ebf744338,FIX_INSECURE_HTTP,controlled_apktool_template,1.0,accepted,insecure_http,http_api_base_url,Intentional cleartext HTTP and mixed-content patterns.,"[""HTTP API base URL""]",AndroidManifest.xml; smali/com/mobilesec/controlled/MainActivity.smali,1,built
controlled-00291,insecure_http_0010,com.mobilesec.controlled.insecure_http0010,/tmp/controlled_apktool_dataset_v2/projects/insecure_http_0010,/tmp/controlled_apktool_dataset_v2/apks/insecure_http_0010.apk,c3d51d0528bfec094ee816f58f44c04a0fb4e9e8768fd31602c15f19357611ab,FIX_INSECURE_HTTP,controlled_apktool_template,1.0,accepted,insecure_http,webview_mixed_content,Intentional cleartext HTTP and mixed-content patterns.,"[""WebView mixed content"", ""HTTP script URL""]",AndroidManifest.xml; smali/com/mobilesec/controlled/MainActivity.smali,1,built
controlled-00292,insecure_http_0011,com.mobilesec.controlled.insecure_http0011,/tmp/controlled_apktool_dataset_v2/projects/insecure_http_0011,/tmp/controlled_apktool_dataset_v2/apks/insecure_http_0011.apk,941819548d4673ddbfd39ad446eaa97074d727a44902faf90c7750a9492fbca5,FIX_INSECURE_HTTP,controlled_apktool_template,1.0,accepted,insecure_http,network_security_cleartext,Intentional cleartext HTTP and mixed-content patterns.,"[""cleartext traffic permitted""]",AndroidManifest.xml; smali/com/mobilesec/controlled/MainActivity.smali,1,built
controlled-00293,insecure_http_0012,com.mobilesec.controlled.insecure_http0012,/tmp/controlled_apktool_dataset_v2/projects/insecure_http_0012,/tmp/controlled_apktool_dataset_v2/apks/insecure_http_0012.apk,720f7f25a8ea5a10c2532a1b80f376517ce0c16c410ae2d17b6860995787fbf8,FIX_INSECURE_HTTP,controlled_apktool_template,1.0,accepted,insecure_http,http_login_endpoint,Intentional cleartext HTTP and mixed-content patterns.,"[""HTTP login endpoint""]",AndroidManifest.xml; smali/com/mobilesec/controlled/MainActivity.smali,1,built
controlled-00294,insecure_http_0013,com.mobilesec.controlled.insecure_http0013,/tmp/controlled_apktool_dataset_v2/projects/insecure_http_0013,/tmp/controlled_apktool_dataset_v2/apks/insecure_http_0013.apk,624012c50f51ec05ea2abcfee5232fd2e958295e7ee9d22ceb79de792eaf2f2c,FIX_INSECURE_HTTP,controlled_apktool_template,1.0,accepted,insecure_http,http_api_base_url,Intentional cleartext HTTP and mixed-content patterns.,"[""HTTP API base URL""]",AndroidManifest.xml; smali/com/mobilesec/controlled/MainActivity.smali,1,built
controlled-00295,insecure_http_0014,com.mobilesec.controlled.insecure_http0014,/tmp/controlled_apktool_dataset_v2/projects/insecure_http_0014,/tmp/controlled_apktool_dataset_v2/apks/insecure_http_0014.apk,1d08a0f614aa7fdda8e5802c3827ce6d241627c61278e35d0a7598bc219eb020,FIX_INSECURE_HTTP,controlled_apktool_template,1.0,accepted,insecure_http,webview_mixed_content,Intentional cleartext HTTP and mixed-content patterns.,"[""WebView mixed content"", ""HTTP script URL""]",AndroidManifest.xml; smali/com/mobilesec/controlled/MainActivity.smali,1,built
controlled-00296,insecure_http_0015,com.mobilesec.controlled.insecure_http0015,/tmp/controlled_apktool_dataset_v2/projects/insecure_http_0015,/tmp/controlled_apktool_dataset_v2/apks/insecure_http_0015.apk,c6c5a4fd9003f136a07e2dcedf3fb18cd3739bc544229972e19f97fcee8f6a78,FIX_INSECURE_HTTP,controlled_apktool_template,1.0,accepted,insecure_http,network_security_cleartext,Intentional cleartext HTTP and mixed-content patterns.,"[""cleartext traffic permitted""]",AndroidManifest.xml; smali/com/mobilesec/controlled/MainActivity.smali,1,built
controlled-00297,insecure_http_0016,com.mobilesec.controlled.insecure_http0016,/tmp/controlled_apktool_dataset_v2/projects/insecure_http_0016,/tmp/controlled_apktool_dataset_v2/apks/insecure_http_0016.apk,b3ccb4629130fe9ffc26c68440924b8971839c89f4a880e8f39953fc621cc5f9,FIX_INSECURE_HTTP,controlled_apktool_template,1.0,accepted,insecure_http,http_login_endpoint,Intentional cleartext HTTP and mixed-content patterns.,"[""HTTP login endpoint""]",AndroidManifest.xml; smali/com/mobilesec/controlled/MainActivity.smali,1,built
controlled-00298,insecure_http_0017,com.mobilesec.controlled.insecure_http0017,/tmp/controlled_apktool_dataset_v2/projects/insecure_http_0017,/tmp/controlled_apktool_dataset_v2/apks/insecure_http_0017.apk,804d90882aa4e8c7a4e1a0c5b4454a738ead2228ef5358a49706104fd73bcbca,FIX_INSECURE_HTTP,controlled_apktool_template,1.0,accepted,insecure_http,http_api_base_url,Intentional cleartext HTTP and mixed-content patterns.,"[""HTTP API base URL""]",AndroidManifest.xml; smali/com/mobilesec/controlled/MainActivity.smali,1,built
controlled-00299,insecure_http_0018,com.mobilesec.controlled.insecure_http0018,/tmp/controlled_apktool_dataset_v2/projects/insecure_http_0018,/tmp/controlled_apktool_dataset_v2/apks/insecure_http_0018.apk,f4b643eea47694f7e65f9deb4d6ef9504800ab4c8eff17548e5bc4f5365dd3f9,FIX_INSECURE_HTTP,controlled_apktool_template,1.0,accepted,insecure_http,webview_mixed_content,Intentional cleartext HTTP and mixed-content patterns.,"[""WebView mixed content"", ""HTTP script URL""]",AndroidManifest.xml; smali/com/mobilesec/controlled/MainActivity.smali,1,built
controlled-00300,insecure_http_0019,com.mobilesec.controlled.insecure_http0019,/tmp/controlled_apktool_dataset_v2/projects/insecure_http_0019,/tmp/controlled_apktool_dataset_v2/apks/insecure_http_0019.apk,914758d2693bfaa7489c50e92a3547d152d02b9b99105134bf069a1c8b925eb2,FIX_INSECURE_HTTP,controlled_apktool_template,1.0,accepted,insecure_http,network_security_cleartext,Intentional cleartext HTTP and mixed-content patterns.,"[""cleartext traffic permitted""]",AndroidManifest.xml; smali/com/mobilesec/controlled/MainActivity.smali,1,built
controlled-00301,insecure_http_0020,com.mobilesec.controlled.insecure_http0020,/tmp/controlled_apktool_dataset_v2/projects/insecure_http_0020,/tmp/controlled_apktool_dataset_v2/apks/insecure_http_0020.apk,d087315ecc2707104066d17dbc36b2c46e320fd5b2e7d14519d949e7e917e454,FIX_INSECURE_HTTP,controlled_apktool_template,1.0,accepted,insecure_http,http_login_endpoint,Intentional cleartext HTTP and mixed-content patterns.,"[""HTTP login endpoint""]",AndroidManifest.xml; smali/com/mobilesec/controlled/MainActivity.smali,1,built
controlled-00302,insecure_http_0021,com.mobilesec.controlled.insecure_http0021,/tmp/controlled_apktool_dataset_v2/projects/insecure_http_0021,/tmp/controlled_apktool_dataset_v2/apks/insecure_http_0021.apk,723c421aac77bad4f025b2ca090bc0bfde3c3c30f2eb594e12d529efda720df8,FIX_INSECURE_HTTP,controlled_apktool_template,1.0,accepted,insecure_http,http_api_base_url,Intentional cleartext HTTP and mixed-content patterns.,"[""HTTP API base URL""]",AndroidManifest.xml; smali/com/mobilesec/controlled/MainActivity.smali,1,built
controlled-00303,insecure_http_0022,com.mobilesec.controlled.insecure_http0022,/tmp/controlled_apktool_dataset_v2/projects/insecure_http_0022,/tmp/controlled_apktool_dataset_v2/apks/insecure_http_0022.apk,1042f0a6f6ce1af63a81bb808afabe235702abc0dae4f0ecb00d0c094e1a9ca1,FIX_INSECURE_HTTP,controlled_apktool_template,1.0,accepted,insecure_http,webview_mixed_content,Intentional cleartext HTTP and mixed-content patterns.,"[""WebView mixed content"", ""HTTP script URL""]",AndroidManifest.xml; smali/com/mobilesec/controlled/MainActivity.smali,1,built
controlled-00304,insecure_http_0023,com.mobilesec.controlled.insecure_http0023,/tmp/controlled_apktool_dataset_v2/projects/insecure_http_0023,/tmp/controlled_apktool_dataset_v2/apks/insecure_http_0023.apk,76b1bdb61b1990aaaabe38d178b0140f230653fe13cf968c9fa41340e808603a,FIX_INSECURE_HTTP,controlled_apktool_template,1.0,accepted,insecure_http,network_security_cleartext,Intentional cleartext HTTP and mixed-content patterns.,"[""cleartext traffic permitted""]",AndroidManifest.xml; smali/com/mobilesec/controlled/MainActivity.smali,1,built
controlled-00305,insecure_http_0024,com.mobilesec.controlled.insecure_http0024,/tmp/controlled_apktool_dataset_v2/projects/insecure_http_0024,/tmp/controlled_apktool_dataset_v2/apks/insecure_http_0024.apk,d503dcf494b081103953bdce9575ead21d740d0805d2554afca38a9f847ec8f9,FIX_INSECURE_HTTP,controlled_apktool_template,1.0,accepted,insecure_http,http_login_endpoint,Intentional cleartext HTTP and mixed-content patterns.,"[""HTTP login endpoint""]",AndroidManifest.xml; smali/com/mobilesec/controlled/MainActivity.smali,1,built
controlled-00306,insecure_http_0025,com.mobilesec.controlled.insecure_http0025,/tmp/controlled_apktool_dataset_v2/projects/insecure_http_0025,/tmp/controlled_apktool_dataset_v2/apks/insecure_http_0025.apk,b13ecab30ee6a004c970cdc2941525b0340419e0beb56a7f25da5e2b8a2ae5d3,FIX_INSECURE_HTTP,controlled_apktool_template,1.0,accepted,insecure_http,http_api_base_url,Intentional cleartext HTTP and mixed-content patterns.,"[""HTTP API base URL""]",AndroidManifest.xml; smali/com/mobilesec/controlled/MainActivity.smali,1,built
controlled-00307,insecure_http_0026,com.mobilesec.controlled.insecure_http0026,/tmp/controlled_apktool_dataset_v2/projects/insecure_http_0026,/tmp/controlled_apktool_dataset_v2/apks/insecure_http_0026.apk,eefb9a7a381ae20e952c9c6c8371894b5f281b3729feeb5058fd1e5077f1c729,FIX_INSECURE_HTTP,controlled_apktool_template,1.0,accepted,insecure_http,webview_mixed_content,Intentional cleartext HTTP and mixed-content patterns.,"[""WebView mixed content"", ""HTTP script URL""]",AndroidManifest.xml; smali/com/mobilesec/controlled/MainActivity.smali,1,built
controlled-00308,insecure_http_0027,com.mobilesec.controlled.insecure_http0027,/tmp/controlled_apktool_dataset_v2/projects/insecure_http_0027,/tmp/controlled_apktool_dataset_v2/apks/insecure_http_0027.apk,4846dde954522aa8077cab9b4782c7074b3d71b45e04f8773904e72571135f16,FIX_INSECURE_HTTP,controlled_apktool_template,1.0,accepted,insecure_http,network_security_cleartext,Intentional cleartext HTTP and mixed-content patterns.,"[""cleartext traffic permitted""]",AndroidManifest.xml; smali/com/mobilesec/controlled/MainActivity.smali,1,built
controlled-00309,insecure_http_0028,com.mobilesec.controlled.insecure_http0028,/tmp/controlled_apktool_dataset_v2/projects/insecure_http_0028,/tmp/controlled_apktool_dataset_v2/apks/insecure_http_0028.apk,9d45b47277325cbc1e8db4e9d9ffa2db1d98ed87b7c285881a50aff638938297,FIX_INSECURE_HTTP,controlled_apktool_template,1.0,accepted,insecure_http,http_login_endpoint,Intentional cleartext HTTP and mixed-content patterns.,"[""HTTP login endpoint""]",AndroidManifest.xml; smali/com/mobilesec/controlled/MainActivity.smali,1,built
controlled-00310,insecure_http_0029,com.mobilesec.controlled.insecure_http0029,/tmp/controlled_apktool_dataset_v2/projects/insecure_http_0029,/tmp/controlled_apktool_dataset_v2/apks/insecure_http_0029.apk,11b56919bf90535f2ba987f2832123151ec7a90b1221233448b1d7e3d6bfea32,FIX_INSECURE_HTTP,controlled_apktool_template,1.0,accepted,insecure_http,http_api_base_url,Intentional cleartext HTTP and mixed-content patterns.,"[""HTTP API base URL""]",AndroidManifest.xml; smali/com/mobilesec/controlled/MainActivity.smali,1,built
controlled-00311,insecure_http_0030,com.mobilesec.controlled.insecure_http0030,/tmp/controlled_apktool_dataset_v2/projects/insecure_http_0030,/tmp/controlled_apktool_dataset_v2/apks/insecure_http_0030.apk,9116eb7d9bf5992718209f51105834fae77cef58c599dac23f059b939f130d5c,FIX_INSECURE_HTTP,controlled_apktool_template,1.0,accepted,insecure_http,webview_mixed_content,Intentional cleartext HTTP and mixed-content patterns.,"[""WebView mixed content"", ""HTTP script URL""]",AndroidManifest.xml; smali/com/mobilesec/controlled/MainActivity.smali,1,built
controlled-00312,insecure_http_0031,com.mobilesec.controlled.insecure_http0031,/tmp/controlled_apktool_dataset_v2/projects/insecure_http_0031,/tmp/controlled_apktool_dataset_v2/apks/insecure_http_0031.apk,a85023fac2dc8a07bc785864501b10e3d82d40b91570f98bec2c2d20b20d0689,FIX_INSECURE_HTTP,controlled_apktool_template,1.0,accepted,insecure_http,network_security_cleartext,Intentional cleartext HTTP and mixed-content patterns.,"[""cleartext traffic permitted""]",AndroidManifest.xml; smali/com/mobilesec/controlled/MainActivity.smali,1,built
controlled-00313,insecure_http_0032,com.mobilesec.controlled.insecure_http0032,/tmp/controlled_apktool_dataset_v2/projects/insecure_http_0032,/tmp/controlled_apktool_dataset_v2/apks/insecure_http_0032.apk,76164cb0dfc4a3db3744f4aa4d4cf7ffffcf1d2276c5d4d231d37a3c77817e42,FIX_INSECURE_HTTP,controlled_apktool_template,1.0,accepted,insecure_http,http_login_endpoint,Intentional cleartext HTTP and mixed-content patterns.,"[""HTTP login endpoint""]",AndroidManifest.xml; smali/com/mobilesec/controlled/MainActivity.smali,1,built
controlled-00314,insecure_http_0033,com.mobilesec.controlled.insecure_http0033,/tmp/controlled_apktool_dataset_v2/projects/insecure_http_0033,/tmp/controlled_apktool_dataset_v2/apks/insecure_http_0033.apk,fe8c4576426f6864e6edb80dbd3bdeeae2676d62b45aa72efc267b965e78f687,FIX_INSECURE_HTTP,controlled_apktool_template,1.0,accepted,insecure_http,http_api_base_url,Intentional cleartext HTTP and mixed-content patterns.,"[""HTTP API base URL""]",AndroidManifest.xml; smali/com/mobilesec/controlled/MainActivity.smali,1,built
controlled-00315,insecure_http_0034,com.mobilesec.controlled.insecure_http0034,/tmp/controlled_apktool_dataset_v2/projects/insecure_http_0034,/tmp/controlled_apktool_dataset_v2/apks/insecure_http_0034.apk,1821f21c9a7c92a23edb51eba325ce7a985889e71ae7573f58ea915c0967122a,FIX_INSECURE_HTTP,controlled_apktool_template,1.0,accepted,insecure_http,webview_mixed_content,Intentional cleartext HTTP and mixed-content patterns.,"[""WebView mixed content"", ""HTTP script URL""]",AndroidManifest.xml; smali/com/mobilesec/controlled/MainActivity.smali,1,built
controlled-00316,insecure_http_0035,com.mobilesec.controlled.insecure_http0035,/tmp/controlled_apktool_dataset_v2/projects/insecure_http_0035,/tmp/controlled_apktool_dataset_v2/apks/insecure_http_0035.apk,d5e542ebdb73c44a04ba3214ca20bc41a2e5b7b227242a184249a97f73389829,FIX_INSECURE_HTTP,controlled_apktool_template,1.0,accepted,insecure_http,network_security_cleartext,Intentional cleartext HTTP and mixed-content patterns.,"[""cleartext traffic permitted""]",AndroidManifest.xml; smali/com/mobilesec/controlled/MainActivity.smali,1,built
controlled-00317,insecure_http_0036,com.mobilesec.controlled.insecure_http0036,/tmp/controlled_apktool_dataset_v2/projects/insecure_http_0036,/tmp/controlled_apktool_dataset_v2/apks/insecure_http_0036.apk,8aa05bf55795a315d2d42635cb3173f25c3fa56b9b28dd4f1b41d072d97558b0,FIX_INSECURE_HTTP,controlled_apktool_template,1.0,accepted,insecure_http,http_login_endpoint,Intentional cleartext HTTP and mixed-content patterns.,"[""HTTP login endpoint""]",AndroidManifest.xml; smali/com/mobilesec/controlled/MainActivity.smali,1,built
controlled-00318,insecure_http_0037,com.mobilesec.controlled.insecure_http0037,/tmp/controlled_apktool_dataset_v2/projects/insecure_http_0037,/tmp/controlled_apktool_dataset_v2/apks/insecure_http_0037.apk,f4afac13c36a13244c0dc6ef3d78c56ff634c1e6921b3cd4b56c6d11cbf7ba78,FIX_INSECURE_HTTP,controlled_apktool_template,1.0,accepted,insecure_http,http_api_base_url,Intentional cleartext HTTP and mixed-content patterns.,"[""HTTP API base URL""]",AndroidManifest.xml; smali/com/mobilesec/controlled/MainActivity.smali,1,built
controlled-00319,insecure_http_0038,com.mobilesec.controlled.insecure_http0038,/tmp/controlled_apktool_dataset_v2/projects/insecure_http_0038,/tmp/controlled_apktool_dataset_v2/apks/insecure_http_0038.apk,37022f9376798f4b929d46bde2975c6f18139f104d227e207a04e82e6d6c711a,FIX_INSECURE_HTTP,controlled_apktool_template,1.0,accepted,insecure_http,webview_mixed_content,Intentional cleartext HTTP and mixed-content patterns.,"[""WebView mixed content"", ""HTTP script URL""]",AndroidManifest.xml; smali/com/mobilesec/controlled/MainActivity.smali,1,built
controlled-00320,insecure_http_0039,com.mobilesec.controlled.insecure_http0039,/tmp/controlled_apktool_dataset_v2/projects/insecure_http_0039,/tmp/controlled_apktool_dataset_v2/apks/insecure_http_0039.apk,8d6e1aa02feb673da16c21ffb29391bd9d2505f55df8473986193acf77f37c5d,FIX_INSECURE_HTTP,controlled_apktool_template,1.0,accepted,insecure_http,network_security_cleartext,Intentional cleartext HTTP and mixed-content patterns.,"[""cleartext traffic permitted""]",AndroidManifest.xml; smali/com/mobilesec/controlled/MainActivity.smali,1,built
controlled-00321,certificate_issue_0000,com.mobilesec.controlled.certificate_issue0000,/tmp/controlled_apktool_dataset_v2/projects/certificate_issue_0000,/tmp/controlled_apktool_dataset_v2/apks/certificate_issue_0000.apk,44aefac102aa3a93e7d1dd202aee0821e5b2097818905cca5158767897abdef1,FIX_CERTIFICATE_ISSUE,controlled_apktool_template,1.0,accepted,certificate_issue,trust_all_cert_manager,Intentional trust-all TLS and hostname verification markers.,"[""TrustAllCerts"", ""X509TrustManager""]",AndroidManifest.xml; smali/com/mobilesec/controlled/MainActivity.smali,1,built
controlled-00322,certificate_issue_0001,com.mobilesec.controlled.certificate_issue0001,/tmp/controlled_apktool_dataset_v2/projects/certificate_issue_0001,/tmp/controlled_apktool_dataset_v2/apks/certificate_issue_0001.apk,4626581b776291a93c380b7b5b8c36ba1048b8170f7dfef2d0c02a1151a67c2f,FIX_CERTIFICATE_ISSUE,controlled_apktool_template,1.0,accepted,certificate_issue,allow_all_hostname_verifier,Intentional trust-all TLS and hostname verification markers.,"[""HostnameVerifier return true""]",AndroidManifest.xml; smali/com/mobilesec/controlled/MainActivity.smali,1,built
controlled-00323,certificate_issue_0002,com.mobilesec.controlled.certificate_issue0002,/tmp/controlled_apktool_dataset_v2/projects/certificate_issue_0002,/tmp/controlled_apktool_dataset_v2/apks/certificate_issue_0002.apk,59be1ba7ce7c8095d9861266bad4d6905ed85163f593f28d74edf7755a956960,FIX_CERTIFICATE_ISSUE,controlled_apktool_template,1.0,accepted,certificate_issue,ssl_context_trust_all,Intentional trust-all TLS and hostname verification markers.,"[""SSLContext trust-all""]",AndroidManifest.xml; smali/com/mobilesec/controlled/MainActivity.smali,1,built
controlled-00324,certificate_issue_0003,com.mobilesec.controlled.certificate_issue0003,/tmp/controlled_apktool_dataset_v2/projects/certificate_issue_0003,/tmp/controlled_apktool_dataset_v2/apks/certificate_issue_0003.apk,704a169a260ab1d48c6ee39f0f9ac4f8f9ccca4a0bfcaad44e3dbf1bf76b73cc,FIX_CERTIFICATE_ISSUE,controlled_apktool_template,1.0,accepted,certificate_issue,okhttp_insecure_tls,Intentional trust-all TLS and hostname verification markers.,"[""OkHttp insecure TLS""]",AndroidManifest.xml; smali/com/mobilesec/controlled/MainActivity.smali,1,built
controlled-00325,certificate_issue_0004,com.mobilesec.controlled.certificate_issue0004,/tmp/controlled_apktool_dataset_v2/projects/certificate_issue_0004,/tmp/controlled_apktool_dataset_v2/apks/certificate_issue_0004.apk,eca10459b1c18e459cbc88391664da7c726ee9bc57c4f7f163c12aad30342321,FIX_CERTIFICATE_ISSUE,controlled_apktool_template,1.0,accepted,certificate_issue,trust_all_cert_manager,Intentional trust-all TLS and hostname verification markers.,"[""TrustAllCerts"", ""X509TrustManager""]",AndroidManifest.xml; smali/com/mobilesec/controlled/MainActivity.smali,1,built
controlled-00326,certificate_issue_0005,com.mobilesec.controlled.certificate_issue0005,/tmp/controlled_apktool_dataset_v2/projects/certificate_issue_0005,/tmp/controlled_apktool_dataset_v2/apks/certificate_issue_0005.apk,04104365c2e2c0c73b6a9c3d843214c87e0b8b7a21f7022148a801d40c827379,FIX_CERTIFICATE_ISSUE,controlled_apktool_template,1.0,accepted,certificate_issue,allow_all_hostname_verifier,Intentional trust-all TLS and hostname verification markers.,"[""HostnameVerifier return true""]",AndroidManifest.xml; smali/com/mobilesec/controlled/MainActivity.smali,1,built
controlled-00327,certificate_issue_0006,com.mobilesec.controlled.certificate_issue0006,/tmp/controlled_apktool_dataset_v2/projects/certificate_issue_0006,/tmp/controlled_apktool_dataset_v2/apks/certificate_issue_0006.apk,2ce55b66739fe9e97981a226cc64f2c41907e86d2b6215c71cc3504cceb61e34,FIX_CERTIFICATE_ISSUE,controlled_apktool_template,1.0,accepted,certificate_issue,ssl_context_trust_all,Intentional trust-all TLS and hostname verification markers.,"[""SSLContext trust-all""]",AndroidManifest.xml; smali/com/mobilesec/controlled/MainActivity.smali,1,built
controlled-00328,certificate_issue_0007,com.mobilesec.controlled.certificate_issue0007,/tmp/controlled_apktool_dataset_v2/projects/certificate_issue_0007,/tmp/controlled_apktool_dataset_v2/apks/certificate_issue_0007.apk,e57443bc17b6fc28e3cdeccc1689e0d54861db8109c85c12b688089bd5438058,FIX_CERTIFICATE_ISSUE,controlled_apktool_template,1.0,accepted,certificate_issue,okhttp_insecure_tls,Intentional trust-all TLS and hostname verification markers.,"[""OkHttp insecure TLS""]",AndroidManifest.xml; smali/com/mobilesec/controlled/MainActivity.smali,1,built
controlled-00329,certificate_issue_0008,com.mobilesec.controlled.certificate_issue0008,/tmp/controlled_apktool_dataset_v2/projects/certificate_issue_0008,/tmp/controlled_apktool_dataset_v2/apks/certificate_issue_0008.apk,b790aacdd55bb8aabfa2ce271da65537cd31f4e915eb5887d55ac9a739ea7225,FIX_CERTIFICATE_ISSUE,controlled_apktool_template,1.0,accepted,certificate_issue,trust_all_cert_manager,Intentional trust-all TLS and hostname verification markers.,"[""TrustAllCerts"", ""X509TrustManager""]",AndroidManifest.xml; smali/com/mobilesec/controlled/MainActivity.smali,1,built
controlled-00330,certificate_issue_0009,com.mobilesec.controlled.certificate_issue0009,/tmp/controlled_apktool_dataset_v2/projects/certificate_issue_0009,/tmp/controlled_apktool_dataset_v2/apks/certificate_issue_0009.apk,53c23f023fc22708615ca7f5629db3656a2357fecec66abac9a004a497f7edce,FIX_CERTIFICATE_ISSUE,controlled_apktool_template,1.0,accepted,certificate_issue,allow_all_hostname_verifier,Intentional trust-all TLS and hostname verification markers.,"[""HostnameVerifier return true""]",AndroidManifest.xml; smali/com/mobilesec/controlled/MainActivity.smali,1,built
controlled-00331,certificate_issue_0010,com.mobilesec.controlled.certificate_issue0010,/tmp/controlled_apktool_dataset_v2/projects/certificate_issue_0010,/tmp/controlled_apktool_dataset_v2/apks/certificate_issue_0010.apk,15a8c6d82f12bf2107f567a54baa9bc3d426dca246f4341522f2f7ebce6024ba,FIX_CERTIFICATE_ISSUE,controlled_apktool_template,1.0,accepted,certificate_issue,ssl_context_trust_all,Intentional trust-all TLS and hostname verification markers.,"[""SSLContext trust-all""]",AndroidManifest.xml; smali/com/mobilesec/controlled/MainActivity.smali,1,built
controlled-00332,certificate_issue_0011,com.mobilesec.controlled.certificate_issue0011,/tmp/controlled_apktool_dataset_v2/projects/certificate_issue_0011,/tmp/controlled_apktool_dataset_v2/apks/certificate_issue_0011.apk,c1cbef40a86b54bb28dd50f5aef92f65aa8d6f56b6f0310f42c5ba67ceb570f5,FIX_CERTIFICATE_ISSUE,controlled_apktool_template,1.0,accepted,certificate_issue,okhttp_insecure_tls,Intentional trust-all TLS and hostname verification markers.,"[""OkHttp insecure TLS""]",AndroidManifest.xml; smali/com/mobilesec/controlled/MainActivity.smali,1,built
controlled-00333,certificate_issue_0012,com.mobilesec.controlled.certificate_issue0012,/tmp/controlled_apktool_dataset_v2/projects/certificate_issue_0012,/tmp/controlled_apktool_dataset_v2/apks/certificate_issue_0012.apk,9eb68f3c94887c10c67caad3862713c60b6cb666205ab646bcd02f3b3d0700ba,FIX_CERTIFICATE_ISSUE,controlled_apktool_template,1.0,accepted,certificate_issue,trust_all_cert_manager,Intentional trust-all TLS and hostname verification markers.,"[""TrustAllCerts"", ""X509TrustManager""]",AndroidManifest.xml; smali/com/mobilesec/controlled/MainActivity.smali,1,built
controlled-00334,certificate_issue_0013,com.mobilesec.controlled.certificate_issue0013,/tmp/controlled_apktool_dataset_v2/projects/certificate_issue_0013,/tmp/controlled_apktool_dataset_v2/apks/certificate_issue_0013.apk,c5c533fbd42972be0f52151e0556df17292f1e464defb2177871f82d577d283a,FIX_CERTIFICATE_ISSUE,controlled_apktool_template,1.0,accepted,certificate_issue,allow_all_hostname_verifier,Intentional trust-all TLS and hostname verification markers.,"[""HostnameVerifier return true""]",AndroidManifest.xml; smali/com/mobilesec/controlled/MainActivity.smali,1,built
controlled-00335,certificate_issue_0014,com.mobilesec.controlled.certificate_issue0014,/tmp/controlled_apktool_dataset_v2/projects/certificate_issue_0014,/tmp/controlled_apktool_dataset_v2/apks/certificate_issue_0014.apk,162632e14cc04ce481f2c012668cdc7165f638d27c373865484564326baf081c,FIX_CERTIFICATE_ISSUE,controlled_apktool_template,1.0,accepted,certificate_issue,ssl_context_trust_all,Intentional trust-all TLS and hostname verification markers.,"[""SSLContext trust-all""]",AndroidManifest.xml; smali/com/mobilesec/controlled/MainActivity.smali,1,built
controlled-00336,certificate_issue_0015,com.mobilesec.controlled.certificate_issue0015,/tmp/controlled_apktool_dataset_v2/projects/certificate_issue_0015,/tmp/controlled_apktool_dataset_v2/apks/certificate_issue_0015.apk,898a4c9cd1ba486b87b9133d86e72b3773e4cb83e7402c2c1dd98c72808975c3,FIX_CERTIFICATE_ISSUE,controlled_apktool_template,1.0,accepted,certificate_issue,okhttp_insecure_tls,Intentional trust-all TLS and hostname verification markers.,"[""OkHttp insecure TLS""]",AndroidManifest.xml; smali/com/mobilesec/controlled/MainActivity.smali,1,built
controlled-00337,certificate_issue_0016,com.mobilesec.controlled.certificate_issue0016,/tmp/controlled_apktool_dataset_v2/projects/certificate_issue_0016,/tmp/controlled_apktool_dataset_v2/apks/certificate_issue_0016.apk,0e1f8d4b0ef1c0d73d9ee6db2037e9990a17d2ac2a57e40d8d485929cda67565,FIX_CERTIFICATE_ISSUE,controlled_apktool_template,1.0,accepted,certificate_issue,trust_all_cert_manager,Intentional trust-all TLS and hostname verification markers.,"[""TrustAllCerts"", ""X509TrustManager""]",AndroidManifest.xml; smali/com/mobilesec/controlled/MainActivity.smali,1,built
controlled-00338,certificate_issue_0017,com.mobilesec.controlled.certificate_issue0017,/tmp/controlled_apktool_dataset_v2/projects/certificate_issue_0017,/tmp/controlled_apktool_dataset_v2/apks/certificate_issue_0017.apk,f263ec93d34bf9767d16bd40fed636a7b194330a5fc2f6739c3f56f6c9594a90,FIX_CERTIFICATE_ISSUE,controlled_apktool_template,1.0,accepted,certificate_issue,allow_all_hostname_verifier,Intentional trust-all TLS and hostname verification markers.,"[""HostnameVerifier return true""]",AndroidManifest.xml; smali/com/mobilesec/controlled/MainActivity.smali,1,built
controlled-00339,certificate_issue_0018,com.mobilesec.controlled.certificate_issue0018,/tmp/controlled_apktool_dataset_v2/projects/certificate_issue_0018,/tmp/controlled_apktool_dataset_v2/apks/certificate_issue_0018.apk,4c72a2dd197b07aff04ec9900a3288a1fe20e8034d7c803357ecea24791ed81d,FIX_CERTIFICATE_ISSUE,controlled_apktool_template,1.0,accepted,certificate_issue,ssl_context_trust_all,Intentional trust-all TLS and hostname verification markers.,"[""SSLContext trust-all""]",AndroidManifest.xml; smali/com/mobilesec/controlled/MainActivity.smali,1,built
controlled-00340,certificate_issue_0019,com.mobilesec.controlled.certificate_issue0019,/tmp/controlled_apktool_dataset_v2/projects/certificate_issue_0019,/tmp/controlled_apktool_dataset_v2/apks/certificate_issue_0019.apk,cd92f7adc4a7d86b240246d755c9c91d85628d6d352cb02f6d42b7e5a35906f6,FIX_CERTIFICATE_ISSUE,controlled_apktool_template,1.0,accepted,certificate_issue,okhttp_insecure_tls,Intentional trust-all TLS and hostname verification markers.,"[""OkHttp insecure TLS""]",AndroidManifest.xml; smali/com/mobilesec/controlled/MainActivity.smali,1,built
controlled-00341,certificate_issue_0020,com.mobilesec.controlled.certificate_issue0020,/tmp/controlled_apktool_dataset_v2/projects/certificate_issue_0020,/tmp/controlled_apktool_dataset_v2/apks/certificate_issue_0020.apk,65292d227176f3015b07de7c6584eb7bfb316e00111b61183c5b0320aabced7a,FIX_CERTIFICATE_ISSUE,controlled_apktool_template,1.0,accepted,certificate_issue,trust_all_cert_manager,Intentional trust-all TLS and hostname verification markers.,"[""TrustAllCerts"", ""X509TrustManager""]",AndroidManifest.xml; smali/com/mobilesec/controlled/MainActivity.smali,1,built
controlled-00342,certificate_issue_0021,com.mobilesec.controlled.certificate_issue0021,/tmp/controlled_apktool_dataset_v2/projects/certificate_issue_0021,/tmp/controlled_apktool_dataset_v2/apks/certificate_issue_0021.apk,12959d08f3567e2632bfcbb1d55c84b7624731153e75e8f8318829075c312549,FIX_CERTIFICATE_ISSUE,controlled_apktool_template,1.0,accepted,certificate_issue,allow_all_hostname_verifier,Intentional trust-all TLS and hostname verification markers.,"[""HostnameVerifier return true""]",AndroidManifest.xml; smali/com/mobilesec/controlled/MainActivity.smali,1,built
controlled-00343,certificate_issue_0022,com.mobilesec.controlled.certificate_issue0022,/tmp/controlled_apktool_dataset_v2/projects/certificate_issue_0022,/tmp/controlled_apktool_dataset_v2/apks/certificate_issue_0022.apk,86a9e5efa3fcf3c2b3f280b57899a290205453ae162419bfa5dc1e6d29b8200d,FIX_CERTIFICATE_ISSUE,controlled_apktool_template,1.0,accepted,certificate_issue,ssl_context_trust_all,Intentional trust-all TLS and hostname verification markers.,"[""SSLContext trust-all""]",AndroidManifest.xml; smali/com/mobilesec/controlled/MainActivity.smali,1,built
controlled-00344,certificate_issue_0023,com.mobilesec.controlled.certificate_issue0023,/tmp/controlled_apktool_dataset_v2/projects/certificate_issue_0023,/tmp/controlled_apktool_dataset_v2/apks/certificate_issue_0023.apk,aa668c82add27cecea97fd48951c1e8416dc76e242cdcff80d78a90a7f5ba8ac,FIX_CERTIFICATE_ISSUE,controlled_apktool_template,1.0,accepted,certificate_issue,okhttp_insecure_tls,Intentional trust-all TLS and hostname verification markers.,"[""OkHttp insecure TLS""]",AndroidManifest.xml; smali/com/mobilesec/controlled/MainActivity.smali,1,built
controlled-00345,certificate_issue_0024,com.mobilesec.controlled.certificate_issue0024,/tmp/controlled_apktool_dataset_v2/projects/certificate_issue_0024,/tmp/controlled_apktool_dataset_v2/apks/certificate_issue_0024.apk,0db6ed29c2cc3d27369fd64e5379087d911b084db8f1298c456efd32c1962ab9,FIX_CERTIFICATE_ISSUE,controlled_apktool_template,1.0,accepted,certificate_issue,trust_all_cert_manager,Intentional trust-all TLS and hostname verification markers.,"[""TrustAllCerts"", ""X509TrustManager""]",AndroidManifest.xml; smali/com/mobilesec/controlled/MainActivity.smali,1,built
controlled-00346,certificate_issue_0025,com.mobilesec.controlled.certificate_issue0025,/tmp/controlled_apktool_dataset_v2/projects/certificate_issue_0025,/tmp/controlled_apktool_dataset_v2/apks/certificate_issue_0025.apk,4bf386a68f6b35c436a704acda6187fe4bad5afbc88ed2622c56dfc8c85fecee,FIX_CERTIFICATE_ISSUE,controlled_apktool_template,1.0,accepted,certificate_issue,allow_all_hostname_verifier,Intentional trust-all TLS and hostname verification markers.,"[""HostnameVerifier return true""]",AndroidManifest.xml; smali/com/mobilesec/controlled/MainActivity.smali,1,built
controlled-00347,certificate_issue_0026,com.mobilesec.controlled.certificate_issue0026,/tmp/controlled_apktool_dataset_v2/projects/certificate_issue_0026,/tmp/controlled_apktool_dataset_v2/apks/certificate_issue_0026.apk,b15119f7d86f47bfcc3ee8f2567af2e352ae9b91961ad835f0375b1abb4fb87b,FIX_CERTIFICATE_ISSUE,controlled_apktool_template,1.0,accepted,certificate_issue,ssl_context_trust_all,Intentional trust-all TLS and hostname verification markers.,"[""SSLContext trust-all""]",AndroidManifest.xml; smali/com/mobilesec/controlled/MainActivity.smali,1,built
controlled-00348,certificate_issue_0027,com.mobilesec.controlled.certificate_issue0027,/tmp/controlled_apktool_dataset_v2/projects/certificate_issue_0027,/tmp/controlled_apktool_dataset_v2/apks/certificate_issue_0027.apk,31ada5145440ef6a6a23d3813c245eba63f169c45fe1583f0e0929af6cb1f4f5,FIX_CERTIFICATE_ISSUE,controlled_apktool_template,1.0,accepted,certificate_issue,okhttp_insecure_tls,Intentional trust-all TLS and hostname verification markers.,"[""OkHttp insecure TLS""]",AndroidManifest.xml; smali/com/mobilesec/controlled/MainActivity.smali,1,built
controlled-00349,certificate_issue_0028,com.mobilesec.controlled.certificate_issue0028,/tmp/controlled_apktool_dataset_v2/projects/certificate_issue_0028,/tmp/controlled_apktool_dataset_v2/apks/certificate_issue_0028.apk,ff758f920a1875a89dbcd43ff3b4545c2fc21ba2da7e3fdc4750c3cde799e234,FIX_CERTIFICATE_ISSUE,controlled_apktool_template,1.0,accepted,certificate_issue,trust_all_cert_manager,Intentional trust-all TLS and hostname verification markers.,"[""TrustAllCerts"", ""X509TrustManager""]",AndroidManifest.xml; smali/com/mobilesec/controlled/MainActivity.smali,1,built
controlled-00350,certificate_issue_0029,com.mobilesec.controlled.certificate_issue0029,/tmp/controlled_apktool_dataset_v2/projects/certificate_issue_0029,/tmp/controlled_apktool_dataset_v2/apks/certificate_issue_0029.apk,5a29a702fb90497801a64e75caf35e11090baedf03ab1a87b805a2946ed5f2a4,FIX_CERTIFICATE_ISSUE,controlled_apktool_template,1.0,accepted,certificate_issue,allow_all_hostname_verifier,Intentional trust-all TLS and hostname verification markers.,"[""HostnameVerifier return true""]",AndroidManifest.xml; smali/com/mobilesec/controlled/MainActivity.smali,1,built
controlled-00351,certificate_issue_0030,com.mobilesec.controlled.certificate_issue0030,/tmp/controlled_apktool_dataset_v2/projects/certificate_issue_0030,/tmp/controlled_apktool_dataset_v2/apks/certificate_issue_0030.apk,514455ba8b4a6aaf845e521ccab87855b8bd10a6e84d6eb8cedd147a4f323cec,FIX_CERTIFICATE_ISSUE,controlled_apktool_template,1.0,accepted,certificate_issue,ssl_context_trust_all,Intentional trust-all TLS and hostname verification markers.,"[""SSLContext trust-all""]",AndroidManifest.xml; smali/com/mobilesec/controlled/MainActivity.smali,1,built
controlled-00352,certificate_issue_0031,com.mobilesec.controlled.certificate_issue0031,/tmp/controlled_apktool_dataset_v2/projects/certificate_issue_0031,/tmp/controlled_apktool_dataset_v2/apks/certificate_issue_0031.apk,6b2dc8aaa2adf5b65e8ff049cabadde51749fcd14128a89757fbef5dfb54c9b7,FIX_CERTIFICATE_ISSUE,controlled_apktool_template,1.0,accepted,certificate_issue,okhttp_insecure_tls,Intentional trust-all TLS and hostname verification markers.,"[""OkHttp insecure TLS""]",AndroidManifest.xml; smali/com/mobilesec/controlled/MainActivity.smali,1,built
controlled-00353,certificate_issue_0032,com.mobilesec.controlled.certificate_issue0032,/tmp/controlled_apktool_dataset_v2/projects/certificate_issue_0032,/tmp/controlled_apktool_dataset_v2/apks/certificate_issue_0032.apk,5487a7f1f66e72d3c1a62a8d3da44d8d8140cb8de44ac9161945af96bb67fb46,FIX_CERTIFICATE_ISSUE,controlled_apktool_template,1.0,accepted,certificate_issue,trust_all_cert_manager,Intentional trust-all TLS and hostname verification markers.,"[""TrustAllCerts"", ""X509TrustManager""]",AndroidManifest.xml; smali/com/mobilesec/controlled/MainActivity.smali,1,built
controlled-00354,certificate_issue_0033,com.mobilesec.controlled.certificate_issue0033,/tmp/controlled_apktool_dataset_v2/projects/certificate_issue_0033,/tmp/controlled_apktool_dataset_v2/apks/certificate_issue_0033.apk,0adb42dfa3c4966431ae7c8c2ec6d388fb6334dd2dd2ddbb26b1e65726b60446,FIX_CERTIFICATE_ISSUE,controlled_apktool_template,1.0,accepted,certificate_issue,allow_all_hostname_verifier,Intentional trust-all TLS and hostname verification markers.,"[""HostnameVerifier return true""]",AndroidManifest.xml; smali/com/mobilesec/controlled/MainActivity.smali,1,built
controlled-00355,certificate_issue_0034,com.mobilesec.controlled.certificate_issue0034,/tmp/controlled_apktool_dataset_v2/projects/certificate_issue_0034,/tmp/controlled_apktool_dataset_v2/apks/certificate_issue_0034.apk,c0bc4ee641ca0f941f8ceaadf60ad98e393f43501644de279a6211703c9f21b7,FIX_CERTIFICATE_ISSUE,controlled_apktool_template,1.0,accepted,certificate_issue,ssl_context_trust_all,Intentional trust-all TLS and hostname verification markers.,"[""SSLContext trust-all""]",AndroidManifest.xml; smali/com/mobilesec/controlled/MainActivity.smali,1,built
controlled-00356,certificate_issue_0035,com.mobilesec.controlled.certificate_issue0035,/tmp/controlled_apktool_dataset_v2/projects/certificate_issue_0035,/tmp/controlled_apktool_dataset_v2/apks/certificate_issue_0035.apk,99e94ab88a391c712d61620e0cff27afcb0bde486f845e38c2d93c95a910c2b3,FIX_CERTIFICATE_ISSUE,controlled_apktool_template,1.0,accepted,certificate_issue,okhttp_insecure_tls,Intentional trust-all TLS and hostname verification markers.,"[""OkHttp insecure TLS""]",AndroidManifest.xml; smali/com/mobilesec/controlled/MainActivity.smali,1,built
controlled-00357,certificate_issue_0036,com.mobilesec.controlled.certificate_issue0036,/tmp/controlled_apktool_dataset_v2/projects/certificate_issue_0036,/tmp/controlled_apktool_dataset_v2/apks/certificate_issue_0036.apk,413586ee35a25b7b0c0cba2287d1746244e81e90d629cae1ba93b5aba8c5e3ef,FIX_CERTIFICATE_ISSUE,controlled_apktool_template,1.0,accepted,certificate_issue,trust_all_cert_manager,Intentional trust-all TLS and hostname verification markers.,"[""TrustAllCerts"", ""X509TrustManager""]",AndroidManifest.xml; smali/com/mobilesec/controlled/MainActivity.smali,1,built
controlled-00358,certificate_issue_0037,com.mobilesec.controlled.certificate_issue0037,/tmp/controlled_apktool_dataset_v2/projects/certificate_issue_0037,/tmp/controlled_apktool_dataset_v2/apks/certificate_issue_0037.apk,d8ef537ca1041059b00a008d5437798c8fe0b2b1eb5c2570b3bedc982c3f5e80,FIX_CERTIFICATE_ISSUE,controlled_apktool_template,1.0,accepted,certificate_issue,allow_all_hostname_verifier,Intentional trust-all TLS and hostname verification markers.,"[""HostnameVerifier return true""]",AndroidManifest.xml; smali/com/mobilesec/controlled/MainActivity.smali,1,built
controlled-00359,certificate_issue_0038,com.mobilesec.controlled.certificate_issue0038,/tmp/controlled_apktool_dataset_v2/projects/certificate_issue_0038,/tmp/controlled_apktool_dataset_v2/apks/certificate_issue_0038.apk,53f25832095bfb6a91cc53c81b8b6b359b857c4f327a59798f1d760211803db2,FIX_CERTIFICATE_ISSUE,controlled_apktool_template,1.0,accepted,certificate_issue,ssl_context_trust_all,Intentional trust-all TLS and hostname verification markers.,"[""SSLContext trust-all""]",AndroidManifest.xml; smali/com/mobilesec/controlled/MainActivity.smali,1,built
controlled-00360,certificate_issue_0039,com.mobilesec.controlled.certificate_issue0039,/tmp/controlled_apktool_dataset_v2/projects/certificate_issue_0039,/tmp/controlled_apktool_dataset_v2/apks/certificate_issue_0039.apk,e233a400780ea66a2896625b1a53c94b52811394c757e854231db2317c587c4c,FIX_CERTIFICATE_ISSUE,controlled_apktool_template,1.0,accepted,certificate_issue,okhttp_insecure_tls,Intentional trust-all TLS and hostname verification markers.,"[""OkHttp insecure TLS""]",AndroidManifest.xml; smali/com/mobilesec/controlled/MainActivity.smali,1,built
controlled-00361,crypto_medium_0000,com.mobilesec.controlled.crypto_medium0000,/tmp/controlled_apktool_dataset_v2/projects/crypto_medium_0000,/tmp/controlled_apktool_dataset_v2/apks/crypto_medium_0000.apk,71b402291a19b910c234341e3de2ca9d40a58d70f2e81dc33aaa90d624771d1d,FIX_CRYPTO_MEDIUM,controlled_apktool_template,1.0,accepted,crypto_medium,aes_cbc_nopadding,Intentional medium-severity crypto misuse markers.,"[""AES/CBC/NoPadding""]",AndroidManifest.xml; smali/com/mobilesec/controlled/MainActivity.smali,1,built
controlled-00362,crypto_medium_0001,com.mobilesec.controlled.crypto_medium0001,/tmp/controlled_apktool_dataset_v2/projects/crypto_medium_0001,/tmp/controlled_apktool_dataset_v2/apks/crypto_medium_0001.apk,af2959bfc3ac01c176d0fb8a17c3b4f785b84dc263ced8e5f63fcaf711e86e73,FIX_CRYPTO_MEDIUM,controlled_apktool_template,1.0,accepted,crypto_medium,static_iv_cbc,Intentional medium-severity crypto misuse markers.,"[""static IV"", ""AES/CBC/PKCS5Padding""]",AndroidManifest.xml; smali/com/mobilesec/controlled/MainActivity.smali,1,built
controlled-00363,crypto_medium_0002,com.mobilesec.controlled.crypto_medium0002,/tmp/controlled_apktool_dataset_v2/projects/crypto_medium_0002,/tmp/controlled_apktool_dataset_v2/apks/crypto_medium_0002.apk,24260cb3505dd86bc50bd6a3385830b780dd1068e8a75b40e0dee0695efc2121,FIX_CRYPTO_MEDIUM,controlled_apktool_template,1.0,accepted,crypto_medium,low_pbkdf2_iterations,Intentional medium-severity crypto misuse markers.,"[""low PBKDF2 iteration count""]",AndroidManifest.xml; smali/com/mobilesec/controlled/MainActivity.smali,1,built
controlled-00364,crypto_medium_0003,com.mobilesec.controlled.crypto_medium0003,/tmp/controlled_apktool_dataset_v2/projects/crypto_medium_0003,/tmp/controlled_apktool_dataset_v2/apks/crypto_medium_0003.apk,766abd3983fc3e553c93e53acd00c9cdbccd3c6715891ae074eb6d6c141cae06,FIX_CRYPTO_MEDIUM,controlled_apktool_template,1.0,accepted,crypto_medium,hardcoded_salt,Intentional medium-severity crypto misuse markers.,"[""hardcoded salt"", ""low KDF iterations""]",AndroidManifest.xml; smali/com/mobilesec/controlled/MainActivity.smali,1,built
controlled-00365,crypto_medium_0004,com.mobilesec.controlled.crypto_medium0004,/tmp/controlled_apktool_dataset_v2/projects/crypto_medium_0004,/tmp/controlled_apktool_dataset_v2/apks/crypto_medium_0004.apk,da2d686335c72b0ee5491d37857a973d2fcf20014ce0cf3c19d701d1e14950f0,FIX_CRYPTO_MEDIUM,controlled_apktool_template,1.0,accepted,crypto_medium,aes_cbc_nopadding,Intentional medium-severity crypto misuse markers.,"[""AES/CBC/NoPadding""]",AndroidManifest.xml; smali/com/mobilesec/controlled/MainActivity.smali,1,built
controlled-00366,crypto_medium_0005,com.mobilesec.controlled.crypto_medium0005,/tmp/controlled_apktool_dataset_v2/projects/crypto_medium_0005,/tmp/controlled_apktool_dataset_v2/apks/crypto_medium_0005.apk,f013a6df8a1bf04604164572e446733e51b626acac718005fc3a296fe5bfcbce,FIX_CRYPTO_MEDIUM,controlled_apktool_template,1.0,accepted,crypto_medium,static_iv_cbc,Intentional medium-severity crypto misuse markers.,"[""static IV"", ""AES/CBC/PKCS5Padding""]",AndroidManifest.xml; smali/com/mobilesec/controlled/MainActivity.smali,1,built
controlled-00367,crypto_medium_0006,com.mobilesec.controlled.crypto_medium0006,/tmp/controlled_apktool_dataset_v2/projects/crypto_medium_0006,/tmp/controlled_apktool_dataset_v2/apks/crypto_medium_0006.apk,83776bcd43f4ca8a6bffb66e24ef2b71221ab05b9bfb28652e4e789a66187b49,FIX_CRYPTO_MEDIUM,controlled_apktool_template,1.0,accepted,crypto_medium,low_pbkdf2_iterations,Intentional medium-severity crypto misuse markers.,"[""low PBKDF2 iteration count""]",AndroidManifest.xml; smali/com/mobilesec/controlled/MainActivity.smali,1,built
controlled-00368,crypto_medium_0007,com.mobilesec.controlled.crypto_medium0007,/tmp/controlled_apktool_dataset_v2/projects/crypto_medium_0007,/tmp/controlled_apktool_dataset_v2/apks/crypto_medium_0007.apk,3932af44044a7b497fe3485b7737ded2d2fdab6abef1a4c71aeb9805a7f2e04e,FIX_CRYPTO_MEDIUM,controlled_apktool_template,1.0,accepted,crypto_medium,hardcoded_salt,Intentional medium-severity crypto misuse markers.,"[""hardcoded salt"", ""low KDF iterations""]",AndroidManifest.xml; smali/com/mobilesec/controlled/MainActivity.smali,1,built
controlled-00369,crypto_medium_0008,com.mobilesec.controlled.crypto_medium0008,/tmp/controlled_apktool_dataset_v2/projects/crypto_medium_0008,/tmp/controlled_apktool_dataset_v2/apks/crypto_medium_0008.apk,4b8594bf61649edf308a4d9ed0900e04268baf277a529191d80f45897b5bcf5f,FIX_CRYPTO_MEDIUM,controlled_apktool_template,1.0,accepted,crypto_medium,aes_cbc_nopadding,Intentional medium-severity crypto misuse markers.,"[""AES/CBC/NoPadding""]",AndroidManifest.xml; smali/com/mobilesec/controlled/MainActivity.smali,1,built
controlled-00370,crypto_medium_0009,com.mobilesec.controlled.crypto_medium0009,/tmp/controlled_apktool_dataset_v2/projects/crypto_medium_0009,/tmp/controlled_apktool_dataset_v2/apks/crypto_medium_0009.apk,86da8af6cbfafe62c8a5b0e4ec48c33ffb532fe1ee7869effe80a91a5506523d,FIX_CRYPTO_MEDIUM,controlled_apktool_template,1.0,accepted,crypto_medium,static_iv_cbc,Intentional medium-severity crypto misuse markers.,"[""static IV"", ""AES/CBC/PKCS5Padding""]",AndroidManifest.xml; smali/com/mobilesec/controlled/MainActivity.smali,1,built
controlled-00371,crypto_medium_0010,com.mobilesec.controlled.crypto_medium0010,/tmp/controlled_apktool_dataset_v2/projects/crypto_medium_0010,/tmp/controlled_apktool_dataset_v2/apks/crypto_medium_0010.apk,f436ac7c5e327107700f955b6fab0937b0b3a9baf03c49711687ee1c277e31f4,FIX_CRYPTO_MEDIUM,controlled_apktool_template,1.0,accepted,crypto_medium,low_pbkdf2_iterations,Intentional medium-severity crypto misuse markers.,"[""low PBKDF2 iteration count""]",AndroidManifest.xml; smali/com/mobilesec/controlled/MainActivity.smali,1,built
controlled-00372,crypto_medium_0011,com.mobilesec.controlled.crypto_medium0011,/tmp/controlled_apktool_dataset_v2/projects/crypto_medium_0011,/tmp/controlled_apktool_dataset_v2/apks/crypto_medium_0011.apk,1832b9a3efcb71c9dfae13163db9c90e49b46c09aabb77aca31d1104f4256338,FIX_CRYPTO_MEDIUM,controlled_apktool_template,1.0,accepted,crypto_medium,hardcoded_salt,Intentional medium-severity crypto misuse markers.,"[""hardcoded salt"", ""low KDF iterations""]",AndroidManifest.xml; smali/com/mobilesec/controlled/MainActivity.smali,1,built
controlled-00373,crypto_medium_0012,com.mobilesec.controlled.crypto_medium0012,/tmp/controlled_apktool_dataset_v2/projects/crypto_medium_0012,/tmp/controlled_apktool_dataset_v2/apks/crypto_medium_0012.apk,da353763e5a4d1e08c5ee891b9c2bbbf16789d02c805649412b274915a15ead9,FIX_CRYPTO_MEDIUM,controlled_apktool_template,1.0,accepted,crypto_medium,aes_cbc_nopadding,Intentional medium-severity crypto misuse markers.,"[""AES/CBC/NoPadding""]",AndroidManifest.xml; smali/com/mobilesec/controlled/MainActivity.smali,1,built
controlled-00374,crypto_medium_0013,com.mobilesec.controlled.crypto_medium0013,/tmp/controlled_apktool_dataset_v2/projects/crypto_medium_0013,/tmp/controlled_apktool_dataset_v2/apks/crypto_medium_0013.apk,26694fb46441062159e8a50ee24038ac2ba930df6554f79550971323f7e4381e,FIX_CRYPTO_MEDIUM,controlled_apktool_template,1.0,accepted,crypto_medium,static_iv_cbc,Intentional medium-severity crypto misuse markers.,"[""static IV"", ""AES/CBC/PKCS5Padding""]",AndroidManifest.xml; smali/com/mobilesec/controlled/MainActivity.smali,1,built
controlled-00375,crypto_medium_0014,com.mobilesec.controlled.crypto_medium0014,/tmp/controlled_apktool_dataset_v2/projects/crypto_medium_0014,/tmp/controlled_apktool_dataset_v2/apks/crypto_medium_0014.apk,b5e736350be681980ff0888dbf6a7cfa67daca8056dbf4aa17adac0c97e6ee3c,FIX_CRYPTO_MEDIUM,controlled_apktool_template,1.0,accepted,crypto_medium,low_pbkdf2_iterations,Intentional medium-severity crypto misuse markers.,"[""low PBKDF2 iteration count""]",AndroidManifest.xml; smali/com/mobilesec/controlled/MainActivity.smali,1,built
controlled-00376,crypto_medium_0015,com.mobilesec.controlled.crypto_medium0015,/tmp/controlled_apktool_dataset_v2/projects/crypto_medium_0015,/tmp/controlled_apktool_dataset_v2/apks/crypto_medium_0015.apk,dac3aff644b7a7d889027abcc5869284c3b225faf7c5b7ca380f5c43545f67f8,FIX_CRYPTO_MEDIUM,controlled_apktool_template,1.0,accepted,crypto_medium,hardcoded_salt,Intentional medium-severity crypto misuse markers.,"[""hardcoded salt"", ""low KDF iterations""]",AndroidManifest.xml; smali/com/mobilesec/controlled/MainActivity.smali,1,built
controlled-00377,crypto_medium_0016,com.mobilesec.controlled.crypto_medium0016,/tmp/controlled_apktool_dataset_v2/projects/crypto_medium_0016,/tmp/controlled_apktool_dataset_v2/apks/crypto_medium_0016.apk,9c640d3815ee865c7e62c5fedc855f6f8a9ac0aa76ee7036c9ff7cde77e3b625,FIX_CRYPTO_MEDIUM,controlled_apktool_template,1.0,accepted,crypto_medium,aes_cbc_nopadding,Intentional medium-severity crypto misuse markers.,"[""AES/CBC/NoPadding""]",AndroidManifest.xml; smali/com/mobilesec/controlled/MainActivity.smali,1,built
controlled-00378,crypto_medium_0017,com.mobilesec.controlled.crypto_medium0017,/tmp/controlled_apktool_dataset_v2/projects/crypto_medium_0017,/tmp/controlled_apktool_dataset_v2/apks/crypto_medium_0017.apk,b5f54f08bcc8d0251edea005b5e18b1f96b6242d8a9e31465fbebaf8086a958d,FIX_CRYPTO_MEDIUM,controlled_apktool_template,1.0,accepted,crypto_medium,static_iv_cbc,Intentional medium-severity crypto misuse markers.,"[""static IV"", ""AES/CBC/PKCS5Padding""]",AndroidManifest.xml; smali/com/mobilesec/controlled/MainActivity.smali,1,built
controlled-00379,crypto_medium_0018,com.mobilesec.controlled.crypto_medium0018,/tmp/controlled_apktool_dataset_v2/projects/crypto_medium_0018,/tmp/controlled_apktool_dataset_v2/apks/crypto_medium_0018.apk,67dd9826a916033dc94d152246350a0aa0653c1a2ecd6e0e24e57b55e0b89144,FIX_CRYPTO_MEDIUM,controlled_apktool_template,1.0,accepted,crypto_medium,low_pbkdf2_iterations,Intentional medium-severity crypto misuse markers.,"[""low PBKDF2 iteration count""]",AndroidManifest.xml; smali/com/mobilesec/controlled/MainActivity.smali,1,built
controlled-00380,crypto_medium_0019,com.mobilesec.controlled.crypto_medium0019,/tmp/controlled_apktool_dataset_v2/projects/crypto_medium_0019,/tmp/controlled_apktool_dataset_v2/apks/crypto_medium_0019.apk,2918d9af2b89361d7be86dcf66fb77418015020742c66da4753d5f06d85d9e37,FIX_CRYPTO_MEDIUM,controlled_apktool_template,1.0,accepted,crypto_medium,hardcoded_salt,Intentional medium-severity crypto misuse markers.,"[""hardcoded salt"", ""low KDF iterations""]",AndroidManifest.xml; smali/com/mobilesec/controlled/MainActivity.smali,1,built
controlled-00381,crypto_medium_0020,com.mobilesec.controlled.crypto_medium0020,/tmp/controlled_apktool_dataset_v2/projects/crypto_medium_0020,/tmp/controlled_apktool_dataset_v2/apks/crypto_medium_0020.apk,83b1455751c18fb457945ebe8ff02101ec87860f879dc41b6f4d34535b77cd67,FIX_CRYPTO_MEDIUM,controlled_apktool_template,1.0,accepted,crypto_medium,aes_cbc_nopadding,Intentional medium-severity crypto misuse markers.,"[""AES/CBC/NoPadding""]",AndroidManifest.xml; smali/com/mobilesec/controlled/MainActivity.smali,1,built
controlled-00382,crypto_medium_0021,com.mobilesec.controlled.crypto_medium0021,/tmp/controlled_apktool_dataset_v2/projects/crypto_medium_0021,/tmp/controlled_apktool_dataset_v2/apks/crypto_medium_0021.apk,9f89e107673ad68a70f9b421eff00c9199a4db8d1cb9c1ed2433d0059f96b9cd,FIX_CRYPTO_MEDIUM,controlled_apktool_template,1.0,accepted,crypto_medium,static_iv_cbc,Intentional medium-severity crypto misuse markers.,"[""static IV"", ""AES/CBC/PKCS5Padding""]",AndroidManifest.xml; smali/com/mobilesec/controlled/MainActivity.smali,1,built
controlled-00383,crypto_medium_0022,com.mobilesec.controlled.crypto_medium0022,/tmp/controlled_apktool_dataset_v2/projects/crypto_medium_0022,/tmp/controlled_apktool_dataset_v2/apks/crypto_medium_0022.apk,288de5009fafe53b3034ca01da502f1ab0ff1f63c8b125903f46b17131506829,FIX_CRYPTO_MEDIUM,controlled_apktool_template,1.0,accepted,crypto_medium,low_pbkdf2_iterations,Intentional medium-severity crypto misuse markers.,"[""low PBKDF2 iteration count""]",AndroidManifest.xml; smali/com/mobilesec/controlled/MainActivity.smali,1,built
controlled-00384,crypto_medium_0023,com.mobilesec.controlled.crypto_medium0023,/tmp/controlled_apktool_dataset_v2/projects/crypto_medium_0023,/tmp/controlled_apktool_dataset_v2/apks/crypto_medium_0023.apk,db873f996083e3c2436ac3013bc1bc211bd5331367e4fb6481b8d2ddcd53d6e2,FIX_CRYPTO_MEDIUM,controlled_apktool_template,1.0,accepted,crypto_medium,hardcoded_salt,Intentional medium-severity crypto misuse markers.,"[""hardcoded salt"", ""low KDF iterations""]",AndroidManifest.xml; smali/com/mobilesec/controlled/MainActivity.smali,1,built
controlled-00385,crypto_medium_0024,com.mobilesec.controlled.crypto_medium0024,/tmp/controlled_apktool_dataset_v2/projects/crypto_medium_0024,/tmp/controlled_apktool_dataset_v2/apks/crypto_medium_0024.apk,56b639400e456cc81e4272732423fc93d8a549ed944fa12d89398d591f163d9a,FIX_CRYPTO_MEDIUM,controlled_apktool_template,1.0,accepted,crypto_medium,aes_cbc_nopadding,Intentional medium-severity crypto misuse markers.,"[""AES/CBC/NoPadding""]",AndroidManifest.xml; smali/com/mobilesec/controlled/MainActivity.smali,1,built
controlled-00386,crypto_medium_0025,com.mobilesec.controlled.crypto_medium0025,/tmp/controlled_apktool_dataset_v2/projects/crypto_medium_0025,/tmp/controlled_apktool_dataset_v2/apks/crypto_medium_0025.apk,4c59be8f448ac31ff87dce3128a625a39ced1c27316f06d8b76a8086504ff163,FIX_CRYPTO_MEDIUM,controlled_apktool_template,1.0,accepted,crypto_medium,static_iv_cbc,Intentional medium-severity crypto misuse markers.,"[""static IV"", ""AES/CBC/PKCS5Padding""]",AndroidManifest.xml; smali/com/mobilesec/controlled/MainActivity.smali,1,built
controlled-00387,crypto_medium_0026,com.mobilesec.controlled.crypto_medium0026,/tmp/controlled_apktool_dataset_v2/projects/crypto_medium_0026,/tmp/controlled_apktool_dataset_v2/apks/crypto_medium_0026.apk,b79141046d54d07b407956db0ed0ffb9b3f9352d7c7c4ad5294c56f8c5285899,FIX_CRYPTO_MEDIUM,controlled_apktool_template,1.0,accepted,crypto_medium,low_pbkdf2_iterations,Intentional medium-severity crypto misuse markers.,"[""low PBKDF2 iteration count""]",AndroidManifest.xml; smali/com/mobilesec/controlled/MainActivity.smali,1,built
controlled-00388,crypto_medium_0027,com.mobilesec.controlled.crypto_medium0027,/tmp/controlled_apktool_dataset_v2/projects/crypto_medium_0027,/tmp/controlled_apktool_dataset_v2/apks/crypto_medium_0027.apk,7b167942c8208c5191ff787dec375169b2432c2e0a08697a4f425c8942ddd382,FIX_CRYPTO_MEDIUM,controlled_apktool_template,1.0,accepted,crypto_medium,hardcoded_salt,Intentional medium-severity crypto misuse markers.,"[""hardcoded salt"", ""low KDF iterations""]",AndroidManifest.xml; smali/com/mobilesec/controlled/MainActivity.smali,1,built
controlled-00389,crypto_medium_0028,com.mobilesec.controlled.crypto_medium0028,/tmp/controlled_apktool_dataset_v2/projects/crypto_medium_0028,/tmp/controlled_apktool_dataset_v2/apks/crypto_medium_0028.apk,c98c1934a2a67e6115218f12ba900539d01450e817b29b1faaab01dd5eeaf778,FIX_CRYPTO_MEDIUM,controlled_apktool_template,1.0,accepted,crypto_medium,aes_cbc_nopadding,Intentional medium-severity crypto misuse markers.,"[""AES/CBC/NoPadding""]",AndroidManifest.xml; smali/com/mobilesec/controlled/MainActivity.smali,1,built
controlled-00390,crypto_medium_0029,com.mobilesec.controlled.crypto_medium0029,/tmp/controlled_apktool_dataset_v2/projects/crypto_medium_0029,/tmp/controlled_apktool_dataset_v2/apks/crypto_medium_0029.apk,0110b3f33c892a3c7d5145a1b2049e38ee7e3bf57ecbf0902ce29f9fd08b2dc7,FIX_CRYPTO_MEDIUM,controlled_apktool_template,1.0,accepted,crypto_medium,static_iv_cbc,Intentional medium-severity crypto misuse markers.,"[""static IV"", ""AES/CBC/PKCS5Padding""]",AndroidManifest.xml; smali/com/mobilesec/controlled/MainActivity.smali,1,built
controlled-00391,crypto_medium_0030,com.mobilesec.controlled.crypto_medium0030,/tmp/controlled_apktool_dataset_v2/projects/crypto_medium_0030,/tmp/controlled_apktool_dataset_v2/apks/crypto_medium_0030.apk,3c0f0e99323eb7c522d0d4732d80cf24681095dd0e173fb065fc08a26499feb4,FIX_CRYPTO_MEDIUM,controlled_apktool_template,1.0,accepted,crypto_medium,low_pbkdf2_iterations,Intentional medium-severity crypto misuse markers.,"[""low PBKDF2 iteration count""]",AndroidManifest.xml; smali/com/mobilesec/controlled/MainActivity.smali,1,built
controlled-00392,crypto_medium_0031,com.mobilesec.controlled.crypto_medium0031,/tmp/controlled_apktool_dataset_v2/projects/crypto_medium_0031,/tmp/controlled_apktool_dataset_v2/apks/crypto_medium_0031.apk,1b02e633bb1c795ddc78ea6dcf59fabbbf73389be77aec423423c6bd7dd456ec,FIX_CRYPTO_MEDIUM,controlled_apktool_template,1.0,accepted,crypto_medium,hardcoded_salt,Intentional medium-severity crypto misuse markers.,"[""hardcoded salt"", ""low KDF iterations""]",AndroidManifest.xml; smali/com/mobilesec/controlled/MainActivity.smali,1,built
controlled-00393,crypto_medium_0032,com.mobilesec.controlled.crypto_medium0032,/tmp/controlled_apktool_dataset_v2/projects/crypto_medium_0032,/tmp/controlled_apktool_dataset_v2/apks/crypto_medium_0032.apk,50a19a0ac141ef29b737a704f123fe9855a98d622ff6403148cf1452cbadcdc2,FIX_CRYPTO_MEDIUM,controlled_apktool_template,1.0,accepted,crypto_medium,aes_cbc_nopadding,Intentional medium-severity crypto misuse markers.,"[""AES/CBC/NoPadding""]",AndroidManifest.xml; smali/com/mobilesec/controlled/MainActivity.smali,1,built
controlled-00394,crypto_medium_0033,com.mobilesec.controlled.crypto_medium0033,/tmp/controlled_apktool_dataset_v2/projects/crypto_medium_0033,/tmp/controlled_apktool_dataset_v2/apks/crypto_medium_0033.apk,d9748897c1e9c7aa136bf96ef9517c86a27c6b4108d2029efac0cf39c1959bd1,FIX_CRYPTO_MEDIUM,controlled_apktool_template,1.0,accepted,crypto_medium,static_iv_cbc,Intentional medium-severity crypto misuse markers.,"[""static IV"", ""AES/CBC/PKCS5Padding""]",AndroidManifest.xml; smali/com/mobilesec/controlled/MainActivity.smali,1,built
controlled-00395,crypto_medium_0034,com.mobilesec.controlled.crypto_medium0034,/tmp/controlled_apktool_dataset_v2/projects/crypto_medium_0034,/tmp/controlled_apktool_dataset_v2/apks/crypto_medium_0034.apk,8a2d842b1b835a1dc29399c86b8480864580dc11fa4888b587c18d6bb1124ccd,FIX_CRYPTO_MEDIUM,controlled_apktool_template,1.0,accepted,crypto_medium,low_pbkdf2_iterations,Intentional medium-severity crypto misuse markers.,"[""low PBKDF2 iteration count""]",AndroidManifest.xml; smali/com/mobilesec/controlled/MainActivity.smali,1,built
controlled-00396,crypto_medium_0035,com.mobilesec.controlled.crypto_medium0035,/tmp/controlled_apktool_dataset_v2/projects/crypto_medium_0035,/tmp/controlled_apktool_dataset_v2/apks/crypto_medium_0035.apk,e8b500dba1207f66e5cee5cd06e8fa69126a5ff8afbcc05de54e73f2c61b5c50,FIX_CRYPTO_MEDIUM,controlled_apktool_template,1.0,accepted,crypto_medium,hardcoded_salt,Intentional medium-severity crypto misuse markers.,"[""hardcoded salt"", ""low KDF iterations""]",AndroidManifest.xml; smali/com/mobilesec/controlled/MainActivity.smali,1,built
controlled-00397,crypto_medium_0036,com.mobilesec.controlled.crypto_medium0036,/tmp/controlled_apktool_dataset_v2/projects/crypto_medium_0036,/tmp/controlled_apktool_dataset_v2/apks/crypto_medium_0036.apk,ba04a7afa42e3bb563228a6f683603807e776956ae63af7b4aa1ff6ab9ec92cc,FIX_CRYPTO_MEDIUM,controlled_apktool_template,1.0,accepted,crypto_medium,aes_cbc_nopadding,Intentional medium-severity crypto misuse markers.,"[""AES/CBC/NoPadding""]",AndroidManifest.xml; smali/com/mobilesec/controlled/MainActivity.smali,1,built
controlled-00398,crypto_medium_0037,com.mobilesec.controlled.crypto_medium0037,/tmp/controlled_apktool_dataset_v2/projects/crypto_medium_0037,/tmp/controlled_apktool_dataset_v2/apks/crypto_medium_0037.apk,4a6620b462fa3953560a62e652765aa47279833bb26ad6ee1c22d1e297029922,FIX_CRYPTO_MEDIUM,controlled_apktool_template,1.0,accepted,crypto_medium,static_iv_cbc,Intentional medium-severity crypto misuse markers.,"[""static IV"", ""AES/CBC/PKCS5Padding""]",AndroidManifest.xml; smali/com/mobilesec/controlled/MainActivity.smali,1,built
controlled-00399,crypto_medium_0038,com.mobilesec.controlled.crypto_medium0038,/tmp/controlled_apktool_dataset_v2/projects/crypto_medium_0038,/tmp/controlled_apktool_dataset_v2/apks/crypto_medium_0038.apk,c37f46bc59009012c04132ac0253cb5c4e186f0f38dd23968413b1d7e6d6877e,FIX_CRYPTO_MEDIUM,controlled_apktool_template,1.0,accepted,crypto_medium,low_pbkdf2_iterations,Intentional medium-severity crypto misuse markers.,"[""low PBKDF2 iteration count""]",AndroidManifest.xml; smali/com/mobilesec/controlled/MainActivity.smali,1,built
controlled-00400,crypto_medium_0039,com.mobilesec.controlled.crypto_medium0039,/tmp/controlled_apktool_dataset_v2/projects/crypto_medium_0039,/tmp/controlled_apktool_dataset_v2/apks/crypto_medium_0039.apk,b5ae508e99a136388d1ff3b7047c73466e725e776a758dd6c0fdf59b9efb35c0,FIX_CRYPTO_MEDIUM,controlled_apktool_template,1.0,accepted,crypto_medium,hardcoded_salt,Intentional medium-severity crypto misuse markers.,"[""hardcoded salt"", ""low KDF iterations""]",AndroidManifest.xml; smali/com/mobilesec/controlled/MainActivity.smali,1,built
controlled-00401,crypto_general_0000,com.mobilesec.controlled.crypto_general0000,/tmp/controlled_apktool_dataset_v2/projects/crypto_general_0000,/tmp/controlled_apktool_dataset_v2/apks/crypto_general_0000.apk,115f2f60e4ab8adbb31e22528227d9d2d1191bad52d98c17b4c166e3114c0c74,FIX_CRYPTO_GENERAL,controlled_apktool_template,1.0,accepted,crypto_general,hardcoded_aes_key,Intentional hardcoded crypto material markers.,"[""hardcoded AES key"", ""SecretKeySpec""]",AndroidManifest.xml; smali/com/mobilesec/controlled/MainActivity.smali,1,built
controlled-00402,crypto_general_0001,com.mobilesec.controlled.crypto_general0001,/tmp/controlled_apktool_dataset_v2/projects/crypto_general_0001,/tmp/controlled_apktool_dataset_v2/apks/crypto_general_0001.apk,5fba264947abfb945cdd006b38cc7224dacecc1f6a691ab6576f58ac60a5a2ff,FIX_CRYPTO_GENERAL,controlled_apktool_template,1.0,accepted,crypto_general,static_encryption_key,Intentional hardcoded crypto material markers.,"[""static encryption key""]",AndroidManifest.xml; smali/com/mobilesec/controlled/MainActivity.smali,1,built
controlled-00403,crypto_general_0002,com.mobilesec.controlled.crypto_general0002,/tmp/controlled_apktool_dataset_v2/projects/crypto_general_0002,/tmp/controlled_apktool_dataset_v2/apks/crypto_general_0002.apk,ec4de6225012a15bbfd8be5b5d3fcdde53358077863516e5e561d9de313ab9b0,FIX_CRYPTO_GENERAL,controlled_apktool_template,1.0,accepted,crypto_general,hardcoded_hmac_key,Intentional hardcoded crypto material markers.,"[""hardcoded HMAC key""]",AndroidManifest.xml; smali/com/mobilesec/controlled/MainActivity.smali,1,built
controlled-00404,crypto_general_0003,com.mobilesec.controlled.crypto_general0003,/tmp/controlled_apktool_dataset_v2/projects/crypto_general_0003,/tmp/controlled_apktool_dataset_v2/apks/crypto_general_0003.apk,93b2b4485ea3507f6634244dd04823a500a704f73da8d1c6267465e4f28ac1ab,FIX_CRYPTO_GENERAL,controlled_apktool_template,1.0,accepted,crypto_general,key_in_shared_prefs,Intentional hardcoded crypto material markers.,"[""crypto key stored in SharedPreferences""]",AndroidManifest.xml; smali/com/mobilesec/controlled/MainActivity.smali,1,built
controlled-00405,crypto_general_0004,com.mobilesec.controlled.crypto_general0004,/tmp/controlled_apktool_dataset_v2/projects/crypto_general_0004,/tmp/controlled_apktool_dataset_v2/apks/crypto_general_0004.apk,09bf494a7d0b9e63f2e988071485c4be85f5012c5586d62d86d8d6685dca654e,FIX_CRYPTO_GENERAL,controlled_apktool_template,1.0,accepted,crypto_general,hardcoded_aes_key,Intentional hardcoded crypto material markers.,"[""hardcoded AES key"", ""SecretKeySpec""]",AndroidManifest.xml; smali/com/mobilesec/controlled/MainActivity.smali,1,built
controlled-00406,crypto_general_0005,com.mobilesec.controlled.crypto_general0005,/tmp/controlled_apktool_dataset_v2/projects/crypto_general_0005,/tmp/controlled_apktool_dataset_v2/apks/crypto_general_0005.apk,efbc40468341b9e433e13cd49e866250fad8aae108c1a29140825e323d6ee59b,FIX_CRYPTO_GENERAL,controlled_apktool_template,1.0,accepted,crypto_general,static_encryption_key,Intentional hardcoded crypto material markers.,"[""static encryption key""]",AndroidManifest.xml; smali/com/mobilesec/controlled/MainActivity.smali,1,built
controlled-00407,crypto_general_0006,com.mobilesec.controlled.crypto_general0006,/tmp/controlled_apktool_dataset_v2/projects/crypto_general_0006,/tmp/controlled_apktool_dataset_v2/apks/crypto_general_0006.apk,f2315afeb7fc7640783d237ecec13fde1b59dc6487505591fb8e7291c4c47483,FIX_CRYPTO_GENERAL,controlled_apktool_template,1.0,accepted,crypto_general,hardcoded_hmac_key,Intentional hardcoded crypto material markers.,"[""hardcoded HMAC key""]",AndroidManifest.xml; smali/com/mobilesec/controlled/MainActivity.smali,1,built
controlled-00408,crypto_general_0007,com.mobilesec.controlled.crypto_general0007,/tmp/controlled_apktool_dataset_v2/projects/crypto_general_0007,/tmp/controlled_apktool_dataset_v2/apks/crypto_general_0007.apk,1618bcaa1df4672691b57835615721ade973f4f4bedc870640bb03305e2ce5c2,FIX_CRYPTO_GENERAL,controlled_apktool_template,1.0,accepted,crypto_general,key_in_shared_prefs,Intentional hardcoded crypto material markers.,"[""crypto key stored in SharedPreferences""]",AndroidManifest.xml; smali/com/mobilesec/controlled/MainActivity.smali,1,built
controlled-00409,crypto_general_0008,com.mobilesec.controlled.crypto_general0008,/tmp/controlled_apktool_dataset_v2/projects/crypto_general_0008,/tmp/controlled_apktool_dataset_v2/apks/crypto_general_0008.apk,4529af755721f0f5c2c35691f77ffb5dd097b78e79a97c67501af4fefbdbbafb,FIX_CRYPTO_GENERAL,controlled_apktool_template,1.0,accepted,crypto_general,hardcoded_aes_key,Intentional hardcoded crypto material markers.,"[""hardcoded AES key"", ""SecretKeySpec""]",AndroidManifest.xml; smali/com/mobilesec/controlled/MainActivity.smali,1,built
controlled-00410,crypto_general_0009,com.mobilesec.controlled.crypto_general0009,/tmp/controlled_apktool_dataset_v2/projects/crypto_general_0009,/tmp/controlled_apktool_dataset_v2/apks/crypto_general_0009.apk,6e50f9498ab35cd873760cf231295e47d2c0b17f6a6b221f4f26671c0147dd5f,FIX_CRYPTO_GENERAL,controlled_apktool_template,1.0,accepted,crypto_general,static_encryption_key,Intentional hardcoded crypto material markers.,"[""static encryption key""]",AndroidManifest.xml; smali/com/mobilesec/controlled/MainActivity.smali,1,built
controlled-00411,crypto_general_0010,com.mobilesec.controlled.crypto_general0010,/tmp/controlled_apktool_dataset_v2/projects/crypto_general_0010,/tmp/controlled_apktool_dataset_v2/apks/crypto_general_0010.apk,81c88cec319a1f7bddda51c224eed19ec429c58841764bcfee3bf5e1136352bb,FIX_CRYPTO_GENERAL,controlled_apktool_template,1.0,accepted,crypto_general,hardcoded_hmac_key,Intentional hardcoded crypto material markers.,"[""hardcoded HMAC key""]",AndroidManifest.xml; smali/com/mobilesec/controlled/MainActivity.smali,1,built
controlled-00412,crypto_general_0011,com.mobilesec.controlled.crypto_general0011,/tmp/controlled_apktool_dataset_v2/projects/crypto_general_0011,/tmp/controlled_apktool_dataset_v2/apks/crypto_general_0011.apk,5495bb28d3b80fc4fd20467f4a02e7f50e3f890e1735e44f360fee9d726287bf,FIX_CRYPTO_GENERAL,controlled_apktool_template,1.0,accepted,crypto_general,key_in_shared_prefs,Intentional hardcoded crypto material markers.,"[""crypto key stored in SharedPreferences""]",AndroidManifest.xml; smali/com/mobilesec/controlled/MainActivity.smali,1,built
controlled-00413,crypto_general_0012,com.mobilesec.controlled.crypto_general0012,/tmp/controlled_apktool_dataset_v2/projects/crypto_general_0012,/tmp/controlled_apktool_dataset_v2/apks/crypto_general_0012.apk,8ae55c48cad526dde13c2314d4fa2487b490359d3bf2446e80b7c6bae2289f57,FIX_CRYPTO_GENERAL,controlled_apktool_template,1.0,accepted,crypto_general,hardcoded_aes_key,Intentional hardcoded crypto material markers.,"[""hardcoded AES key"", ""SecretKeySpec""]",AndroidManifest.xml; smali/com/mobilesec/controlled/MainActivity.smali,1,built
controlled-00414,crypto_general_0013,com.mobilesec.controlled.crypto_general0013,/tmp/controlled_apktool_dataset_v2/projects/crypto_general_0013,/tmp/controlled_apktool_dataset_v2/apks/crypto_general_0013.apk,d6c67d8d6900d418a4e289ee0c3e8211674cfbee63a1ad69cf6d00093b99155d,FIX_CRYPTO_GENERAL,controlled_apktool_template,1.0,accepted,crypto_general,static_encryption_key,Intentional hardcoded crypto material markers.,"[""static encryption key""]",AndroidManifest.xml; smali/com/mobilesec/controlled/MainActivity.smali,1,built
controlled-00415,crypto_general_0014,com.mobilesec.controlled.crypto_general0014,/tmp/controlled_apktool_dataset_v2/projects/crypto_general_0014,/tmp/controlled_apktool_dataset_v2/apks/crypto_general_0014.apk,cbc7be8c14ee554e294c9dfcaf5fe23c4a785d6ceafa52b366f6b0f15c83e1bc,FIX_CRYPTO_GENERAL,controlled_apktool_template,1.0,accepted,crypto_general,hardcoded_hmac_key,Intentional hardcoded crypto material markers.,"[""hardcoded HMAC key""]",AndroidManifest.xml; smali/com/mobilesec/controlled/MainActivity.smali,1,built
controlled-00416,crypto_general_0015,com.mobilesec.controlled.crypto_general0015,/tmp/controlled_apktool_dataset_v2/projects/crypto_general_0015,/tmp/controlled_apktool_dataset_v2/apks/crypto_general_0015.apk,dc8833b0622cba9493ff820535de000f9f090c1ff45ab36fe55a95bc84793826,FIX_CRYPTO_GENERAL,controlled_apktool_template,1.0,accepted,crypto_general,key_in_shared_prefs,Intentional hardcoded crypto material markers.,"[""crypto key stored in SharedPreferences""]",AndroidManifest.xml; smali/com/mobilesec/controlled/MainActivity.smali,1,built
controlled-00417,crypto_general_0016,com.mobilesec.controlled.crypto_general0016,/tmp/controlled_apktool_dataset_v2/projects/crypto_general_0016,/tmp/controlled_apktool_dataset_v2/apks/crypto_general_0016.apk,ef4c23014d4c621343c91663e0c619df43044c6861379739eb78a670c858896e,FIX_CRYPTO_GENERAL,controlled_apktool_template,1.0,accepted,crypto_general,hardcoded_aes_key,Intentional hardcoded crypto material markers.,"[""hardcoded AES key"", ""SecretKeySpec""]",AndroidManifest.xml; smali/com/mobilesec/controlled/MainActivity.smali,1,built
controlled-00418,crypto_general_0017,com.mobilesec.controlled.crypto_general0017,/tmp/controlled_apktool_dataset_v2/projects/crypto_general_0017,/tmp/controlled_apktool_dataset_v2/apks/crypto_general_0017.apk,7ce98fee1b0d833f9dc6208389324441e8ccabb690610110e463c66951481a40,FIX_CRYPTO_GENERAL,controlled_apktool_template,1.0,accepted,crypto_general,static_encryption_key,Intentional hardcoded crypto material markers.,"[""static encryption key""]",AndroidManifest.xml; smali/com/mobilesec/controlled/MainActivity.smali,1,built
controlled-00419,crypto_general_0018,com.mobilesec.controlled.crypto_general0018,/tmp/controlled_apktool_dataset_v2/projects/crypto_general_0018,/tmp/controlled_apktool_dataset_v2/apks/crypto_general_0018.apk,a8f4d395e19e824b1ff484298bb0783770568110e8a2532d5f90242934d075b6,FIX_CRYPTO_GENERAL,controlled_apktool_template,1.0,accepted,crypto_general,hardcoded_hmac_key,Intentional hardcoded crypto material markers.,"[""hardcoded HMAC key""]",AndroidManifest.xml; smali/com/mobilesec/controlled/MainActivity.smali,1,built
controlled-00420,crypto_general_0019,com.mobilesec.controlled.crypto_general0019,/tmp/controlled_apktool_dataset_v2/projects/crypto_general_0019,/tmp/controlled_apktool_dataset_v2/apks/crypto_general_0019.apk,af18739ed43c26f1e8637c526003a0f9d07907fb9122a768e19a6a8430c272c6,FIX_CRYPTO_GENERAL,controlled_apktool_template,1.0,accepted,crypto_general,key_in_shared_prefs,Intentional hardcoded crypto material markers.,"[""crypto key stored in SharedPreferences""]",AndroidManifest.xml; smali/com/mobilesec/controlled/MainActivity.smali,1,built
controlled-00421,crypto_general_0020,com.mobilesec.controlled.crypto_general0020,/tmp/controlled_apktool_dataset_v2/projects/crypto_general_0020,/tmp/controlled_apktool_dataset_v2/apks/crypto_general_0020.apk,f84a7edc8bb40c439066b68a0416f3c64d5c2e2c412de6941b440601fe7597fa,FIX_CRYPTO_GENERAL,controlled_apktool_template,1.0,accepted,crypto_general,hardcoded_aes_key,Intentional hardcoded crypto material markers.,"[""hardcoded AES key"", ""SecretKeySpec""]",AndroidManifest.xml; smali/com/mobilesec/controlled/MainActivity.smali,1,built
controlled-00422,crypto_general_0021,com.mobilesec.controlled.crypto_general0021,/tmp/controlled_apktool_dataset_v2/projects/crypto_general_0021,/tmp/controlled_apktool_dataset_v2/apks/crypto_general_0021.apk,d71b3823bf4411798ddb72b7040ad5cd00dfed7259f63f6a4a4bc9b9781d240a,FIX_CRYPTO_GENERAL,controlled_apktool_template,1.0,accepted,crypto_general,static_encryption_key,Intentional hardcoded crypto material markers.,"[""static encryption key""]",AndroidManifest.xml; smali/com/mobilesec/controlled/MainActivity.smali,1,built
controlled-00423,crypto_general_0022,com.mobilesec.controlled.crypto_general0022,/tmp/controlled_apktool_dataset_v2/projects/crypto_general_0022,/tmp/controlled_apktool_dataset_v2/apks/crypto_general_0022.apk,81374149b0d2e7efa76d10eaf47c8c76ea45cb0274f6a7f87c7f0334a4fc6f8f,FIX_CRYPTO_GENERAL,controlled_apktool_template,1.0,accepted,crypto_general,hardcoded_hmac_key,Intentional hardcoded crypto material markers.,"[""hardcoded HMAC key""]",AndroidManifest.xml; smali/com/mobilesec/controlled/MainActivity.smali,1,built
controlled-00424,crypto_general_0023,com.mobilesec.controlled.crypto_general0023,/tmp/controlled_apktool_dataset_v2/projects/crypto_general_0023,/tmp/controlled_apktool_dataset_v2/apks/crypto_general_0023.apk,76a53f46e08e22bfd64c9c42e376f724b8cf8d8b2dc2337ee518caa02f5bc42a,FIX_CRYPTO_GENERAL,controlled_apktool_template,1.0,accepted,crypto_general,key_in_shared_prefs,Intentional hardcoded crypto material markers.,"[""crypto key stored in SharedPreferences""]",AndroidManifest.xml; smali/com/mobilesec/controlled/MainActivity.smali,1,built
controlled-00425,crypto_general_0024,com.mobilesec.controlled.crypto_general0024,/tmp/controlled_apktool_dataset_v2/projects/crypto_general_0024,/tmp/controlled_apktool_dataset_v2/apks/crypto_general_0024.apk,5579fc83460da816e2e3b36130c2f5b8b055efbb3ae806c434b98038e81e7493,FIX_CRYPTO_GENERAL,controlled_apktool_template,1.0,accepted,crypto_general,hardcoded_aes_key,Intentional hardcoded crypto material markers.,"[""hardcoded AES key"", ""SecretKeySpec""]",AndroidManifest.xml; smali/com/mobilesec/controlled/MainActivity.smali,1,built
controlled-00426,crypto_general_0025,com.mobilesec.controlled.crypto_general0025,/tmp/controlled_apktool_dataset_v2/projects/crypto_general_0025,/tmp/controlled_apktool_dataset_v2/apks/crypto_general_0025.apk,3b11309f09049c1cfd231e050e38f7bd69c916347e7164fbe5e57d6cd6f06028,FIX_CRYPTO_GENERAL,controlled_apktool_template,1.0,accepted,crypto_general,static_encryption_key,Intentional hardcoded crypto material markers.,"[""static encryption key""]",AndroidManifest.xml; smali/com/mobilesec/controlled/MainActivity.smali,1,built
controlled-00427,crypto_general_0026,com.mobilesec.controlled.crypto_general0026,/tmp/controlled_apktool_dataset_v2/projects/crypto_general_0026,/tmp/controlled_apktool_dataset_v2/apks/crypto_general_0026.apk,ff8c25e74c729de58451df5120bca169b35d41f3d4acab0ca8885d193cf8bac0,FIX_CRYPTO_GENERAL,controlled_apktool_template,1.0,accepted,crypto_general,hardcoded_hmac_key,Intentional hardcoded crypto material markers.,"[""hardcoded HMAC key""]",AndroidManifest.xml; smali/com/mobilesec/controlled/MainActivity.smali,1,built
controlled-00428,crypto_general_0027,com.mobilesec.controlled.crypto_general0027,/tmp/controlled_apktool_dataset_v2/projects/crypto_general_0027,/tmp/controlled_apktool_dataset_v2/apks/crypto_general_0027.apk,dc2de1238bfc10b0775eb653327fd6860ac2488d84417bb43084d5a02a258f7b,FIX_CRYPTO_GENERAL,controlled_apktool_template,1.0,accepted,crypto_general,key_in_shared_prefs,Intentional hardcoded crypto material markers.,"[""crypto key stored in SharedPreferences""]",AndroidManifest.xml; smali/com/mobilesec/controlled/MainActivity.smali,1,built
controlled-00429,crypto_general_0028,com.mobilesec.controlled.crypto_general0028,/tmp/controlled_apktool_dataset_v2/projects/crypto_general_0028,/tmp/controlled_apktool_dataset_v2/apks/crypto_general_0028.apk,466ea3adef253a7be21b9605440fc3d3bd0b545c08521538a6d33305af6589de,FIX_CRYPTO_GENERAL,controlled_apktool_template,1.0,accepted,crypto_general,hardcoded_aes_key,Intentional hardcoded crypto material markers.,"[""hardcoded AES key"", ""SecretKeySpec""]",AndroidManifest.xml; smali/com/mobilesec/controlled/MainActivity.smali,1,built
controlled-00430,crypto_general_0029,com.mobilesec.controlled.crypto_general0029,/tmp/controlled_apktool_dataset_v2/projects/crypto_general_0029,/tmp/controlled_apktool_dataset_v2/apks/crypto_general_0029.apk,f4a1a4515654cbfbdd7367af5dd883bdc78f571a1e6954643dc11a9e371ce25e,FIX_CRYPTO_GENERAL,controlled_apktool_template,1.0,accepted,crypto_general,static_encryption_key,Intentional hardcoded crypto material markers.,"[""static encryption key""]",AndroidManifest.xml; smali/com/mobilesec/controlled/MainActivity.smali,1,built
controlled-00431,crypto_general_0030,com.mobilesec.controlled.crypto_general0030,/tmp/controlled_apktool_dataset_v2/projects/crypto_general_0030,/tmp/controlled_apktool_dataset_v2/apks/crypto_general_0030.apk,ec51021ce9c672d2152cf36b727f40f25ed1f126a05cb9bd25a2e8a2ecfa7389,FIX_CRYPTO_GENERAL,controlled_apktool_template,1.0,accepted,crypto_general,hardcoded_hmac_key,Intentional hardcoded crypto material markers.,"[""hardcoded HMAC key""]",AndroidManifest.xml; smali/com/mobilesec/controlled/MainActivity.smali,1,built
controlled-00432,crypto_general_0031,com.mobilesec.controlled.crypto_general0031,/tmp/controlled_apktool_dataset_v2/projects/crypto_general_0031,/tmp/controlled_apktool_dataset_v2/apks/crypto_general_0031.apk,33f4fe0a42acbc4794a5129b5015cb42bb1552be65e248c869dc62290aa6f1dd,FIX_CRYPTO_GENERAL,controlled_apktool_template,1.0,accepted,crypto_general,key_in_shared_prefs,Intentional hardcoded crypto material markers.,"[""crypto key stored in SharedPreferences""]",AndroidManifest.xml; smali/com/mobilesec/controlled/MainActivity.smali,1,built
controlled-00433,crypto_general_0032,com.mobilesec.controlled.crypto_general0032,/tmp/controlled_apktool_dataset_v2/projects/crypto_general_0032,/tmp/controlled_apktool_dataset_v2/apks/crypto_general_0032.apk,181a0abffd7b3423cec5412d84833e11559d7d238a87e49a65fad69cf556a95a,FIX_CRYPTO_GENERAL,controlled_apktool_template,1.0,accepted,crypto_general,hardcoded_aes_key,Intentional hardcoded crypto material markers.,"[""hardcoded AES key"", ""SecretKeySpec""]",AndroidManifest.xml; smali/com/mobilesec/controlled/MainActivity.smali,1,built
controlled-00434,crypto_general_0033,com.mobilesec.controlled.crypto_general0033,/tmp/controlled_apktool_dataset_v2/projects/crypto_general_0033,/tmp/controlled_apktool_dataset_v2/apks/crypto_general_0033.apk,a66d78104791851497dd3b7137cfafcf974e6017a1af7755f1f5d73e14033f9b,FIX_CRYPTO_GENERAL,controlled_apktool_template,1.0,accepted,crypto_general,static_encryption_key,Intentional hardcoded crypto material markers.,"[""static encryption key""]",AndroidManifest.xml; smali/com/mobilesec/controlled/MainActivity.smali,1,built
controlled-00435,crypto_general_0034,com.mobilesec.controlled.crypto_general0034,/tmp/controlled_apktool_dataset_v2/projects/crypto_general_0034,/tmp/controlled_apktool_dataset_v2/apks/crypto_general_0034.apk,bcc4fd4840c37bf450c88b35ab7a5aa1b4b9e68a49bf7aecc01da4eb36bffc06,FIX_CRYPTO_GENERAL,controlled_apktool_template,1.0,accepted,crypto_general,hardcoded_hmac_key,Intentional hardcoded crypto material markers.,"[""hardcoded HMAC key""]",AndroidManifest.xml; smali/com/mobilesec/controlled/MainActivity.smali,1,built
controlled-00436,crypto_general_0035,com.mobilesec.controlled.crypto_general0035,/tmp/controlled_apktool_dataset_v2/projects/crypto_general_0035,/tmp/controlled_apktool_dataset_v2/apks/crypto_general_0035.apk,85805c8ce00c483d202a5a885c09a8341877cd98805d0f7bb9b91a45650be50f,FIX_CRYPTO_GENERAL,controlled_apktool_template,1.0,accepted,crypto_general,key_in_shared_prefs,Intentional hardcoded crypto material markers.,"[""crypto key stored in SharedPreferences""]",AndroidManifest.xml; smali/com/mobilesec/controlled/MainActivity.smali,1,built
controlled-00437,crypto_general_0036,com.mobilesec.controlled.crypto_general0036,/tmp/controlled_apktool_dataset_v2/projects/crypto_general_0036,/tmp/controlled_apktool_dataset_v2/apks/crypto_general_0036.apk,8648d94a3c75d27fba85f4bdff1a6d90aa5423b3f4e94862e2744a875cb6169a,FIX_CRYPTO_GENERAL,controlled_apktool_template,1.0,accepted,crypto_general,hardcoded_aes_key,Intentional hardcoded crypto material markers.,"[""hardcoded AES key"", ""SecretKeySpec""]",AndroidManifest.xml; smali/com/mobilesec/controlled/MainActivity.smali,1,built
controlled-00438,crypto_general_0037,com.mobilesec.controlled.crypto_general0037,/tmp/controlled_apktool_dataset_v2/projects/crypto_general_0037,/tmp/controlled_apktool_dataset_v2/apks/crypto_general_0037.apk,617346f158c0a3438f5f0ee94c83de7d93bdd3fc3a13698d3ed45b633d6b3578,FIX_CRYPTO_GENERAL,controlled_apktool_template,1.0,accepted,crypto_general,static_encryption_key,Intentional hardcoded crypto material markers.,"[""static encryption key""]",AndroidManifest.xml; smali/com/mobilesec/controlled/MainActivity.smali,1,built
controlled-00439,crypto_general_0038,com.mobilesec.controlled.crypto_general0038,/tmp/controlled_apktool_dataset_v2/projects/crypto_general_0038,/tmp/controlled_apktool_dataset_v2/apks/crypto_general_0038.apk,df79c8b233494937f83c1c92f40657e33e4c415903bb9bbb6c9509b998b95e79,FIX_CRYPTO_GENERAL,controlled_apktool_template,1.0,accepted,crypto_general,hardcoded_hmac_key,Intentional hardcoded crypto material markers.,"[""hardcoded HMAC key""]",AndroidManifest.xml; smali/com/mobilesec/controlled/MainActivity.smali,1,built
controlled-00440,crypto_general_0039,com.mobilesec.controlled.crypto_general0039,/tmp/controlled_apktool_dataset_v2/projects/crypto_general_0039,/tmp/controlled_apktool_dataset_v2/apks/crypto_general_0039.apk,4dce108c362ed9dd994b26d05f652c15712fb12fcb5cdcd350408eb1b2e8f87d,FIX_CRYPTO_GENERAL,controlled_apktool_template,1.0,accepted,crypto_general,key_in_shared_prefs,Intentional hardcoded crypto material markers.,"[""crypto key stored in SharedPreferences""]",AndroidManifest.xml; smali/com/mobilesec/controlled/MainActivity.smali,1,built
controlled-00441,secure_control_0000,com.mobilesec.controlled.secure_control0000,/tmp/controlled_apktool_dataset_v2/projects/secure_control_0000,/tmp/controlled_apktool_dataset_v2/apks/secure_control_0000.apk,be1e4d024ad8ae52915a7abe27b9c33b4b187ec13b40354c03f4cdd47c0bb891,NO_CRITICAL_ISSUES,controlled_apktool_template,1.0,accepted,secure_control,secure_hash_random,Secure control marker only.,"[""SHA-256"", ""SecureRandom""]",AndroidManifest.xml; smali/com/mobilesec/controlled/MainActivity.smali,0,built
controlled-00442,secure_control_0001,com.mobilesec.controlled.secure_control0001,/tmp/controlled_apktool_dataset_v2/projects/secure_control_0001,/tmp/controlled_apktool_dataset_v2/apks/secure_control_0001.apk,70a9af806551bb273783a9c1b57a4d7d051858177fe8424ab57e397d3fa42ef3,NO_CRITICAL_ISSUES,controlled_apktool_template,1.0,accepted,secure_control,secure_tls_marker,Secure control marker only.,"[""default TLS validation""]",AndroidManifest.xml; smali/com/mobilesec/controlled/MainActivity.smali,0,built
controlled-00443,secure_control_0002,com.mobilesec.controlled.secure_control0002,/tmp/controlled_apktool_dataset_v2/projects/secure_control_0002,/tmp/controlled_apktool_dataset_v2/apks/secure_control_0002.apk,679b4a52f2ba5aa8f9efedd7b1109448e7533658622556de51a2164847785096,NO_CRITICAL_ISSUES,controlled_apktool_template,1.0,accepted,secure_control,secure_cipher_marker,Secure control marker only.,"[""AES/GCM/NoPadding"", ""random IV""]",AndroidManifest.xml; smali/com/mobilesec/controlled/MainActivity.smali,0,built
controlled-00444,secure_control_0003,com.mobilesec.controlled.secure_control0003,/tmp/controlled_apktool_dataset_v2/projects/secure_control_0003,/tmp/controlled_apktool_dataset_v2/apks/secure_control_0003.apk,6b692bc5dbd25bbb1e02c2ff5ad8eec998c5b53fc14766d7fee3b51bf1550dd1,NO_CRITICAL_ISSUES,controlled_apktool_template,1.0,accepted,secure_control,secure_secret_handling,Secure control marker only.,"[""AndroidKeyStore""]",AndroidManifest.xml; smali/com/mobilesec/controlled/MainActivity.smali,0,built
controlled-00445,secure_control_0004,com.mobilesec.controlled.secure_control0004,/tmp/controlled_apktool_dataset_v2/projects/secure_control_0004,/tmp/controlled_apktool_dataset_v2/apks/secure_control_0004.apk,ebd724d818db7aef71db4ca3de1d384fd9ebbd6d23cc3dd5d879ef2b16958982,NO_CRITICAL_ISSUES,controlled_apktool_template,1.0,accepted,secure_control,secure_hash_random,Secure control marker only.,"[""SHA-256"", ""SecureRandom""]",AndroidManifest.xml; smali/com/mobilesec/controlled/MainActivity.smali,0,built
controlled-00446,secure_control_0005,com.mobilesec.controlled.secure_control0005,/tmp/controlled_apktool_dataset_v2/projects/secure_control_0005,/tmp/controlled_apktool_dataset_v2/apks/secure_control_0005.apk,7ff3f007086506d83553126e01f7f29bda70d6e0e2d0e3306091bce2cdff132a,NO_CRITICAL_ISSUES,controlled_apktool_template,1.0,accepted,secure_control,secure_tls_marker,Secure control marker only.,"[""default TLS validation""]",AndroidManifest.xml; smali/com/mobilesec/controlled/MainActivity.smali,0,built
controlled-00447,secure_control_0006,com.mobilesec.controlled.secure_control0006,/tmp/controlled_apktool_dataset_v2/projects/secure_control_0006,/tmp/controlled_apktool_dataset_v2/apks/secure_control_0006.apk,7fd2f08ae1e8369b0132b2814a3f429d172fbecce1338c0f27996a85e9e261e2,NO_CRITICAL_ISSUES,controlled_apktool_template,1.0,accepted,secure_control,secure_cipher_marker,Secure control marker only.,"[""AES/GCM/NoPadding"", ""random IV""]",AndroidManifest.xml; smali/com/mobilesec/controlled/MainActivity.smali,0,built
controlled-00448,secure_control_0007,com.mobilesec.controlled.secure_control0007,/tmp/controlled_apktool_dataset_v2/projects/secure_control_0007,/tmp/controlled_apktool_dataset_v2/apks/secure_control_0007.apk,04c17be394f32e9cc52b8bf143cf420b07a9d87ddf918ace5b77f18a2dae61f8,NO_CRITICAL_ISSUES,controlled_apktool_template,1.0,accepted,secure_control,secure_secret_handling,Secure control marker only.,"[""AndroidKeyStore""]",AndroidManifest.xml; smali/com/mobilesec/controlled/MainActivity.smali,0,built
controlled-00449,secure_control_0008,com.mobilesec.controlled.secure_control0008,/tmp/controlled_apktool_dataset_v2/projects/secure_control_0008,/tmp/controlled_apktool_dataset_v2/apks/secure_control_0008.apk,7117a764bc9edb9bfd5df7a2746029320cd64f58214512c6a36433f33cdcfb70,NO_CRITICAL_ISSUES,controlled_apktool_template,1.0,accepted,secure_control,secure_hash_random,Secure control marker only.,"[""SHA-256"", ""SecureRandom""]",AndroidManifest.xml; smali/com/mobilesec/controlled/MainActivity.smali,0,built
controlled-00450,secure_control_0009,com.mobilesec.controlled.secure_control0009,/tmp/controlled_apktool_dataset_v2/projects/secure_control_0009,/tmp/controlled_apktool_dataset_v2/apks/secure_control_0009.apk,8722518f50a97e1e59e902e82493e9f0fb83dc0e9c74d7c9a2f7ac916e794195,NO_CRITICAL_ISSUES,controlled_apktool_template,1.0,accepted,secure_control,secure_tls_marker,Secure control marker only.,"[""default TLS validation""]",AndroidManifest.xml; smali/com/mobilesec/controlled/MainActivity.smali,0,built
controlled-00451,secure_control_0010,com.mobilesec.controlled.secure_control0010,/tmp/controlled_apktool_dataset_v2/projects/secure_control_0010,/tmp/controlled_apktool_dataset_v2/apks/secure_control_0010.apk,49a9d3cccd3c52e6873a9e818e3d8ac378e948ec9f976ae40d42febe1418bee8,NO_CRITICAL_ISSUES,controlled_apktool_template,1.0,accepted,secure_control,secure_cipher_marker,Secure control marker only.,"[""AES/GCM/NoPadding"", ""random IV""]",AndroidManifest.xml; smali/com/mobilesec/controlled/MainActivity.smali,0,built
controlled-00452,secure_control_0011,com.mobilesec.controlled.secure_control0011,/tmp/controlled_apktool_dataset_v2/projects/secure_control_0011,/tmp/controlled_apktool_dataset_v2/apks/secure_control_0011.apk,2fdd5f6dec09c04d5f2cd0fb75c631e10406a18e46ecd9fe7f6bbc56a1362d3a,NO_CRITICAL_ISSUES,controlled_apktool_template,1.0,accepted,secure_control,secure_secret_handling,Secure control marker only.,"[""AndroidKeyStore""]",AndroidManifest.xml; smali/com/mobilesec/controlled/MainActivity.smali,0,built
controlled-00453,secure_control_0012,com.mobilesec.controlled.secure_control0012,/tmp/controlled_apktool_dataset_v2/projects/secure_control_0012,/tmp/controlled_apktool_dataset_v2/apks/secure_control_0012.apk,aba682e16ae9ba5e62bc98d6831224bbe56b2b046547c53ca624c9565138f8d3,NO_CRITICAL_ISSUES,controlled_apktool_template,1.0,accepted,secure_control,secure_hash_random,Secure control marker only.,"[""SHA-256"", ""SecureRandom""]",AndroidManifest.xml; smali/com/mobilesec/controlled/MainActivity.smali,0,built
controlled-00454,secure_control_0013,com.mobilesec.controlled.secure_control0013,/tmp/controlled_apktool_dataset_v2/projects/secure_control_0013,/tmp/controlled_apktool_dataset_v2/apks/secure_control_0013.apk,9ace7eb7194195672bb7cc2947c04b709784a9e435adfd0bb6898ebc45c70f67,NO_CRITICAL_ISSUES,controlled_apktool_template,1.0,accepted,secure_control,secure_tls_marker,Secure control marker only.,"[""default TLS validation""]",AndroidManifest.xml; smali/com/mobilesec/controlled/MainActivity.smali,0,built
controlled-00455,secure_control_0014,com.mobilesec.controlled.secure_control0014,/tmp/controlled_apktool_dataset_v2/projects/secure_control_0014,/tmp/controlled_apktool_dataset_v2/apks/secure_control_0014.apk,6043c9442a2db56cfe8b89829ceddf84108ea3fb053af36cc3c10c1017830970,NO_CRITICAL_ISSUES,controlled_apktool_template,1.0,accepted,secure_control,secure_cipher_marker,Secure control marker only.,"[""AES/GCM/NoPadding"", ""random IV""]",AndroidManifest.xml; smali/com/mobilesec/controlled/MainActivity.smali,0,built
controlled-00456,secure_control_0015,com.mobilesec.controlled.secure_control0015,/tmp/controlled_apktool_dataset_v2/projects/secure_control_0015,/tmp/controlled_apktool_dataset_v2/apks/secure_control_0015.apk,77036296180ad6d3ec24c8bb332406dfb5f41d3f96e1c808d5fc9d0c52f57715,NO_CRITICAL_ISSUES,controlled_apktool_template,1.0,accepted,secure_control,secure_secret_handling,Secure control marker only.,"[""AndroidKeyStore""]",AndroidManifest.xml; smali/com/mobilesec/controlled/MainActivity.smali,0,built
controlled-00457,secure_control_0016,com.mobilesec.controlled.secure_control0016,/tmp/controlled_apktool_dataset_v2/projects/secure_control_0016,/tmp/controlled_apktool_dataset_v2/apks/secure_control_0016.apk,6060b2068c2d538f06201e41e4eca997a732281ee0792c179cc9f5121354f753,NO_CRITICAL_ISSUES,controlled_apktool_template,1.0,accepted,secure_control,secure_hash_random,Secure control marker only.,"[""SHA-256"", ""SecureRandom""]",AndroidManifest.xml; smali/com/mobilesec/controlled/MainActivity.smali,0,built
controlled-00458,secure_control_0017,com.mobilesec.controlled.secure_control0017,/tmp/controlled_apktool_dataset_v2/projects/secure_control_0017,/tmp/controlled_apktool_dataset_v2/apks/secure_control_0017.apk,93d51a3490722b9017136b55b6a562c711d12b3a7cccf39fb79a58d01c96a977,NO_CRITICAL_ISSUES,controlled_apktool_template,1.0,accepted,secure_control,secure_tls_marker,Secure control marker only.,"[""default TLS validation""]",AndroidManifest.xml; smali/com/mobilesec/controlled/MainActivity.smali,0,built
controlled-00459,secure_control_0018,com.mobilesec.controlled.secure_control0018,/tmp/controlled_apktool_dataset_v2/projects/secure_control_0018,/tmp/controlled_apktool_dataset_v2/apks/secure_control_0018.apk,7e78ea6c3d09b1d282226ae12d4d90ae9b6cb5782fef65e407b196d562352572,NO_CRITICAL_ISSUES,controlled_apktool_template,1.0,accepted,secure_control,secure_cipher_marker,Secure control marker only.,"[""AES/GCM/NoPadding"", ""random IV""]",AndroidManifest.xml; smali/com/mobilesec/controlled/MainActivity.smali,0,built
controlled-00460,secure_control_0019,com.mobilesec.controlled.secure_control0019,/tmp/controlled_apktool_dataset_v2/projects/secure_control_0019,/tmp/controlled_apktool_dataset_v2/apks/secure_control_0019.apk,7435515904a339f937f9fb27cf26dcb599584dee7931e2f0bb2d097e93d40605,NO_CRITICAL_ISSUES,controlled_apktool_template,1.0,accepted,secure_control,secure_secret_handling,Secure control marker only.,"[""AndroidKeyStore""]",AndroidManifest.xml; smali/com/mobilesec/controlled/MainActivity.smali,0,built
controlled-00461,secure_control_0020,com.mobilesec.controlled.secure_control0020,/tmp/controlled_apktool_dataset_v2/projects/secure_control_0020,/tmp/controlled_apktool_dataset_v2/apks/secure_control_0020.apk,13e887bfab125c362d51c9e90af450b7ec350ca21a54076b02fcfc430956afb6,NO_CRITICAL_ISSUES,controlled_apktool_template,1.0,accepted,secure_control,secure_hash_random,Secure control marker only.,"[""SHA-256"", ""SecureRandom""]",AndroidManifest.xml; smali/com/mobilesec/controlled/MainActivity.smali,0,built
controlled-00462,secure_control_0021,com.mobilesec.controlled.secure_control0021,/tmp/controlled_apktool_dataset_v2/projects/secure_control_0021,/tmp/controlled_apktool_dataset_v2/apks/secure_control_0021.apk,31c395d0401ae2dca115610572e04d22eb799f3ab8887b7b4f6b1d9cfad17611,NO_CRITICAL_ISSUES,controlled_apktool_template,1.0,accepted,secure_control,secure_tls_marker,Secure control marker only.,"[""default TLS validation""]",AndroidManifest.xml; smali/com/mobilesec/controlled/MainActivity.smali,0,built
controlled-00463,secure_control_0022,com.mobilesec.controlled.secure_control0022,/tmp/controlled_apktool_dataset_v2/projects/secure_control_0022,/tmp/controlled_apktool_dataset_v2/apks/secure_control_0022.apk,a419e074cbf1a876d02f9ea3d6f8fac86c98bf192b96d679a5a834cdd5ebd0dc,NO_CRITICAL_ISSUES,controlled_apktool_template,1.0,accepted,secure_control,secure_cipher_marker,Secure control marker only.,"[""AES/GCM/NoPadding"", ""random IV""]",AndroidManifest.xml; smali/com/mobilesec/controlled/MainActivity.smali,0,built
controlled-00464,secure_control_0023,com.mobilesec.controlled.secure_control0023,/tmp/controlled_apktool_dataset_v2/projects/secure_control_0023,/tmp/controlled_apktool_dataset_v2/apks/secure_control_0023.apk,518be4b4bc23fef3548c5a4baaa43aeeaad5eaf545068de93e6035418012a479,NO_CRITICAL_ISSUES,controlled_apktool_template,1.0,accepted,secure_control,secure_secret_handling,Secure control marker only.,"[""AndroidKeyStore""]",AndroidManifest.xml; smali/com/mobilesec/controlled/MainActivity.smali,0,built
controlled-00465,secure_control_0024,com.mobilesec.controlled.secure_control0024,/tmp/controlled_apktool_dataset_v2/projects/secure_control_0024,/tmp/controlled_apktool_dataset_v2/apks/secure_control_0024.apk,45bb2101c9b676eb7de44089363e7d3d3583f5b9c99d0200d32b12128e7a3969,NO_CRITICAL_ISSUES,controlled_apktool_template,1.0,accepted,secure_control,secure_hash_random,Secure control marker only.,"[""SHA-256"", ""SecureRandom""]",AndroidManifest.xml; smali/com/mobilesec/controlled/MainActivity.smali,0,built
controlled-00466,secure_control_0025,com.mobilesec.controlled.secure_control0025,/tmp/controlled_apktool_dataset_v2/projects/secure_control_0025,/tmp/controlled_apktool_dataset_v2/apks/secure_control_0025.apk,0f28ebf787a49d2f053502b877bd1c4e0cb55073228025cd3d00bd580fee5361,NO_CRITICAL_ISSUES,controlled_apktool_template,1.0,accepted,secure_control,secure_tls_marker,Secure control marker only.,"[""default TLS validation""]",AndroidManifest.xml; smali/com/mobilesec/controlled/MainActivity.smali,0,built
controlled-00467,secure_control_0026,com.mobilesec.controlled.secure_control0026,/tmp/controlled_apktool_dataset_v2/projects/secure_control_0026,/tmp/controlled_apktool_dataset_v2/apks/secure_control_0026.apk,d3054bb1ff880f7fd7c5b78c00d185847bfe09d3d736fdff013bf3278987515f,NO_CRITICAL_ISSUES,controlled_apktool_template,1.0,accepted,secure_control,secure_cipher_marker,Secure control marker only.,"[""AES/GCM/NoPadding"", ""random IV""]",AndroidManifest.xml; smali/com/mobilesec/controlled/MainActivity.smali,0,built
controlled-00468,secure_control_0027,com.mobilesec.controlled.secure_control0027,/tmp/controlled_apktool_dataset_v2/projects/secure_control_0027,/tmp/controlled_apktool_dataset_v2/apks/secure_control_0027.apk,606f153beeee7106e52fa43eefe162b9ea41908480a6dcedb077944c7981b5ba,NO_CRITICAL_ISSUES,controlled_apktool_template,1.0,accepted,secure_control,secure_secret_handling,Secure control marker only.,"[""AndroidKeyStore""]",AndroidManifest.xml; smali/com/mobilesec/controlled/MainActivity.smali,0,built
controlled-00469,secure_control_0028,com.mobilesec.controlled.secure_control0028,/tmp/controlled_apktool_dataset_v2/projects/secure_control_0028,/tmp/controlled_apktool_dataset_v2/apks/secure_control_0028.apk,9a62524ecffcf6e15327e7bc70c6231a941504d4723869d6ce29790e1418368d,NO_CRITICAL_ISSUES,controlled_apktool_template,1.0,accepted,secure_control,secure_hash_random,Secure control marker only.,"[""SHA-256"", ""SecureRandom""]",AndroidManifest.xml; smali/com/mobilesec/controlled/MainActivity.smali,0,built
controlled-00470,secure_control_0029,com.mobilesec.controlled.secure_control0029,/tmp/controlled_apktool_dataset_v2/projects/secure_control_0029,/tmp/controlled_apktool_dataset_v2/apks/secure_control_0029.apk,ebcc6ff82fb06c48cba6dea8e4d52a221f04a247c354e3fd8754015fbb57602e,NO_CRITICAL_ISSUES,controlled_apktool_template,1.0,accepted,secure_control,secure_tls_marker,Secure control marker only.,"[""default TLS validation""]",AndroidManifest.xml; smali/com/mobilesec/controlled/MainActivity.smali,0,built
controlled-00471,secure_control_0030,com.mobilesec.controlled.secure_control0030,/tmp/controlled_apktool_dataset_v2/projects/secure_control_0030,/tmp/controlled_apktool_dataset_v2/apks/secure_control_0030.apk,fc15edde8af57559eccf009645d177d37b463c77e9bc00ee993ce6ae13515fae,NO_CRITICAL_ISSUES,controlled_apktool_template,1.0,accepted,secure_control,secure_cipher_marker,Secure control marker only.,"[""AES/GCM/NoPadding"", ""random IV""]",AndroidManifest.xml; smali/com/mobilesec/controlled/MainActivity.smali,0,built
controlled-00472,secure_control_0031,com.mobilesec.controlled.secure_control0031,/tmp/controlled_apktool_dataset_v2/projects/secure_control_0031,/tmp/controlled_apktool_dataset_v2/apks/secure_control_0031.apk,0089dee28be3582336216e9f6aff01762dd19e5a1d8b9982c7bbb9255974f703,NO_CRITICAL_ISSUES,controlled_apktool_template,1.0,accepted,secure_control,secure_secret_handling,Secure control marker only.,"[""AndroidKeyStore""]",AndroidManifest.xml; smali/com/mobilesec/controlled/MainActivity.smali,0,built
controlled-00473,secure_control_0032,com.mobilesec.controlled.secure_control0032,/tmp/controlled_apktool_dataset_v2/projects/secure_control_0032,/tmp/controlled_apktool_dataset_v2/apks/secure_control_0032.apk,0e9c3f4cde83a1ce1992c576a09534dcc57da62ad539aafa8b8c04746f9e893b,NO_CRITICAL_ISSUES,controlled_apktool_template,1.0,accepted,secure_control,secure_hash_random,Secure control marker only.,"[""SHA-256"", ""SecureRandom""]",AndroidManifest.xml; smali/com/mobilesec/controlled/MainActivity.smali,0,built
controlled-00474,secure_control_0033,com.mobilesec.controlled.secure_control0033,/tmp/controlled_apktool_dataset_v2/projects/secure_control_0033,/tmp/controlled_apktool_dataset_v2/apks/secure_control_0033.apk,ffd25366110b03908245e201a1bb7432d604cb37632d3447c77ff7dad5434bb9,NO_CRITICAL_ISSUES,controlled_apktool_template,1.0,accepted,secure_control,secure_tls_marker,Secure control marker only.,"[""default TLS validation""]",AndroidManifest.xml; smali/com/mobilesec/controlled/MainActivity.smali,0,built
controlled-00475,secure_control_0034,com.mobilesec.controlled.secure_control0034,/tmp/controlled_apktool_dataset_v2/projects/secure_control_0034,/tmp/controlled_apktool_dataset_v2/apks/secure_control_0034.apk,dfbc91849e6f2cfc2faec97e7f21030cfce0f25f4204018872c5c208cda69d08,NO_CRITICAL_ISSUES,controlled_apktool_template,1.0,accepted,secure_control,secure_cipher_marker,Secure control marker only.,"[""AES/GCM/NoPadding"", ""random IV""]",AndroidManifest.xml; smali/com/mobilesec/controlled/MainActivity.smali,0,built
controlled-00476,secure_control_0035,com.mobilesec.controlled.secure_control0035,/tmp/controlled_apktool_dataset_v2/projects/secure_control_0035,/tmp/controlled_apktool_dataset_v2/apks/secure_control_0035.apk,ca786cffc9a4f5b81d1971a0dc813ffaf56206c89973299261ba5e247937ec7a,NO_CRITICAL_ISSUES,controlled_apktool_template,1.0,accepted,secure_control,secure_secret_handling,Secure control marker only.,"[""AndroidKeyStore""]",AndroidManifest.xml; smali/com/mobilesec/controlled/MainActivity.smali,0,built
controlled-00477,secure_control_0036,com.mobilesec.controlled.secure_control0036,/tmp/controlled_apktool_dataset_v2/projects/secure_control_0036,/tmp/controlled_apktool_dataset_v2/apks/secure_control_0036.apk,89eaeef67ab317a466cdfbce773818c0c735df85cc7fea01e60ab827ef13883c,NO_CRITICAL_ISSUES,controlled_apktool_template,1.0,accepted,secure_control,secure_hash_random,Secure control marker only.,"[""SHA-256"", ""SecureRandom""]",AndroidManifest.xml; smali/com/mobilesec/controlled/MainActivity.smali,0,built
controlled-00478,secure_control_0037,com.mobilesec.controlled.secure_control0037,/tmp/controlled_apktool_dataset_v2/projects/secure_control_0037,/tmp/controlled_apktool_dataset_v2/apks/secure_control_0037.apk,fc7b66bb7a5083460ed32645daec124f0f5f241eeadf2a9496bac87d8bc6df95,NO_CRITICAL_ISSUES,controlled_apktool_template,1.0,accepted,secure_control,secure_tls_marker,Secure control marker only.,"[""default TLS validation""]",AndroidManifest.xml; smali/com/mobilesec/controlled/MainActivity.smali,0,built
controlled-00479,secure_control_0038,com.mobilesec.controlled.secure_control0038,/tmp/controlled_apktool_dataset_v2/projects/secure_control_0038,/tmp/controlled_apktool_dataset_v2/apks/secure_control_0038.apk,ef16c2f11c1e885686b40a3c677770beeede25f4d6fabcb01411446ed09879de,NO_CRITICAL_ISSUES,controlled_apktool_template,1.0,accepted,secure_control,secure_cipher_marker,Secure control marker only.,"[""AES/GCM/NoPadding"", ""random IV""]",AndroidManifest.xml; smali/com/mobilesec/controlled/MainActivity.smali,0,built
controlled-00480,secure_control_0039,com.mobilesec.controlled.secure_control0039,/tmp/controlled_apktool_dataset_v2/projects/secure_control_0039,/tmp/controlled_apktool_dataset_v2/apks/secure_control_0039.apk,23ea794e2b9adef4db9feb2fadc9b3546d6747b760be46fa435aae5a6b954bb6,NO_CRITICAL_ISSUES,controlled_apktool_template,1.0,accepted,secure_control,secure_secret_handling,Secure control marker only.,"[""AndroidKeyStore""]",AndroidManifest.xml; smali/com/mobilesec/controlled/MainActivity.smali,0,built
