dataset,apk,file_path,sha256,status,runtime_seconds,hardcoded_secrets_detected,network_issues_detected,cryptographic_issues_detected,report_path,error
DroidBench,Merge1.apk,C:\Users\HP\Desktop\phd\DroidBench apks\apk\Aliasing\Merge1.apk,5cf36c0f820d18431dcb09d1d2fbaafdd5e0a18f31738789b6d3a2e613e57bd5,completed,7.187,0,2,22,C:\Users\HP\Desktop\phd\mobilesec\backend\ml-model\experiments\apkdeeplens_tool_reports\5cf36c0f820d18431dcb09d1d2fbaafdd5e0a18f31738789b6d3a2e613e57bd5\reports\report_Merge1.json,
DroidBench,ApplicationModeling1.apk,C:\Users\HP\Desktop\phd\DroidBench apks\apk\AndroidSpecific\ApplicationModeling1.apk,70d5f6502516c030d5e5beef38d5c5c35269e147a4b1ac737ca48c0927aae5f8,completed,3.274,0,2,4,C:\Users\HP\Desktop\phd\mobilesec\backend\ml-model\experiments\apkdeeplens_tool_reports\70d5f6502516c030d5e5beef38d5c5c35269e147a4b1ac737ca48c0927aae5f8\reports\report_ApplicationModeling1.json,
DroidBench,DirectLeak1.apk,C:\Users\HP\Desktop\phd\DroidBench apks\apk\AndroidSpecific\DirectLeak1.apk,287121c0d6ed2a1ada9aa9feebdcece992aa9fc75fd423b72e6c89530aba5a30,completed,4.766,0,2,4,C:\Users\HP\Desktop\phd\mobilesec\backend\ml-model\experiments\apkdeeplens_tool_reports\287121c0d6ed2a1ada9aa9feebdcece992aa9fc75fd423b72e6c89530aba5a30\reports\report_DirectLeak1.json,
DroidBench,InactiveActivity.apk,C:\Users\HP\Desktop\phd\DroidBench apks\apk\AndroidSpecific\InactiveActivity.apk,89e0feefaa2af0c0c9941c6d746ced2096ffd3aa22f3483e6f3bd38f6e8bc714,completed,4.774,0,2,4,C:\Users\HP\Desktop\phd\mobilesec\backend\ml-model\experiments\apkdeeplens_tool_reports\89e0feefaa2af0c0c9941c6d746ced2096ffd3aa22f3483e6f3bd38f6e8bc714\reports\report_InactiveActivity.json,
DroidBench,Library2.apk,C:\Users\HP\Desktop\phd\DroidBench apks\apk\AndroidSpecific\Library2.apk,90ad99dc746174f85f70ebd21328e991c815eacf4d6e9f4271ceec85387ee324,completed,4.781,0,2,5,C:\Users\HP\Desktop\phd\mobilesec\backend\ml-model\experiments\apkdeeplens_tool_reports\90ad99dc746174f85f70ebd21328e991c815eacf4d6e9f4271ceec85387ee324\reports\report_Library2.json,
DroidBench,LogNoLeak.apk,C:\Users\HP\Desktop\phd\DroidBench apks\apk\AndroidSpecific\LogNoLeak.apk,2a5050e4b18d8a41e69f2d7798a172ea24deb57718620f0401ec247b6537bacb,completed,4.883,0,2,4,C:\Users\HP\Desktop\phd\mobilesec\backend\ml-model\experiments\apkdeeplens_tool_reports\2a5050e4b18d8a41e69f2d7798a172ea24deb57718620f0401ec247b6537bacb\reports\report_LogNoLeak.json,
DroidBench,Obfuscation1.apk,C:\Users\HP\Desktop\phd\DroidBench apks\apk\AndroidSpecific\Obfuscation1.apk,8a2c49181f87374ab9ce1d8b0df68f9388528f507fa84ea84abf5bf43f8bc6aa,completed,4.990,0,2,5,C:\Users\HP\Desktop\phd\mobilesec\backend\ml-model\experiments\apkdeeplens_tool_reports\8a2c49181f87374ab9ce1d8b0df68f9388528f507fa84ea84abf5bf43f8bc6aa\reports\report_Obfuscation1.json,
DroidBench,Parcel1.apk,C:\Users\HP\Desktop\phd\DroidBench apks\apk\AndroidSpecific\Parcel1.apk,9cc76be77aa0ba2e072db8208ee7d061558cc2727be396a0da812a7bdfbefd65,completed,3.561,0,2,4,C:\Users\HP\Desktop\phd\mobilesec\backend\ml-model\experiments\apkdeeplens_tool_reports\9cc76be77aa0ba2e072db8208ee7d061558cc2727be396a0da812a7bdfbefd65\reports\report_Parcel1.json,
DroidBench,PrivateDataLeak1.apk,C:\Users\HP\Desktop\phd\DroidBench apks\apk\AndroidSpecific\PrivateDataLeak1.apk,3c595ae6d6ec1e78187db308324e6894dbdbb84221aa9c2c0ceebb094b0e32aa,completed,4.646,0,2,5,C:\Users\HP\Desktop\phd\mobilesec\backend\ml-model\experiments\apkdeeplens_tool_reports\3c595ae6d6ec1e78187db308324e6894dbdbb84221aa9c2c0ceebb094b0e32aa\reports\report_PrivateDataLeak1.json,
DroidBench,PrivateDataLeak2.apk,C:\Users\HP\Desktop\phd\DroidBench apks\apk\AndroidSpecific\PrivateDataLeak2.apk,29d345df0bdb04cb038b4f0585dbc59b0a6586c57ee01d7cee9536502525f07e,completed,5.347,0,2,5,C:\Users\HP\Desktop\phd\mobilesec\backend\ml-model\experiments\apkdeeplens_tool_reports\29d345df0bdb04cb038b4f0585dbc59b0a6586c57ee01d7cee9536502525f07e\reports\report_PrivateDataLeak2.json,
DroidBench,PrivateDataLeak3.apk,C:\Users\HP\Desktop\phd\DroidBench apks\apk\AndroidSpecific\PrivateDataLeak3.apk,da460f21321c85ccc8ee4f33596dfc78a1f5cc1ea80c4e385431c97396f0a673,completed,4.939,0,2,5,C:\Users\HP\Desktop\phd\mobilesec\backend\ml-model\experiments\apkdeeplens_tool_reports\da460f21321c85ccc8ee4f33596dfc78a1f5cc1ea80c4e385431c97396f0a673\reports\report_PrivateDataLeak3.json,
DroidBench,PublicAPIField1.apk,C:\Users\HP\Desktop\phd\DroidBench apks\apk\AndroidSpecific\PublicAPIField1.apk,073579dacc20cb067a308e827bf48ccf9f08e9100130df239b74f7cd3f50cb83,completed,3.511,0,2,4,C:\Users\HP\Desktop\phd\mobilesec\backend\ml-model\experiments\apkdeeplens_tool_reports\073579dacc20cb067a308e827bf48ccf9f08e9100130df239b74f7cd3f50cb83\reports\report_PublicAPIField1.json,
DroidBench,PublicAPIField2.apk,C:\Users\HP\Desktop\phd\DroidBench apks\apk\AndroidSpecific\PublicAPIField2.apk,27c24074ee54d184bfa0033d0824fa222e4e07b5d94c70a85f3c9ce971d35cc7,completed,3.584,0,2,4,C:\Users\HP\Desktop\phd\mobilesec\backend\ml-model\experiments\apkdeeplens_tool_reports\27c24074ee54d184bfa0033d0824fa222e4e07b5d94c70a85f3c9ce971d35cc7\reports\report_PublicAPIField2.json,
DroidBench,ArrayAccess1.apk,C:\Users\HP\Desktop\phd\DroidBench apks\apk\ArraysAndLists\ArrayAccess1.apk,000f6f4b8feb45b1ffe8f1654acce02c011b414ec500feb01bd86a79562a9d58,completed,4.799,0,2,4,C:\Users\HP\Desktop\phd\mobilesec\backend\ml-model\experiments\apkdeeplens_tool_reports\000f6f4b8feb45b1ffe8f1654acce02c011b414ec500feb01bd86a79562a9d58\reports\report_ArrayAccess1.json,
DroidBench,ArrayAccess2.apk,C:\Users\HP\Desktop\phd\DroidBench apks\apk\ArraysAndLists\ArrayAccess2.apk,3acad38a41874eb636b49cdf87d2e97af66cacc0c3b32f4f7eed9f0f5a58cc5f,completed,4.678,0,2,4,C:\Users\HP\Desktop\phd\mobilesec\backend\ml-model\experiments\apkdeeplens_tool_reports\3acad38a41874eb636b49cdf87d2e97af66cacc0c3b32f4f7eed9f0f5a58cc5f\reports\report_ArrayAccess2.json,
DroidBench,ArrayCopy1.apk,C:\Users\HP\Desktop\phd\DroidBench apks\apk\ArraysAndLists\ArrayCopy1.apk,b28269603a921afed68b4f14b3d49c55e1a41044c967f6cba1fb1d077f308bf0,completed,3.477,0,2,4,C:\Users\HP\Desktop\phd\mobilesec\backend\ml-model\experiments\apkdeeplens_tool_reports\b28269603a921afed68b4f14b3d49c55e1a41044c967f6cba1fb1d077f308bf0\reports\report_ArrayCopy1.json,
DroidBench,ArrayToString1.apk,C:\Users\HP\Desktop\phd\DroidBench apks\apk\ArraysAndLists\ArrayToString1.apk,6ac0b13e75de6236c23ce4f07d9f33dc10b5bbb127b5efaef863b57779b9fca4,completed,3.441,0,1,3,C:\Users\HP\Desktop\phd\mobilesec\backend\ml-model\experiments\apkdeeplens_tool_reports\6ac0b13e75de6236c23ce4f07d9f33dc10b5bbb127b5efaef863b57779b9fca4\reports\report_ArrayToString1.json,
DroidBench,HashMapAccess1.apk,C:\Users\HP\Desktop\phd\DroidBench apks\apk\ArraysAndLists\HashMapAccess1.apk,3475c28bb8909f3035f6e12c0d4d42a60caa6cf0f95df116e537ed80e6ded64e,completed,4.989,0,2,5,C:\Users\HP\Desktop\phd\mobilesec\backend\ml-model\experiments\apkdeeplens_tool_reports\3475c28bb8909f3035f6e12c0d4d42a60caa6cf0f95df116e537ed80e6ded64e\reports\report_HashMapAccess1.json,
DroidBench,ListAccess1.apk,C:\Users\HP\Desktop\phd\DroidBench apks\apk\ArraysAndLists\ListAccess1.apk,bc31af4cea497a895235ce731dd2c1a7f4e9791a840e490f087b370a87e2c80f,completed,4.797,0,2,4,C:\Users\HP\Desktop\phd\mobilesec\backend\ml-model\experiments\apkdeeplens_tool_reports\bc31af4cea497a895235ce731dd2c1a7f4e9791a840e490f087b370a87e2c80f\reports\report_ListAccess1.json,
DroidBench,MultidimensionalArray1.apk,C:\Users\HP\Desktop\phd\DroidBench apks\apk\ArraysAndLists\MultidimensionalArray1.apk,b8478e1c0221b954c28c5bc9ea314ed81c083c65ecc09f06ae9aedb3f7dff92c,completed,3.387,0,2,4,C:\Users\HP\Desktop\phd\mobilesec\backend\ml-model\experiments\apkdeeplens_tool_reports\b8478e1c0221b954c28c5bc9ea314ed81c083c65ecc09f06ae9aedb3f7dff92c\reports\report_MultidimensionalArray1.json,
DroidBench,AnonymousClass1.apk,C:\Users\HP\Desktop\phd\DroidBench apks\apk\Callbacks\AnonymousClass1.apk,15d0d0f8464c105f699e89a85d8be7f6eb36b8d77cd76434320b14115d94a47c,completed,4.713,0,2,4,C:\Users\HP\Desktop\phd\mobilesec\backend\ml-model\experiments\apkdeeplens_tool_reports\15d0d0f8464c105f699e89a85d8be7f6eb36b8d77cd76434320b14115d94a47c\reports\report_AnonymousClass1.json,
DroidBench,Button1.apk,C:\Users\HP\Desktop\phd\DroidBench apks\apk\Callbacks\Button1.apk,3165af7136e072fc9913d86bb6b028cd4c19f4124d192efc7f53f024470e30ce,completed,4.688,0,2,4,C:\Users\HP\Desktop\phd\mobilesec\backend\ml-model\experiments\apkdeeplens_tool_reports\3165af7136e072fc9913d86bb6b028cd4c19f4124d192efc7f53f024470e30ce\reports\report_Button1.json,
DroidBench,Button2.apk,C:\Users\HP\Desktop\phd\DroidBench apks\apk\Callbacks\Button2.apk,38561ca725f4206fbf133446294c7368b286df9710cc9b8f36e29c45fbbc07f2,completed,4.751,0,2,4,C:\Users\HP\Desktop\phd\mobilesec\backend\ml-model\experiments\apkdeeplens_tool_reports\38561ca725f4206fbf133446294c7368b286df9710cc9b8f36e29c45fbbc07f2\reports\report_Button2.json,
DroidBench,Button3.apk,C:\Users\HP\Desktop\phd\DroidBench apks\apk\Callbacks\Button3.apk,6cf4a720856dffb027a905509f6896be910bb9030a28c31b0ee42084e9f6ba9a,completed,5.083,0,2,5,C:\Users\HP\Desktop\phd\mobilesec\backend\ml-model\experiments\apkdeeplens_tool_reports\6cf4a720856dffb027a905509f6896be910bb9030a28c31b0ee42084e9f6ba9a\reports\report_Button3.json,
DroidBench,Button4.apk,C:\Users\HP\Desktop\phd\DroidBench apks\apk\Callbacks\Button4.apk,55618cbe77d5ebf9176f2736f17c0d729378a759165a30b114486873483e8ee2,completed,4.721,0,2,4,C:\Users\HP\Desktop\phd\mobilesec\backend\ml-model\experiments\apkdeeplens_tool_reports\55618cbe77d5ebf9176f2736f17c0d729378a759165a30b114486873483e8ee2\reports\report_Button4.json,
DroidBench,Button5.apk,C:\Users\HP\Desktop\phd\DroidBench apks\apk\Callbacks\Button5.apk,0c5b890f74a2c7c7c8c8eee966cd56355d808d37f6b40850c57624fac350e0e3,completed,4.713,0,2,4,C:\Users\HP\Desktop\phd\mobilesec\backend\ml-model\experiments\apkdeeplens_tool_reports\0c5b890f74a2c7c7c8c8eee966cd56355d808d37f6b40850c57624fac350e0e3\reports\report_Button5.json,
DroidBench,LocationLeak1.apk,C:\Users\HP\Desktop\phd\DroidBench apks\apk\Callbacks\LocationLeak1.apk,c54e996bce68a9a1e0105cffe20be2d7650fe9ff71f2abefe60ff79a3d987b49,completed,4.742,0,2,4,C:\Users\HP\Desktop\phd\mobilesec\backend\ml-model\experiments\apkdeeplens_tool_reports\c54e996bce68a9a1e0105cffe20be2d7650fe9ff71f2abefe60ff79a3d987b49\reports\report_LocationLeak1.json,
DroidBench,LocationLeak2.apk,C:\Users\HP\Desktop\phd\DroidBench apks\apk\Callbacks\LocationLeak2.apk,1541b300e05b3883a695d0c3a1b4db7ec1854c8c0714a748cd30624214f442d7,completed,4.744,0,2,4,C:\Users\HP\Desktop\phd\mobilesec\backend\ml-model\experiments\apkdeeplens_tool_reports\1541b300e05b3883a695d0c3a1b4db7ec1854c8c0714a748cd30624214f442d7\reports\report_LocationLeak2.json,
DroidBench,LocationLeak3.apk,C:\Users\HP\Desktop\phd\DroidBench apks\apk\Callbacks\LocationLeak3.apk,531fdd1fe8e1e97c2a308596615c7abd2c9c2a4816538218afcedafef2ea26b4,completed,4.879,0,2,5,C:\Users\HP\Desktop\phd\mobilesec\backend\ml-model\experiments\apkdeeplens_tool_reports\531fdd1fe8e1e97c2a308596615c7abd2c9c2a4816538218afcedafef2ea26b4\reports\report_LocationLeak3.json,
DroidBench,MethodOverride1.apk,C:\Users\HP\Desktop\phd\DroidBench apks\apk\Callbacks\MethodOverride1.apk,067affa25b5ec081d091a96a0fb642cc013973099c079f14a1a5caa625b3500a,completed,4.791,0,2,4,C:\Users\HP\Desktop\phd\mobilesec\backend\ml-model\experiments\apkdeeplens_tool_reports\067affa25b5ec081d091a96a0fb642cc013973099c079f14a1a5caa625b3500a\reports\report_MethodOverride1.json,
DroidBench,MultiHandlers1.apk,C:\Users\HP\Desktop\phd\DroidBench apks\apk\Callbacks\MultiHandlers1.apk,e151df7546c0bbc6f6b6c0076d9c0e00b7ea26970d7332eb8f2131ad44ee8a25,completed,4.807,0,1,4,C:\Users\HP\Desktop\phd\mobilesec\backend\ml-model\experiments\apkdeeplens_tool_reports\e151df7546c0bbc6f6b6c0076d9c0e00b7ea26970d7332eb8f2131ad44ee8a25\reports\report_MultiHandlers1.json,
DroidBench,Ordering1.apk,C:\Users\HP\Desktop\phd\DroidBench apks\apk\Callbacks\Ordering1.apk,ec57d1c3eabcae35eb0184bff45da4146aef3c79b630a7c6064a70c5a3ac1bfe,completed,4.929,0,2,5,C:\Users\HP\Desktop\phd\mobilesec\backend\ml-model\experiments\apkdeeplens_tool_reports\ec57d1c3eabcae35eb0184bff45da4146aef3c79b630a7c6064a70c5a3ac1bfe\reports\report_Ordering1.json,
DroidBench,RegisterGlobal1.apk,C:\Users\HP\Desktop\phd\DroidBench apks\apk\Callbacks\RegisterGlobal1.apk,e34204a4adee224425c17eefef8a560457dde3ec674d84ee449b1fc3a5bf17fe,completed,4.816,0,2,5,C:\Users\HP\Desktop\phd\mobilesec\backend\ml-model\experiments\apkdeeplens_tool_reports\e34204a4adee224425c17eefef8a560457dde3ec674d84ee449b1fc3a5bf17fe\reports\report_RegisterGlobal1.json,
DroidBench,RegisterGlobal2.apk,C:\Users\HP\Desktop\phd\DroidBench apks\apk\Callbacks\RegisterGlobal2.apk,fc4ff3ab13bf2685a77948382be3a6606de86690cef5ad0df011266cb21764e0,completed,4.938,0,2,5,C:\Users\HP\Desktop\phd\mobilesec\backend\ml-model\experiments\apkdeeplens_tool_reports\fc4ff3ab13bf2685a77948382be3a6606de86690cef5ad0df011266cb21764e0\reports\report_RegisterGlobal2.json,
DroidBench,Unregister1.apk,C:\Users\HP\Desktop\phd\DroidBench apks\apk\Callbacks\Unregister1.apk,bc10420305a1b4c76b502ff0dec78cb535245c1aa2dbb1a2c17c72c7aa9056be,completed,4.850,0,2,5,C:\Users\HP\Desktop\phd\mobilesec\backend\ml-model\experiments\apkdeeplens_tool_reports\bc10420305a1b4c76b502ff0dec78cb535245c1aa2dbb1a2c17c72c7aa9056be\reports\report_Unregister1.json,
DroidBench,ContentProvider1.apk,C:\Users\HP\Desktop\phd\DroidBench apks\apk\EmulatorDetection\ContentProvider1.apk,21a375e183586a72876d2941b31cfe0e75557bb5beab346511734c2e2de681a3,completed,7.663,0,2,21,C:\Users\HP\Desktop\phd\mobilesec\backend\ml-model\experiments\apkdeeplens_tool_reports\21a375e183586a72876d2941b31cfe0e75557bb5beab346511734c2e2de681a3\reports\report_ContentProvider1.json,
DroidBench,IMEI1.apk,C:\Users\HP\Desktop\phd\DroidBench apks\apk\EmulatorDetection\IMEI1.apk,08478bcc28cfe14c0d55913b88a5b0e792272094a2da9619b7b720041da76418,completed,7.376,0,2,21,C:\Users\HP\Desktop\phd\mobilesec\backend\ml-model\experiments\apkdeeplens_tool_reports\08478bcc28cfe14c0d55913b88a5b0e792272094a2da9619b7b720041da76418\reports\report_IMEI1.json,
DroidBench,PlayStore1.apk,C:\Users\HP\Desktop\phd\DroidBench apks\apk\EmulatorDetection\PlayStore1.apk,b4bb396e7dd2b323548d620f4b668f5abf479d9f7784b5e566bd3eb71f8f0957,completed,7.573,0,2,21,C:\Users\HP\Desktop\phd\mobilesec\backend\ml-model\experiments\apkdeeplens_tool_reports\b4bb396e7dd2b323548d620f4b668f5abf479d9f7784b5e566bd3eb71f8f0957\reports\report_PlayStore1.json,
DroidBench,FieldSensitivity1.apk,C:\Users\HP\Desktop\phd\DroidBench apks\apk\FieldAndObjectSensitivity\FieldSensitivity1.apk,31dffe4dd26d0e52160b14d5d1fddd84ccc657b3dd6b518c649257289b80606a,completed,4.798,0,2,4,C:\Users\HP\Desktop\phd\mobilesec\backend\ml-model\experiments\apkdeeplens_tool_reports\31dffe4dd26d0e52160b14d5d1fddd84ccc657b3dd6b518c649257289b80606a\reports\report_FieldSensitivity1.json,
DroidBench,FieldSensitivity2.apk,C:\Users\HP\Desktop\phd\DroidBench apks\apk\FieldAndObjectSensitivity\FieldSensitivity2.apk,a3259d4dd7ba5654eaae66e4765456e02cc6f80db923204c9a0ef045008ce654,completed,4.778,0,2,4,C:\Users\HP\Desktop\phd\mobilesec\backend\ml-model\experiments\apkdeeplens_tool_reports\a3259d4dd7ba5654eaae66e4765456e02cc6f80db923204c9a0ef045008ce654\reports\report_FieldSensitivity2.json,
DroidBench,FieldSensitivity3.apk,C:\Users\HP\Desktop\phd\DroidBench apks\apk\FieldAndObjectSensitivity\FieldSensitivity3.apk,94df28fb62b203dc3650946a42dd21ca1705802f99f4c65df394f6951307e941,completed,4.901,0,2,4,C:\Users\HP\Desktop\phd\mobilesec\backend\ml-model\experiments\apkdeeplens_tool_reports\94df28fb62b203dc3650946a42dd21ca1705802f99f4c65df394f6951307e941\reports\report_FieldSensitivity3.json,
DroidBench,FieldSensitivity4.apk,C:\Users\HP\Desktop\phd\DroidBench apks\apk\FieldAndObjectSensitivity\FieldSensitivity4.apk,95f57fe19eb8a0cc237dcbc7e3625570282cf466f223fb392a251a296d49c70f,completed,4.628,0,2,4,C:\Users\HP\Desktop\phd\mobilesec\backend\ml-model\experiments\apkdeeplens_tool_reports\95f57fe19eb8a0cc237dcbc7e3625570282cf466f223fb392a251a296d49c70f\reports\report_FieldSensitivity4.json,
DroidBench,InheritedObjects1.apk,C:\Users\HP\Desktop\phd\DroidBench apks\apk\FieldAndObjectSensitivity\InheritedObjects1.apk,e73300479a03a55c789ec44f7cb71b839b1eb56db80d903d9905b652fc4f3dbf,completed,4.763,0,2,4,C:\Users\HP\Desktop\phd\mobilesec\backend\ml-model\experiments\apkdeeplens_tool_reports\e73300479a03a55c789ec44f7cb71b839b1eb56db80d903d9905b652fc4f3dbf\reports\report_InheritedObjects1.json,
DroidBench,ObjectSensitivity1.apk,C:\Users\HP\Desktop\phd\DroidBench apks\apk\FieldAndObjectSensitivity\ObjectSensitivity1.apk,47aac85cb646eee91ff27f3f6ecceb8efc154acfbda44bb8716241e7705a12eb,completed,4.684,0,2,4,C:\Users\HP\Desktop\phd\mobilesec\backend\ml-model\experiments\apkdeeplens_tool_reports\47aac85cb646eee91ff27f3f6ecceb8efc154acfbda44bb8716241e7705a12eb\reports\report_ObjectSensitivity1.json,
DroidBench,ObjectSensitivity2.apk,C:\Users\HP\Desktop\phd\DroidBench apks\apk\FieldAndObjectSensitivity\ObjectSensitivity2.apk,bcec94a3a3a845421342f9622cb1f0fc20d34574805dc48623241fdb10d3627c,completed,4.717,0,2,4,C:\Users\HP\Desktop\phd\mobilesec\backend\ml-model\experiments\apkdeeplens_tool_reports\bcec94a3a3a845421342f9622cb1f0fc20d34574805dc48623241fdb10d3627c\reports\report_ObjectSensitivity2.json,
DroidBench,Clone1.apk,C:\Users\HP\Desktop\phd\DroidBench apks\apk\GeneralJava\Clone1.apk,32596a90e0e3e02030824ed0505a2895807f43aa3515836af75562bcc5256ec0,completed,3.519,0,2,4,C:\Users\HP\Desktop\phd\mobilesec\backend\ml-model\experiments\apkdeeplens_tool_reports\32596a90e0e3e02030824ed0505a2895807f43aa3515836af75562bcc5256ec0\reports\report_Clone1.json,
DroidBench,Exceptions1.apk,C:\Users\HP\Desktop\phd\DroidBench apks\apk\GeneralJava\Exceptions1.apk,d77e440efad377df4a107ea14727f43da9261186cc2a4c05317d021c7da0de02,completed,4.924,0,2,5,C:\Users\HP\Desktop\phd\mobilesec\backend\ml-model\experiments\apkdeeplens_tool_reports\d77e440efad377df4a107ea14727f43da9261186cc2a4c05317d021c7da0de02\reports\report_Exceptions1.json,
DroidBench,Exceptions2.apk,C:\Users\HP\Desktop\phd\DroidBench apks\apk\GeneralJava\Exceptions2.apk,c622e8477de1dd689ec2e46088afda701d6b6e9c54503a246aae6031addd672e,completed,5.009,0,2,5,C:\Users\HP\Desktop\phd\mobilesec\backend\ml-model\experiments\apkdeeplens_tool_reports\c622e8477de1dd689ec2e46088afda701d6b6e9c54503a246aae6031addd672e\reports\report_Exceptions2.json,
DroidBench,Exceptions3.apk,C:\Users\HP\Desktop\phd\DroidBench apks\apk\GeneralJava\Exceptions3.apk,bfbacc871e5ff8c88dfa2da941c31acc0a7902381564eea65f39891edf6d4fec,completed,4.931,0,2,5,C:\Users\HP\Desktop\phd\mobilesec\backend\ml-model\experiments\apkdeeplens_tool_reports\bfbacc871e5ff8c88dfa2da941c31acc0a7902381564eea65f39891edf6d4fec\reports\report_Exceptions3.json,
DroidBench,Exceptions4.apk,C:\Users\HP\Desktop\phd\DroidBench apks\apk\GeneralJava\Exceptions4.apk,03b9b0964ea5603de62e57c2db98d773885179df9d58ac49be4803f62f5396d8,completed,5.172,0,2,5,C:\Users\HP\Desktop\phd\mobilesec\backend\ml-model\experiments\apkdeeplens_tool_reports\03b9b0964ea5603de62e57c2db98d773885179df9d58ac49be4803f62f5396d8\reports\report_Exceptions4.json,
DroidBench,FactoryMethods1.apk,C:\Users\HP\Desktop\phd\DroidBench apks\apk\GeneralJava\FactoryMethods1.apk,76a636a3d053952bff751a632ba3b09ce1acedbc844f1a0e0a25faa8ef24aa31,completed,4.970,0,2,5,C:\Users\HP\Desktop\phd\mobilesec\backend\ml-model\experiments\apkdeeplens_tool_reports\76a636a3d053952bff751a632ba3b09ce1acedbc844f1a0e0a25faa8ef24aa31\reports\report_FactoryMethods1.json,
DroidBench,Loop1.apk,C:\Users\HP\Desktop\phd\DroidBench apks\apk\GeneralJava\Loop1.apk,c80c0bac0f11197706a70faa215ef6f42b60fd44172c08b270739df452cb5d8a,completed,4.715,0,2,4,C:\Users\HP\Desktop\phd\mobilesec\backend\ml-model\experiments\apkdeeplens_tool_reports\c80c0bac0f11197706a70faa215ef6f42b60fd44172c08b270739df452cb5d8a\reports\report_Loop1.json,
DroidBench,Loop2.apk,C:\Users\HP\Desktop\phd\DroidBench apks\apk\GeneralJava\Loop2.apk,9744c46b875e03cd5b76a087aa53f44ba040c5934c1a42845a21f31e7b3fa078,completed,4.719,0,2,4,C:\Users\HP\Desktop\phd\mobilesec\backend\ml-model\experiments\apkdeeplens_tool_reports\9744c46b875e03cd5b76a087aa53f44ba040c5934c1a42845a21f31e7b3fa078\reports\report_Loop2.json,
DroidBench,Serialization1.apk,C:\Users\HP\Desktop\phd\DroidBench apks\apk\GeneralJava\Serialization1.apk,37e00b6fa38b8095a94814662ce401ba04e9d7894cb09c0be0de2c26d51bd05c,completed,3.427,0,2,4,C:\Users\HP\Desktop\phd\mobilesec\backend\ml-model\experiments\apkdeeplens_tool_reports\37e00b6fa38b8095a94814662ce401ba04e9d7894cb09c0be0de2c26d51bd05c\reports\report_Serialization1.json,
DroidBench,SourceCodeSpecific1.apk,C:\Users\HP\Desktop\phd\DroidBench apks\apk\GeneralJava\SourceCodeSpecific1.apk,b248ad2cde9f8c91454ed27b045ded87d888ba0bb1aef356fb63b4d36111bf0d,completed,4.989,0,2,4,C:\Users\HP\Desktop\phd\mobilesec\backend\ml-model\experiments\apkdeeplens_tool_reports\b248ad2cde9f8c91454ed27b045ded87d888ba0bb1aef356fb63b4d36111bf0d\reports\report_SourceCodeSpecific1.json,
DroidBench,StartProcessWithSecret1.apk,C:\Users\HP\Desktop\phd\DroidBench apks\apk\GeneralJava\StartProcessWithSecret1.apk,2136694d1e243d7952042cd1f9a5d515188c27ce08f0f41e8ad28843a72d66b7,completed,3.445,0,2,5,C:\Users\HP\Desktop\phd\mobilesec\backend\ml-model\experiments\apkdeeplens_tool_reports\2136694d1e243d7952042cd1f9a5d515188c27ce08f0f41e8ad28843a72d66b7\reports\report_StartProcessWithSecret1.json,
DroidBench,StaticInitialization1.apk,C:\Users\HP\Desktop\phd\DroidBench apks\apk\GeneralJava\StaticInitialization1.apk,2b4363a9412333a57b737140254b4e746a583aa873190e9d8c8032a78ce5a0d6,completed,4.755,0,2,4,C:\Users\HP\Desktop\phd\mobilesec\backend\ml-model\experiments\apkdeeplens_tool_reports\2b4363a9412333a57b737140254b4e746a583aa873190e9d8c8032a78ce5a0d6\reports\report_StaticInitialization1.json,
DroidBench,StaticInitialization2.apk,C:\Users\HP\Desktop\phd\DroidBench apks\apk\GeneralJava\StaticInitialization2.apk,01783231079d900a12c065e434a38ac8519a88b580566d4e9b42bb33430e92e3,completed,4.750,0,2,4,C:\Users\HP\Desktop\phd\mobilesec\backend\ml-model\experiments\apkdeeplens_tool_reports\01783231079d900a12c065e434a38ac8519a88b580566d4e9b42bb33430e92e3\reports\report_StaticInitialization2.json,
DroidBench,StaticInitialization3.apk,C:\Users\HP\Desktop\phd\DroidBench apks\apk\GeneralJava\StaticInitialization3.apk,bf04fed2e32696201609a33ecd6aa030a78758c979163dd73568a14ae3cba319,completed,3.446,0,2,4,C:\Users\HP\Desktop\phd\mobilesec\backend\ml-model\experiments\apkdeeplens_tool_reports\bf04fed2e32696201609a33ecd6aa030a78758c979163dd73568a14ae3cba319\reports\report_StaticInitialization3.json,
DroidBench,StringFormatter1.apk,C:\Users\HP\Desktop\phd\DroidBench apks\apk\GeneralJava\StringFormatter1.apk,d6ad89e8fbef3d44131e8f7337cc193cdabd2d9730ada36b54269cf61c4be397,completed,3.422,0,2,4,C:\Users\HP\Desktop\phd\mobilesec\backend\ml-model\experiments\apkdeeplens_tool_reports\d6ad89e8fbef3d44131e8f7337cc193cdabd2d9730ada36b54269cf61c4be397\reports\report_StringFormatter1.json,
DroidBench,StringPatternMatching1.apk,C:\Users\HP\Desktop\phd\DroidBench apks\apk\GeneralJava\StringPatternMatching1.apk,beca747c94903134718d8f156494a06a130d9759e8b1f4cc593b8dd150a38075,completed,3.607,0,2,4,C:\Users\HP\Desktop\phd\mobilesec\backend\ml-model\experiments\apkdeeplens_tool_reports\beca747c94903134718d8f156494a06a130d9759e8b1f4cc593b8dd150a38075\reports\report_StringPatternMatching1.json,
DroidBench,StringToCharArray1.apk,C:\Users\HP\Desktop\phd\DroidBench apks\apk\GeneralJava\StringToCharArray1.apk,af151ed9b28169a03010d095b66ee4aa6f504b61ecbc0caf0ef133d5acb06ead,completed,3.488,0,2,4,C:\Users\HP\Desktop\phd\mobilesec\backend\ml-model\experiments\apkdeeplens_tool_reports\af151ed9b28169a03010d095b66ee4aa6f504b61ecbc0caf0ef133d5acb06ead\reports\report_StringToCharArray1.json,
DroidBench,StringToOutputStream1.apk,C:\Users\HP\Desktop\phd\DroidBench apks\apk\GeneralJava\StringToOutputStream1.apk,94fe62869761e5e8616858c5033a0f2d714d03848ae1570b4e66e405fee881d1,completed,3.543,0,2,4,C:\Users\HP\Desktop\phd\mobilesec\backend\ml-model\experiments\apkdeeplens_tool_reports\94fe62869761e5e8616858c5033a0f2d714d03848ae1570b4e66e405fee881d1\reports\report_StringToOutputStream1.json,
DroidBench,UnreachableCode.apk,C:\Users\HP\Desktop\phd\DroidBench apks\apk\GeneralJava\UnreachableCode.apk,4dcc2acb9dda9d83020eb4d0d5f6d1484d652a9712791a06be8c8884d6459923,completed,4.904,0,2,4,C:\Users\HP\Desktop\phd\mobilesec\backend\ml-model\experiments\apkdeeplens_tool_reports\4dcc2acb9dda9d83020eb4d0d5f6d1484d652a9712791a06be8c8884d6459923\reports\report_UnreachableCode.json,
DroidBench,VirtualDispatch1.apk,C:\Users\HP\Desktop\phd\DroidBench apks\apk\GeneralJava\VirtualDispatch1.apk,931869a4027306e41b627324ede694f77a882e14075525cd703769b1ae8f1b02,completed,4.693,0,2,4,C:\Users\HP\Desktop\phd\mobilesec\backend\ml-model\experiments\apkdeeplens_tool_reports\931869a4027306e41b627324ede694f77a882e14075525cd703769b1ae8f1b02\reports\report_VirtualDispatch1.json,
DroidBench,VirtualDispatch2.apk,C:\Users\HP\Desktop\phd\DroidBench apks\apk\GeneralJava\VirtualDispatch2.apk,e3badffc3982b93a8fa65b1ef908d91b713fa10066bb0ba8578fb258ec62c97c,completed,3.555,0,2,4,C:\Users\HP\Desktop\phd\mobilesec\backend\ml-model\experiments\apkdeeplens_tool_reports\e3badffc3982b93a8fa65b1ef908d91b713fa10066bb0ba8578fb258ec62c97c\reports\report_VirtualDispatch2.json,
DroidBench,VirtualDispatch3.apk,C:\Users\HP\Desktop\phd\DroidBench apks\apk\GeneralJava\VirtualDispatch3.apk,8334b217c51bfc574d4abee02170b74249b8516f2c790088c416187788e93983,completed,7.672,0,2,22,C:\Users\HP\Desktop\phd\mobilesec\backend\ml-model\experiments\apkdeeplens_tool_reports\8334b217c51bfc574d4abee02170b74249b8516f2c790088c416187788e93983\reports\report_VirtualDispatch3.json,
DroidBench,VirtualDispatch4.apk,C:\Users\HP\Desktop\phd\DroidBench apks\apk\GeneralJava\VirtualDispatch4.apk,5bd4279731dd36c24bdd885c2e95eb9e81915f836d2686789afc94d81b5162c2,completed,7.543,0,2,22,C:\Users\HP\Desktop\phd\mobilesec\backend\ml-model\experiments\apkdeeplens_tool_reports\5bd4279731dd36c24bdd885c2e95eb9e81915f836d2686789afc94d81b5162c2\reports\report_VirtualDispatch4.json,
DroidBench,ImplicitFlow1.apk,C:\Users\HP\Desktop\phd\DroidBench apks\apk\ImplicitFlows\ImplicitFlow1.apk,f8065adb50dddc4bb59382dc9450700e3b4d36a65c7bc1b4dc725065383d9f30,completed,4.839,0,2,4,C:\Users\HP\Desktop\phd\mobilesec\backend\ml-model\experiments\apkdeeplens_tool_reports\f8065adb50dddc4bb59382dc9450700e3b4d36a65c7bc1b4dc725065383d9f30\reports\report_ImplicitFlow1.json,
DroidBench,ImplicitFlow2.apk,C:\Users\HP\Desktop\phd\DroidBench apks\apk\ImplicitFlows\ImplicitFlow2.apk,4c4773cc9a5a4ccc5a6f815bca3735adcf2e385708c2883120cae85b76041a6b,completed,4.673,0,2,6,C:\Users\HP\Desktop\phd\mobilesec\backend\ml-model\experiments\apkdeeplens_tool_reports\4c4773cc9a5a4ccc5a6f815bca3735adcf2e385708c2883120cae85b76041a6b\reports\report_ImplicitFlow2.json,
DroidBench,ImplicitFlow3.apk,C:\Users\HP\Desktop\phd\DroidBench apks\apk\ImplicitFlows\ImplicitFlow3.apk,9712025b163ce768306601411965997fc0830a4b67ffdf1df1ac422d63a013a2,completed,4.763,0,2,6,C:\Users\HP\Desktop\phd\mobilesec\backend\ml-model\experiments\apkdeeplens_tool_reports\9712025b163ce768306601411965997fc0830a4b67ffdf1df1ac422d63a013a2\reports\report_ImplicitFlow3.json,
DroidBench,ImplicitFlow4.apk,C:\Users\HP\Desktop\phd\DroidBench apks\apk\ImplicitFlows\ImplicitFlow4.apk,5f21ff8b97d1418cb3e4a09049d8ede86a069c8397cbc34f44433eefa2748598,completed,4.840,0,2,6,C:\Users\HP\Desktop\phd\mobilesec\backend\ml-model\experiments\apkdeeplens_tool_reports\5f21ff8b97d1418cb3e4a09049d8ede86a069c8397cbc34f44433eefa2748598\reports\report_ImplicitFlow4.json,
DroidBench,Echoer.apk,C:\Users\HP\Desktop\phd\DroidBench apks\apk\InterAppCommunication\Echoer.apk,bdb8d9b3128ed0352348797a7d5ecc5ce957a61088e92e5419c56c5834153f13,completed,5.282,0,1,12,C:\Users\HP\Desktop\phd\mobilesec\backend\ml-model\experiments\apkdeeplens_tool_reports\bdb8d9b3128ed0352348797a7d5ecc5ce957a61088e92e5419c56c5834153f13\reports\report_Echoer.json,
DroidBench,SendSMS.apk,C:\Users\HP\Desktop\phd\DroidBench apks\apk\InterAppCommunication\SendSMS.apk,fef09d93c361afdde5594bf1324f182a8e896d2a81b9d1c71014b15f9b82b216,completed,7.305,0,1,10,C:\Users\HP\Desktop\phd\mobilesec\backend\ml-model\experiments\apkdeeplens_tool_reports\fef09d93c361afdde5594bf1324f182a8e896d2a81b9d1c71014b15f9b82b216\reports\report_SendSMS.json,
DroidBench,StartActivityForResult1.apk,C:\Users\HP\Desktop\phd\DroidBench apks\apk\InterAppCommunication\StartActivityForResult1.apk,641f4103352cdd393477484ab838c7875e02cfcbfd1dda7f675376bd5a3c2a91,completed,8.515,0,1,11,C:\Users\HP\Desktop\phd\mobilesec\backend\ml-model\experiments\apkdeeplens_tool_reports\641f4103352cdd393477484ab838c7875e02cfcbfd1dda7f675376bd5a3c2a91\reports\report_StartActivityForResult1.json,
DroidBench,ActivityCommunication1.apk,C:\Users\HP\Desktop\phd\DroidBench apks\apk\InterComponentCommunication\ActivityCommunication1.apk,1f0a41a26ccabc9530567b5fa7ad6f1c1f364120e1b0e7220f750fd970af79f4,completed,7.778,0,2,5,C:\Users\HP\Desktop\phd\mobilesec\backend\ml-model\experiments\apkdeeplens_tool_reports\1f0a41a26ccabc9530567b5fa7ad6f1c1f364120e1b0e7220f750fd970af79f4\reports\report_ActivityCommunication1.json,
DroidBench,ActivityCommunication2.apk,C:\Users\HP\Desktop\phd\DroidBench apks\apk\InterComponentCommunication\ActivityCommunication2.apk,03e04efb2e13ca2a7f16e74a9a637ad5c6ae1b1126bafd4c4bb2d8a0a6d2c977,completed,9.044,0,2,17,C:\Users\HP\Desktop\phd\mobilesec\backend\ml-model\experiments\apkdeeplens_tool_reports\03e04efb2e13ca2a7f16e74a9a637ad5c6ae1b1126bafd4c4bb2d8a0a6d2c977\reports\report_ActivityCommunication2.json,
DroidBench,ActivityCommunication3.apk,C:\Users\HP\Desktop\phd\DroidBench apks\apk\InterComponentCommunication\ActivityCommunication3.apk,666bcef762823a0633134d423be9ce663fefe7a7c7ebd619b8b76296147bf74c,completed,9.113,0,2,17,C:\Users\HP\Desktop\phd\mobilesec\backend\ml-model\experiments\apkdeeplens_tool_reports\666bcef762823a0633134d423be9ce663fefe7a7c7ebd619b8b76296147bf74c\reports\report_ActivityCommunication3.json,
DroidBench,ActivityCommunication4.apk,C:\Users\HP\Desktop\phd\DroidBench apks\apk\InterComponentCommunication\ActivityCommunication4.apk,353e7048c53ae1fa9f53b7f4d4094ec97ce926381cb9fa42ed141c8b1daead2b,completed,8.881,0,2,17,C:\Users\HP\Desktop\phd\mobilesec\backend\ml-model\experiments\apkdeeplens_tool_reports\353e7048c53ae1fa9f53b7f4d4094ec97ce926381cb9fa42ed141c8b1daead2b\reports\report_ActivityCommunication4.json,
DroidBench,ActivityCommunication5.apk,C:\Users\HP\Desktop\phd\DroidBench apks\apk\InterComponentCommunication\ActivityCommunication5.apk,8a9683d94586ba0b63a55182a36c01c9ff34dc731727552c655487df259ac1e0,completed,9.043,0,2,17,C:\Users\HP\Desktop\phd\mobilesec\backend\ml-model\experiments\apkdeeplens_tool_reports\8a9683d94586ba0b63a55182a36c01c9ff34dc731727552c655487df259ac1e0\reports\report_ActivityCommunication5.json,
DroidBench,ActivityCommunication6.apk,C:\Users\HP\Desktop\phd\DroidBench apks\apk\InterComponentCommunication\ActivityCommunication6.apk,5d0d7c76361525b8f3d63f59ca9c313a28402872fc02db8153d6f370f95f8ce5,completed,8.922,0,2,17,C:\Users\HP\Desktop\phd\mobilesec\backend\ml-model\experiments\apkdeeplens_tool_reports\5d0d7c76361525b8f3d63f59ca9c313a28402872fc02db8153d6f370f95f8ce5\reports\report_ActivityCommunication6.json,
DroidBench,ActivityCommunication7.apk,C:\Users\HP\Desktop\phd\DroidBench apks\apk\InterComponentCommunication\ActivityCommunication7.apk,4f8751cc7b1f61805e7ce0b67e7b6a83de5af88a79abba83bb5c344ff49f2342,completed,8.831,0,2,17,C:\Users\HP\Desktop\phd\mobilesec\backend\ml-model\experiments\apkdeeplens_tool_reports\4f8751cc7b1f61805e7ce0b67e7b6a83de5af88a79abba83bb5c344ff49f2342\reports\report_ActivityCommunication7.json,
DroidBench,ActivityCommunication8.apk,C:\Users\HP\Desktop\phd\DroidBench apks\apk\InterComponentCommunication\ActivityCommunication8.apk,05f2664153087bddddaca42ac4ed55e69bcb104b082b28c3416c3c351d60acb0,completed,8.689,0,2,17,C:\Users\HP\Desktop\phd\mobilesec\backend\ml-model\experiments\apkdeeplens_tool_reports\05f2664153087bddddaca42ac4ed55e69bcb104b082b28c3416c3c351d60acb0\reports\report_ActivityCommunication8.json,
DroidBench,BroadcastTaintAndLeak1.apk,C:\Users\HP\Desktop\phd\DroidBench apks\apk\InterComponentCommunication\BroadcastTaintAndLeak1.apk,d9a90263843b4ad82b36b9e44211301250484d61a6bc8d3673759207d703b8b3,completed,5.352,0,1,3,C:\Users\HP\Desktop\phd\mobilesec\backend\ml-model\experiments\apkdeeplens_tool_reports\d9a90263843b4ad82b36b9e44211301250484d61a6bc8d3673759207d703b8b3\reports\report_BroadcastTaintAndLeak1.json,
DroidBench,ComponentNotInManifest1.apk,C:\Users\HP\Desktop\phd\DroidBench apks\apk\InterComponentCommunication\ComponentNotInManifest1.apk,df22a6192bb8883db13f40c4fe42e68cd1b947e6210875155ceedba63d2be34c,completed,9.065,0,2,17,C:\Users\HP\Desktop\phd\mobilesec\backend\ml-model\experiments\apkdeeplens_tool_reports\df22a6192bb8883db13f40c4fe42e68cd1b947e6210875155ceedba63d2be34c\reports\report_ComponentNotInManifest1.json,
DroidBench,EventOrdering1.apk,C:\Users\HP\Desktop\phd\DroidBench apks\apk\InterComponentCommunication\EventOrdering1.apk,70e565d4f99c7b2ede705480ec394c562114b0a6905a294adff49a1bbd9e8f4b,completed,8.763,0,2,20,C:\Users\HP\Desktop\phd\mobilesec\backend\ml-model\experiments\apkdeeplens_tool_reports\70e565d4f99c7b2ede705480ec394c562114b0a6905a294adff49a1bbd9e8f4b\reports\report_EventOrdering1.json,
DroidBench,IntentSink1.apk,C:\Users\HP\Desktop\phd\DroidBench apks\apk\InterComponentCommunication\IntentSink1.apk,e5ebf2d5c4ca0b85d63091eab9acd51b57048a3fd254e0c5519ca4f33cd83703,completed,7.731,0,1,3,C:\Users\HP\Desktop\phd\mobilesec\backend\ml-model\experiments\apkdeeplens_tool_reports\e5ebf2d5c4ca0b85d63091eab9acd51b57048a3fd254e0c5519ca4f33cd83703\reports\report_IntentSink1.json,
DroidBench,IntentSink2.apk,C:\Users\HP\Desktop\phd\DroidBench apks\apk\InterComponentCommunication\IntentSink2.apk,8f2d9616fe10f7a0155df2cc500f1ba79fa33373b764157a3ae4683605389541,completed,7.816,0,2,4,C:\Users\HP\Desktop\phd\mobilesec\backend\ml-model\experiments\apkdeeplens_tool_reports\8f2d9616fe10f7a0155df2cc500f1ba79fa33373b764157a3ae4683605389541\reports\report_IntentSink2.json,
DroidBench,IntentSource1.apk,C:\Users\HP\Desktop\phd\DroidBench apks\apk\InterComponentCommunication\IntentSource1.apk,7c82df959493443dfe828331aef807b56f46170f17c99798441111ddb3d3a32a,completed,8.793,0,2,17,C:\Users\HP\Desktop\phd\mobilesec\backend\ml-model\experiments\apkdeeplens_tool_reports\7c82df959493443dfe828331aef807b56f46170f17c99798441111ddb3d3a32a\reports\report_IntentSource1.json,
DroidBench,ServiceCommunication1.apk,C:\Users\HP\Desktop\phd\DroidBench apks\apk\InterComponentCommunication\ServiceCommunication1.apk,593ab62f6139aa49e9920563096ef4841ab8317bf4ef6ed521b94cc74e947ec9,completed,5.354,0,2,5,C:\Users\HP\Desktop\phd\mobilesec\backend\ml-model\experiments\apkdeeplens_tool_reports\593ab62f6139aa49e9920563096ef4841ab8317bf4ef6ed521b94cc74e947ec9\reports\report_ServiceCommunication1.json,
DroidBench,SharedPreferences1.apk,C:\Users\HP\Desktop\phd\DroidBench apks\apk\InterComponentCommunication\SharedPreferences1.apk,c11b1a45603b16854c90a99b074b9a5728ef733ac63ddf3dca6b5fc4f64820c1,completed,5.425,0,2,8,C:\Users\HP\Desktop\phd\mobilesec\backend\ml-model\experiments\apkdeeplens_tool_reports\c11b1a45603b16854c90a99b074b9a5728ef733ac63ddf3dca6b5fc4f64820c1\reports\report_SharedPreferences1.json,
DroidBench,Singletons1.apk,C:\Users\HP\Desktop\phd\DroidBench apks\apk\InterComponentCommunication\Singletons1.apk,797fdba02afa73d1dea56f0bdd85f2dfa0d4cd1f6646503732c916ba804c318c,completed,5.684,0,2,4,C:\Users\HP\Desktop\phd\mobilesec\backend\ml-model\experiments\apkdeeplens_tool_reports\797fdba02afa73d1dea56f0bdd85f2dfa0d4cd1f6646503732c916ba804c318c\reports\report_Singletons1.json,
DroidBench,UnresolvableIntent1.apk,C:\Users\HP\Desktop\phd\DroidBench apks\apk\InterComponentCommunication\UnresolvableIntent1.apk,827a3d81a5e7f31f6e4ece3ce6bcab4d28e1c148941ed05f1f56ba0095982236,completed,8.995,0,2,18,C:\Users\HP\Desktop\phd\mobilesec\backend\ml-model\experiments\apkdeeplens_tool_reports\827a3d81a5e7f31f6e4ece3ce6bcab4d28e1c148941ed05f1f56ba0095982236\reports\report_UnresolvableIntent1.json,
DroidBench,ActivityLifecycle1.apk,C:\Users\HP\Desktop\phd\DroidBench apks\apk\Lifecycle\ActivityLifecycle1.apk,0fda3910a95c08297ea31c3fd370451fe997e430fe67171fdfb9de62d9b789c8,completed,7.620,0,3,4,C:\Users\HP\Desktop\phd\mobilesec\backend\ml-model\experiments\apkdeeplens_tool_reports\0fda3910a95c08297ea31c3fd370451fe997e430fe67171fdfb9de62d9b789c8\reports\report_ActivityLifecycle1.json,
DroidBench,ActivityLifecycle2.apk,C:\Users\HP\Desktop\phd\DroidBench apks\apk\Lifecycle\ActivityLifecycle2.apk,c3f57d78eb3973c1a320113b672d6a56512dd7636248611a6a3af0df914af3f1,completed,7.965,0,2,4,C:\Users\HP\Desktop\phd\mobilesec\backend\ml-model\experiments\apkdeeplens_tool_reports\c3f57d78eb3973c1a320113b672d6a56512dd7636248611a6a3af0df914af3f1\reports\report_ActivityLifecycle2.json,
DroidBench,ActivityLifecycle3.apk,C:\Users\HP\Desktop\phd\DroidBench apks\apk\Lifecycle\ActivityLifecycle3.apk,4b19b169012196405e8d743ec312e421572df20e5a53d4dc299259b73833ff68,completed,7.956,0,2,4,C:\Users\HP\Desktop\phd\mobilesec\backend\ml-model\experiments\apkdeeplens_tool_reports\4b19b169012196405e8d743ec312e421572df20e5a53d4dc299259b73833ff68\reports\report_ActivityLifecycle3.json,
DroidBench,ActivityLifecycle4.apk,C:\Users\HP\Desktop\phd\DroidBench apks\apk\Lifecycle\ActivityLifecycle4.apk,9787c17025138f99f0c393031904428e8da2a3a860f7806d8bd5bce5999e18cb,completed,8.164,0,2,4,C:\Users\HP\Desktop\phd\mobilesec\backend\ml-model\experiments\apkdeeplens_tool_reports\9787c17025138f99f0c393031904428e8da2a3a860f7806d8bd5bce5999e18cb\reports\report_ActivityLifecycle4.json,
DroidBench,ActivitySavedState1.apk,C:\Users\HP\Desktop\phd\DroidBench apks\apk\Lifecycle\ActivitySavedState1.apk,3859f2bc0f44813ab579be20fe1d5972e0f7c15fa5c9a16a7fb1d177e3c7aa0f,completed,5.288,0,2,4,C:\Users\HP\Desktop\phd\mobilesec\backend\ml-model\experiments\apkdeeplens_tool_reports\3859f2bc0f44813ab579be20fe1d5972e0f7c15fa5c9a16a7fb1d177e3c7aa0f\reports\report_ActivitySavedState1.json,
DroidBench,ApplicationLifecycle1.apk,C:\Users\HP\Desktop\phd\DroidBench apks\apk\Lifecycle\ApplicationLifecycle1.apk,d29cc58986f22c0e3c576346b09e5e91ec829e3147443a5cef995cb94712dd1a,completed,7.965,0,2,4,C:\Users\HP\Desktop\phd\mobilesec\backend\ml-model\experiments\apkdeeplens_tool_reports\d29cc58986f22c0e3c576346b09e5e91ec829e3147443a5cef995cb94712dd1a\reports\report_ApplicationLifecycle1.json,
DroidBench,ApplicationLifecycle2.apk,C:\Users\HP\Desktop\phd\DroidBench apks\apk\Lifecycle\ApplicationLifecycle2.apk,3d3c523d39cbb8c429a85e1d9335f56063b0d7d1b9d6bd6c56dee192470e30ab,completed,7.711,0,2,4,C:\Users\HP\Desktop\phd\mobilesec\backend\ml-model\experiments\apkdeeplens_tool_reports\3d3c523d39cbb8c429a85e1d9335f56063b0d7d1b9d6bd6c56dee192470e30ab\reports\report_ApplicationLifecycle2.json,
DroidBench,ApplicationLifecycle3.apk,C:\Users\HP\Desktop\phd\DroidBench apks\apk\Lifecycle\ApplicationLifecycle3.apk,74280937a18d2a357a8d15787b932cdfda0ce9a27b9c56f8ea136314da894037,completed,8.134,0,2,6,C:\Users\HP\Desktop\phd\mobilesec\backend\ml-model\experiments\apkdeeplens_tool_reports\74280937a18d2a357a8d15787b932cdfda0ce9a27b9c56f8ea136314da894037\reports\report_ApplicationLifecycle3.json,
DroidBench,AsynchronousEventOrdering1.apk,C:\Users\HP\Desktop\phd\DroidBench apks\apk\Lifecycle\AsynchronousEventOrdering1.apk,90403d932856d10e8e0b5cd97413d8b966e24abd2fc60fb86202e0c483b6d290,completed,5.296,0,2,4,C:\Users\HP\Desktop\phd\mobilesec\backend\ml-model\experiments\apkdeeplens_tool_reports\90403d932856d10e8e0b5cd97413d8b966e24abd2fc60fb86202e0c483b6d290\reports\report_AsynchronousEventOrdering1.json,
DroidBench,BroadcastReceiverLifecycle1.apk,C:\Users\HP\Desktop\phd\DroidBench apks\apk\Lifecycle\BroadcastReceiverLifecycle1.apk,4a399b81e32a2510dbdb7e480defcbf6b8cbb658b924efeda5a26302a02ab899,completed,8.065,0,2,4,C:\Users\HP\Desktop\phd\mobilesec\backend\ml-model\experiments\apkdeeplens_tool_reports\4a399b81e32a2510dbdb7e480defcbf6b8cbb658b924efeda5a26302a02ab899\reports\report_BroadcastReceiverLifecycle1.json,
DroidBench,BroadcastReceiverLifecycle2.apk,C:\Users\HP\Desktop\phd\DroidBench apks\apk\Lifecycle\BroadcastReceiverLifecycle2.apk,96d8cca5f17a10d1b432a5ab1e290e6303ed31d23b965b790268a0b8c1e98ea1,completed,8.984,0,2,17,C:\Users\HP\Desktop\phd\mobilesec\backend\ml-model\experiments\apkdeeplens_tool_reports\96d8cca5f17a10d1b432a5ab1e290e6303ed31d23b965b790268a0b8c1e98ea1\reports\report_BroadcastReceiverLifecycle2.json,
DroidBench,FragmentLifecycle1.apk,C:\Users\HP\Desktop\phd\DroidBench apks\apk\Lifecycle\FragmentLifecycle1.apk,0f9454aef9b314307713663ce361089e62ec888fd4cf0ed4f8d261146602310c,completed,8.445,0,2,10,C:\Users\HP\Desktop\phd\mobilesec\backend\ml-model\experiments\apkdeeplens_tool_reports\0f9454aef9b314307713663ce361089e62ec888fd4cf0ed4f8d261146602310c\reports\report_FragmentLifecycle1.json,
DroidBench,FragmentLifecycle2.apk,C:\Users\HP\Desktop\phd\DroidBench apks\apk\Lifecycle\FragmentLifecycle2.apk,7cad8b1a8ef2e835fe245b0cd9118a984a25aa339c204e4e4f3bf108b1b131cd,completed,7.614,0,2,4,C:\Users\HP\Desktop\phd\mobilesec\backend\ml-model\experiments\apkdeeplens_tool_reports\7cad8b1a8ef2e835fe245b0cd9118a984a25aa339c204e4e4f3bf108b1b131cd\reports\report_FragmentLifecycle2.json,
DroidBench,ServiceLifecycle1.apk,C:\Users\HP\Desktop\phd\DroidBench apks\apk\Lifecycle\ServiceLifecycle1.apk,caa124375dc91c46568b8cab8ffa64fc9fa20411c5cb278c033cccc97eff5f50,completed,8.018,0,2,4,C:\Users\HP\Desktop\phd\mobilesec\backend\ml-model\experiments\apkdeeplens_tool_reports\caa124375dc91c46568b8cab8ffa64fc9fa20411c5cb278c033cccc97eff5f50\reports\report_ServiceLifecycle1.json,
DroidBench,ServiceLifecycle2.apk,C:\Users\HP\Desktop\phd\DroidBench apks\apk\Lifecycle\ServiceLifecycle2.apk,4587bf36ef2e1f1b48a82fea0154af8c811dbf17753169e1840193c32f9735c3,completed,5.339,0,2,4,C:\Users\HP\Desktop\phd\mobilesec\backend\ml-model\experiments\apkdeeplens_tool_reports\4587bf36ef2e1f1b48a82fea0154af8c811dbf17753169e1840193c32f9735c3\reports\report_ServiceLifecycle2.json,
DroidBench,SharedPreferenceChanged1.apk,C:\Users\HP\Desktop\phd\DroidBench apks\apk\Lifecycle\SharedPreferenceChanged1.apk,00030955c0d359b3503fc348a7d76d242ba3ffa52ba151578bf9bff9b5b0647c,completed,5.462,0,2,10,C:\Users\HP\Desktop\phd\mobilesec\backend\ml-model\experiments\apkdeeplens_tool_reports\00030955c0d359b3503fc348a7d76d242ba3ffa52ba151578bf9bff9b5b0647c\reports\report_SharedPreferenceChanged1.json,
DroidBench,Reflection1.apk,C:\Users\HP\Desktop\phd\DroidBench apks\apk\Reflection\Reflection1.apk,40a67d4aaf9610a055bfee659b434464f06510a456e01ee3b25cacce3de521db,completed,8.185,0,2,8,C:\Users\HP\Desktop\phd\mobilesec\backend\ml-model\experiments\apkdeeplens_tool_reports\40a67d4aaf9610a055bfee659b434464f06510a456e01ee3b25cacce3de521db\reports\report_Reflection1.json,
DroidBench,Reflection2.apk,C:\Users\HP\Desktop\phd\DroidBench apks\apk\Reflection\Reflection2.apk,948d8b70d0ebc47f10c2336dce274ab3e2a86a133d03cbadd3d1620ac558b6fa,completed,8.057,0,2,8,C:\Users\HP\Desktop\phd\mobilesec\backend\ml-model\experiments\apkdeeplens_tool_reports\948d8b70d0ebc47f10c2336dce274ab3e2a86a133d03cbadd3d1620ac558b6fa\reports\report_Reflection2.json,
DroidBench,Reflection3.apk,C:\Users\HP\Desktop\phd\DroidBench apks\apk\Reflection\Reflection3.apk,9d75b3cecc84c446e9d91008fbcaebde79cede7f4f2c0e442e977c575d665766,completed,8.334,0,2,11,C:\Users\HP\Desktop\phd\mobilesec\backend\ml-model\experiments\apkdeeplens_tool_reports\9d75b3cecc84c446e9d91008fbcaebde79cede7f4f2c0e442e977c575d665766\reports\report_Reflection3.json,
DroidBench,AsyncTask1.apk,C:\Users\HP\Desktop\phd\DroidBench apks\apk\Threading\AsyncTask1.apk,88cab75bd578d610cf5931082b9592405fad8459241a441a60b814a83590e53e,completed,9.149,0,2,17,C:\Users\HP\Desktop\phd\mobilesec\backend\ml-model\experiments\apkdeeplens_tool_reports\88cab75bd578d610cf5931082b9592405fad8459241a441a60b814a83590e53e\reports\report_AsyncTask1.json,
DroidBench,Executor1.apk,C:\Users\HP\Desktop\phd\DroidBench apks\apk\Threading\Executor1.apk,09a2a15c5c0e35c6a9095d1dd832c50745dc7eaf26b18bf85db5c3fd66cf8552,completed,8.917,0,2,17,C:\Users\HP\Desktop\phd\mobilesec\backend\ml-model\experiments\apkdeeplens_tool_reports\09a2a15c5c0e35c6a9095d1dd832c50745dc7eaf26b18bf85db5c3fd66cf8552\reports\report_Executor1.json,
DroidBench,JavaThread1.apk,C:\Users\HP\Desktop\phd\DroidBench apks\apk\Threading\JavaThread1.apk,bdb80ebc2304dc6f3ce1587795fc70ed02db1be0f1b3a72f66920c5a5c1240b1,completed,8.823,0,2,17,C:\Users\HP\Desktop\phd\mobilesec\backend\ml-model\experiments\apkdeeplens_tool_reports\bdb80ebc2304dc6f3ce1587795fc70ed02db1be0f1b3a72f66920c5a5c1240b1\reports\report_JavaThread1.json,
DroidBench,JavaThread2.apk,C:\Users\HP\Desktop\phd\DroidBench apks\apk\Threading\JavaThread2.apk,78e514c99e478e32aa2837ba3a07387eee0686810687a1c731a913c71b1fda8f,completed,8.868,0,2,17,C:\Users\HP\Desktop\phd\mobilesec\backend\ml-model\experiments\apkdeeplens_tool_reports\78e514c99e478e32aa2837ba3a07387eee0686810687a1c731a913c71b1fda8f\reports\report_JavaThread2.json,
DroidBench,Looper1.apk,C:\Users\HP\Desktop\phd\DroidBench apks\apk\Threading\Looper1.apk,04d53bfc37f3265fbaf4d5226078807da21bc9f311cf0bbe4eb7a40b2fb320bf,completed,12.519,0,2,22,C:\Users\HP\Desktop\phd\mobilesec\backend\ml-model\experiments\apkdeeplens_tool_reports\04d53bfc37f3265fbaf4d5226078807da21bc9f311cf0bbe4eb7a40b2fb320bf\reports\report_Looper1.json,
Ghera,BlockCipher-ECB-InformationExposure-Lean-benign-v2.apk,C:\Users\HP\Desktop\phd\ghera apks\Crypto\BlockCipher-ECB-InformationExposure-Lean\Benign-V2\BlockCipher-ECB-InformationExposure-Lean-benign-v2.apk,d6b4b4ac2b284255b09689a7b02ab754b3b7e083e880b6b9d9286392b1eee8fd,completed,12.899,0,2,47,C:\Users\HP\Desktop\phd\mobilesec\backend\ml-model\experiments\apkdeeplens_tool_reports\d6b4b4ac2b284255b09689a7b02ab754b3b7e083e880b6b9d9286392b1eee8fd\reports\report_BlockCipher-ECB-InformationExposure-Lean-benign-v2.json,
Ghera,BlockCipher-ECB-InformationExposure-Lean-benign.apk,C:\Users\HP\Desktop\phd\ghera apks\Crypto\BlockCipher-ECB-InformationExposure-Lean\Benign\BlockCipher-ECB-InformationExposure-Lean-benign.apk,6b5631ecb256b661289f367c9a595e89b71f2b76a856138e05f62c405434d10a,completed,12.902,0,2,46,C:\Users\HP\Desktop\phd\mobilesec\backend\ml-model\experiments\apkdeeplens_tool_reports\6b5631ecb256b661289f367c9a595e89b71f2b76a856138e05f62c405434d10a\reports\report_BlockCipher-ECB-InformationExposure-Lean-benign.json,
Ghera,BlockCipher-ECB-InformationExposure-Lean-malicious.apk,C:\Users\HP\Desktop\phd\ghera apks\Crypto\BlockCipher-ECB-InformationExposure-Lean\Malicious\BlockCipher-ECB-InformationExposure-Lean-malicious.apk,9ae14da817623c2964333a80dbd3c531724b1e7a8c0abb7ec92cc90a0489c4da,completed,12.968,0,2,35,C:\Users\HP\Desktop\phd\mobilesec\backend\ml-model\experiments\apkdeeplens_tool_reports\9ae14da817623c2964333a80dbd3c531724b1e7a8c0abb7ec92cc90a0489c4da\reports\report_BlockCipher-ECB-InformationExposure-Lean-malicious.json,
Ghera,BlockCipher-ECB-InformationExposure-Lean-secure.apk,C:\Users\HP\Desktop\phd\ghera apks\Crypto\BlockCipher-ECB-InformationExposure-Lean\Secure\BlockCipher-ECB-InformationExposure-Lean-secure.apk,34b15639475e304027b4e46d538b039b090217ba1386a0300e49593abeeecd51,completed,13.107,0,2,44,C:\Users\HP\Desktop\phd\mobilesec\backend\ml-model\experiments\apkdeeplens_tool_reports\34b15639475e304027b4e46d538b039b090217ba1386a0300e49593abeeecd51\reports\report_BlockCipher-ECB-InformationExposure-Lean-secure.json,
Ghera,BlockCipher-NonRandomIV-InformationExposure-Lean-benign.apk,C:\Users\HP\Desktop\phd\ghera apks\Crypto\BlockCipher-NonRandomIV-InformationExposure-Lean\Benign\BlockCipher-NonRandomIV-InformationExposure-Lean-benign.apk,b60d056c35309dd0b81fbbcb4940b2adce23c3d2add6c87fc910170b80bb8e9b,completed,12.921,0,2,49,C:\Users\HP\Desktop\phd\mobilesec\backend\ml-model\experiments\apkdeeplens_tool_reports\b60d056c35309dd0b81fbbcb4940b2adce23c3d2add6c87fc910170b80bb8e9b\reports\report_BlockCipher-NonRandomIV-InformationExposure-Lean-benign.json,
Ghera,BlockCipher-NonRandomIV-InformationExposure-Lean-malicious.apk,C:\Users\HP\Desktop\phd\ghera apks\Crypto\BlockCipher-NonRandomIV-InformationExposure-Lean\Malicious\BlockCipher-NonRandomIV-InformationExposure-Lean-malicious.apk,5ef1386194f287f52ecdded13e034bf3f53f32a0c124d55f9e8197b37261ecc3,completed,13.063,0,2,35,C:\Users\HP\Desktop\phd\mobilesec\backend\ml-model\experiments\apkdeeplens_tool_reports\5ef1386194f287f52ecdded13e034bf3f53f32a0c124d55f9e8197b37261ecc3\reports\report_BlockCipher-NonRandomIV-InformationExposure-Lean-malicious.json,
Ghera,BlockCipher-NonRandomIV-InformationExposure-Lean-secure.apk,C:\Users\HP\Desktop\phd\ghera apks\Crypto\BlockCipher-NonRandomIV-InformationExposure-Lean\Secure\BlockCipher-NonRandomIV-InformationExposure-Lean-secure.apk,d46b5c6e9f44d5b5fb02c51bfab542de110eef19fcdb076a77e951f57dc42e48,completed,12.857,0,2,45,C:\Users\HP\Desktop\phd\mobilesec\backend\ml-model\experiments\apkdeeplens_tool_reports\d46b5c6e9f44d5b5fb02c51bfab542de110eef19fcdb076a77e951f57dc42e48\reports\report_BlockCipher-NonRandomIV-InformationExposure-Lean-secure.json,
Ghera,ConstantKey-ForgeryAttack-Lean-benign.apk,C:\Users\HP\Desktop\phd\ghera apks\Crypto\ConstantKey-ForgeryAttack-Lean\Benign\ConstantKey-ForgeryAttack-Lean-benign.apk,6ca0d0150448b93350f3ed9a07fecbba968a74eeb792f877c09c846dd0efe30d,completed,13.120,0,2,43,C:\Users\HP\Desktop\phd\mobilesec\backend\ml-model\experiments\apkdeeplens_tool_reports\6ca0d0150448b93350f3ed9a07fecbba968a74eeb792f877c09c846dd0efe30d\reports\report_ConstantKey-ForgeryAttack-Lean-benign.json,
Ghera,app-debug.apk,C:\Users\HP\Desktop\phd\ghera apks\Crypto\ConstantKey-ForgeryAttack-Lean\Malicious\app\app-debug.apk,095e3f26f1db6d8bc3d9d21c812fc3acb79b76bf65922006172fb70b1be84f0a,completed,17.419,0,2,81,C:\Users\HP\Desktop\phd\mobilesec\backend\ml-model\experiments\apkdeeplens_tool_reports\095e3f26f1db6d8bc3d9d21c812fc3acb79b76bf65922006172fb70b1be84f0a\reports\report_app-debug.json,
Ghera,ConstantKey-ForgeryAttack-Lean-malicious.apk,C:\Users\HP\Desktop\phd\ghera apks\Crypto\ConstantKey-ForgeryAttack-Lean\Malicious\ConstantKey-ForgeryAttack-Lean-malicious.apk,1740eb55b2ed5b4d0a7b12c551ae7c6cd9a90fb82fdd7a934b8591eec16298bc,completed,13.257,0,2,36,C:\Users\HP\Desktop\phd\mobilesec\backend\ml-model\experiments\apkdeeplens_tool_reports\1740eb55b2ed5b4d0a7b12c551ae7c6cd9a90fb82fdd7a934b8591eec16298bc\reports\report_ConstantKey-ForgeryAttack-Lean-malicious.json,
Ghera,ConstantKey-ForgeryAttack-Lean-secure.apk,C:\Users\HP\Desktop\phd\ghera apks\Crypto\ConstantKey-ForgeryAttack-Lean\Secure\ConstantKey-ForgeryAttack-Lean-secure.apk,d1dbfab11249072c3c787015b8015e17b62400be7504204dea9cb94796fd165b,completed,12.917,0,2,43,C:\Users\HP\Desktop\phd\mobilesec\backend\ml-model\experiments\apkdeeplens_tool_reports\d1dbfab11249072c3c787015b8015e17b62400be7504204dea9cb94796fd165b\reports\report_ConstantKey-ForgeryAttack-Lean-secure.json,
Ghera,ExposedCredentials-InformationExposure-Lean-benign.apk,C:\Users\HP\Desktop\phd\ghera apks\Crypto\ExposedCredentials-InformationExposure-Lean\Benign\ExposedCredentials-InformationExposure-Lean-benign.apk,2a64c764fecab95f57d1567f2d86760c41eaa58672be3af4e8db5b5549e73865,completed,14.248,0,2,38,C:\Users\HP\Desktop\phd\mobilesec\backend\ml-model\experiments\apkdeeplens_tool_reports\2a64c764fecab95f57d1567f2d86760c41eaa58672be3af4e8db5b5549e73865\reports\report_ExposedCredentials-InformationExposure-Lean-benign.json,
Ghera,ExposedCredentials-InformationExposure-Lean-malicious.apk,C:\Users\HP\Desktop\phd\ghera apks\Crypto\ExposedCredentials-InformationExposure-Lean\Malicious\ExposedCredentials-InformationExposure-Lean-malicious.apk,e6d541f74dea20b83640c2a711f19ab9cc1cc264fb63f226c300ffe8d0a9d08e,completed,10.002,0,2,38,C:\Users\HP\Desktop\phd\mobilesec\backend\ml-model\experiments\apkdeeplens_tool_reports\e6d541f74dea20b83640c2a711f19ab9cc1cc264fb63f226c300ffe8d0a9d08e\reports\report_ExposedCredentials-InformationExposure-Lean-malicious.json,
Ghera,ExposedCredentials-InformationExposure-Lean-secure.apk,C:\Users\HP\Desktop\phd\ghera apks\Crypto\ExposedCredentials-InformationExposure-Lean\Secure\ExposedCredentials-InformationExposure-Lean-secure.apk,6a69df47c0e8d3dafe7d6d33d9f9ee19e0871341741b18c97303f68757987561,completed,6.935,0,2,38,C:\Users\HP\Desktop\phd\mobilesec\backend\ml-model\experiments\apkdeeplens_tool_reports\6a69df47c0e8d3dafe7d6d33d9f9ee19e0871341741b18c97303f68757987561\reports\report_ExposedCredentials-InformationExposure-Lean-secure.json,
Ghera,PBE-ConstantSalt-InformationExposure-Lean-benign.apk,C:\Users\HP\Desktop\phd\ghera apks\Crypto\PBE-ConstantSalt-InformationExposure-Lean\Benign\PBE-ConstantSalt-InformationExposure-Lean-benign.apk,2fb6f85585ffc05e9bbc290b883a99239ea70b510a3c8077843c7b6d57776279,completed,7.084,0,2,39,C:\Users\HP\Desktop\phd\mobilesec\backend\ml-model\experiments\apkdeeplens_tool_reports\2fb6f85585ffc05e9bbc290b883a99239ea70b510a3c8077843c7b6d57776279\reports\report_PBE-ConstantSalt-InformationExposure-Lean-benign.json,
Ghera,PBE-ConstantSalt-InformationExposure-Lean-malicious.apk,C:\Users\HP\Desktop\phd\ghera apks\Crypto\PBE-ConstantSalt-InformationExposure-Lean\Malicious\PBE-ConstantSalt-InformationExposure-Lean-malicious.apk,c29c7958ebaea2b9fe4d5859fa0c9869627dec9b85a28f86a37bce07874e80e6,completed,7.257,0,2,36,C:\Users\HP\Desktop\phd\mobilesec\backend\ml-model\experiments\apkdeeplens_tool_reports\c29c7958ebaea2b9fe4d5859fa0c9869627dec9b85a28f86a37bce07874e80e6\reports\report_PBE-ConstantSalt-InformationExposure-Lean-malicious.json,
Ghera,PBE-ConstantSalt-InformationExposure-Lean-secure.apk,C:\Users\HP\Desktop\phd\ghera apks\Crypto\PBE-ConstantSalt-InformationExposure-Lean\Secure\PBE-ConstantSalt-InformationExposure-Lean-secure.apk,b784bf86ce5e2a7f9ce42ef6bd3a1aadfdf5b8917479e2f4a472ce45a7d29cb3,completed,7.266,0,2,40,C:\Users\HP\Desktop\phd\mobilesec\backend\ml-model\experiments\apkdeeplens_tool_reports\b784bf86ce5e2a7f9ce42ef6bd3a1aadfdf5b8917479e2f4a472ce45a7d29cb3\reports\report_PBE-ConstantSalt-InformationExposure-Lean-secure.json,
Ghera,DynamicRegBroadcastReceiver-UnrestrictedAccess-Lean-benign.apk,C:\Users\HP\Desktop\phd\ghera apks\ICC\DynamicRegBroadcastReceiver-UnrestrictedAccess-Lean\Benign\DynamicRegBroadcastReceiver-UnrestrictedAccess-Lean-benign.apk,b671875954ccde5d57f2376d3c7360d4f565007403399993172148abce2bb03a,completed,7.353,0,2,35,C:\Users\HP\Desktop\phd\mobilesec\backend\ml-model\experiments\apkdeeplens_tool_reports\b671875954ccde5d57f2376d3c7360d4f565007403399993172148abce2bb03a\reports\report_DynamicRegBroadcastReceiver-UnrestrictedAccess-Lean-benign.json,
Ghera,DynamicRegBroadcastReceiver-UnrestrictedAccess-Lean-malicious.apk,C:\Users\HP\Desktop\phd\ghera apks\ICC\DynamicRegBroadcastReceiver-UnrestrictedAccess-Lean\Malicious\DynamicRegBroadcastReceiver-UnrestrictedAccess-Lean-malicious.apk,8c629b9011382c9a02c625b22e63e7a3c8e8abddd7743cafedc609ac8b51b0cc,completed,7.351,0,2,35,C:\Users\HP\Desktop\phd\mobilesec\backend\ml-model\experiments\apkdeeplens_tool_reports\8c629b9011382c9a02c625b22e63e7a3c8e8abddd7743cafedc609ac8b51b0cc\reports\report_DynamicRegBroadcastReceiver-UnrestrictedAccess-Lean-malicious.json,
Ghera,DynamicRegBroadcastReceiver-UnrestrictedAccess-Lean-secure.apk,C:\Users\HP\Desktop\phd\ghera apks\ICC\DynamicRegBroadcastReceiver-UnrestrictedAccess-Lean\Secure\DynamicRegBroadcastReceiver-UnrestrictedAccess-Lean-secure.apk,43e8ee2b02d9ef1d788060e8ca98a60728b4b4449dc4108b8ed70f25ddb3da46,completed,7.891,0,2,39,C:\Users\HP\Desktop\phd\mobilesec\backend\ml-model\experiments\apkdeeplens_tool_reports\43e8ee2b02d9ef1d788060e8ca98a60728b4b4449dc4108b8ed70f25ddb3da46\reports\report_DynamicRegBroadcastReceiver-UnrestrictedAccess-Lean-secure.json,
Ghera,EmptyPendingIntent-PrivEscalation-Lean-benign.apk,C:\Users\HP\Desktop\phd\ghera apks\ICC\EmptyPendingIntent-PrivEscalation-Lean\Benign\EmptyPendingIntent-PrivEscalation-Lean-benign.apk,24f4d77b852e2c3c932ffe94ec1c04f1065a091bd7a1f0d1b48479721f1b64a3,completed,7.836,0,2,40,C:\Users\HP\Desktop\phd\mobilesec\backend\ml-model\experiments\apkdeeplens_tool_reports\24f4d77b852e2c3c932ffe94ec1c04f1065a091bd7a1f0d1b48479721f1b64a3\reports\report_EmptyPendingIntent-PrivEscalation-Lean-benign.json,
Ghera,EmptyPendingIntent-PrivEscalation-Lean-malicious.apk,C:\Users\HP\Desktop\phd\ghera apks\ICC\EmptyPendingIntent-PrivEscalation-Lean\Malicious\EmptyPendingIntent-PrivEscalation-Lean-malicious.apk,30ccad163934b0cd3febacda750bb29389058c92a56e51e7920d0910ea9e20c5,completed,7.924,0,2,41,C:\Users\HP\Desktop\phd\mobilesec\backend\ml-model\experiments\apkdeeplens_tool_reports\30ccad163934b0cd3febacda750bb29389058c92a56e51e7920d0910ea9e20c5\reports\report_EmptyPendingIntent-PrivEscalation-Lean-malicious.json,
Ghera,EmptyPendingIntent-PrivEscalation-Lean-secure.apk,C:\Users\HP\Desktop\phd\ghera apks\ICC\EmptyPendingIntent-PrivEscalation-Lean\Secure\EmptyPendingIntent-PrivEscalation-Lean-secure.apk,44f639de689ce09ebce79b4cd800f46cbb39ce37137d7976872d88b502f2d56a,completed,7.831,0,2,39,C:\Users\HP\Desktop\phd\mobilesec\backend\ml-model\experiments\apkdeeplens_tool_reports\44f639de689ce09ebce79b4cd800f46cbb39ce37137d7976872d88b502f2d56a\reports\report_EmptyPendingIntent-PrivEscalation-Lean-secure.json,
Ghera,FragmentInjection-PrivEscalation-Lean-benign.apk,C:\Users\HP\Desktop\phd\ghera apks\ICC\FragmentInjection-PrivEscalation-Lean\Benign\FragmentInjection-PrivEscalation-Lean-benign.apk,feeb8a32002b97e4e336a414706516f7c06cd12e606447cad492abd3f6f3deb4,completed,7.682,0,2,35,C:\Users\HP\Desktop\phd\mobilesec\backend\ml-model\experiments\apkdeeplens_tool_reports\feeb8a32002b97e4e336a414706516f7c06cd12e606447cad492abd3f6f3deb4\reports\report_FragmentInjection-PrivEscalation-Lean-benign.json,
Ghera,FragmentInjection-PrivEscalation-Lean-malicious.apk,C:\Users\HP\Desktop\phd\ghera apks\ICC\FragmentInjection-PrivEscalation-Lean\Malicious\FragmentInjection-PrivEscalation-Lean-malicious.apk,053a8a7941e9f7598799b68c19ff6ef819fca05c94bf819540bcf71e659f1401,completed,7.678,0,2,35,C:\Users\HP\Desktop\phd\mobilesec\backend\ml-model\experiments\apkdeeplens_tool_reports\053a8a7941e9f7598799b68c19ff6ef819fca05c94bf819540bcf71e659f1401\reports\report_FragmentInjection-PrivEscalation-Lean-malicious.json,
Ghera,FragmentInjection-PrivEscalation-Lean-secure.apk,C:\Users\HP\Desktop\phd\ghera apks\ICC\FragmentInjection-PrivEscalation-Lean\Secure\FragmentInjection-PrivEscalation-Lean-secure.apk,6dc9a12ce5e3285d9036ddc798151241945f94f8da91c1b4a6f981fdc920b5db,completed,7.567,0,2,35,C:\Users\HP\Desktop\phd\mobilesec\backend\ml-model\experiments\apkdeeplens_tool_reports\6dc9a12ce5e3285d9036ddc798151241945f94f8da91c1b4a6f981fdc920b5db\reports\report_FragmentInjection-PrivEscalation-Lean-secure.json,
Ghera,HighPriority-ActivityHijack-Lean-benign.apk,C:\Users\HP\Desktop\phd\ghera apks\ICC\HighPriority-ActivityHijack-Lean\Benign\HighPriority-ActivityHijack-Lean-benign.apk,8888ef738ec8207ca3f82ab80f4e2ade3736df1fa6aa349c2480c139a38bb6f5,completed,8.122,0,2,39,C:\Users\HP\Desktop\phd\mobilesec\backend\ml-model\experiments\apkdeeplens_tool_reports\8888ef738ec8207ca3f82ab80f4e2ade3736df1fa6aa349c2480c139a38bb6f5\reports\report_HighPriority-ActivityHijack-Lean-benign.json,
Ghera,HighPriority-ActivityHijack-Lean-malicious.apk,C:\Users\HP\Desktop\phd\ghera apks\ICC\HighPriority-ActivityHijack-Lean\Malicious\HighPriority-ActivityHijack-Lean-malicious.apk,224bcded06b2c372bb180ece4f18aa4c4615c8f578a064d7c363cd2715a64bf0,completed,7.660,0,2,35,C:\Users\HP\Desktop\phd\mobilesec\backend\ml-model\experiments\apkdeeplens_tool_reports\224bcded06b2c372bb180ece4f18aa4c4615c8f578a064d7c363cd2715a64bf0\reports\report_HighPriority-ActivityHijack-Lean-malicious.json,
Ghera,HighPriority-ActivityHijack-Lean-secure.apk,C:\Users\HP\Desktop\phd\ghera apks\ICC\HighPriority-ActivityHijack-Lean\Secure\HighPriority-ActivityHijack-Lean-secure.apk,631cbb123fcdf3aab065eb15ba2370e195aef945ae54181761b9b3a0b5706fc8,completed,8.094,0,2,39,C:\Users\HP\Desktop\phd\mobilesec\backend\ml-model\experiments\apkdeeplens_tool_reports\631cbb123fcdf3aab065eb15ba2370e195aef945ae54181761b9b3a0b5706fc8\reports\report_HighPriority-ActivityHijack-Lean-secure.json,
Ghera,ImplicitPendingIntent-IntentHijack-Lean-benign.apk,C:\Users\HP\Desktop\phd\ghera apks\ICC\ImplicitPendingIntent-IntentHijack-Lean\Benign\ImplicitPendingIntent-IntentHijack-Lean-benign.apk,0362f276fdf4e6aa2cb79a3e15c14ef872ec152695e5a9a04681192bb57eb155,completed,8.068,0,2,39,C:\Users\HP\Desktop\phd\mobilesec\backend\ml-model\experiments\apkdeeplens_tool_reports\0362f276fdf4e6aa2cb79a3e15c14ef872ec152695e5a9a04681192bb57eb155\reports\report_ImplicitPendingIntent-IntentHijack-Lean-benign.json,
Ghera,ImplicitPendingIntent-IntentHijack-Lean-malicious.apk,C:\Users\HP\Desktop\phd\ghera apks\ICC\ImplicitPendingIntent-IntentHijack-Lean\Malicious\ImplicitPendingIntent-IntentHijack-Lean-malicious.apk,75f713bff4859e3aaa73a1b0a06596959e591d84e45b80e4ce6722ed4576da32,completed,8.126,0,2,43,C:\Users\HP\Desktop\phd\mobilesec\backend\ml-model\experiments\apkdeeplens_tool_reports\75f713bff4859e3aaa73a1b0a06596959e591d84e45b80e4ce6722ed4576da32\reports\report_ImplicitPendingIntent-IntentHijack-Lean-malicious.json,
Ghera,ImplicitPendingIntent-IntentHijack-Lean-secure.apk,C:\Users\HP\Desktop\phd\ghera apks\ICC\ImplicitPendingIntent-IntentHijack-Lean\Secure\ImplicitPendingIntent-IntentHijack-Lean-secure.apk,2cb5c0786ce50c373b2cccbceafcc357e3223bba69fbe8af2e4b258a36770556,completed,8.196,0,2,39,C:\Users\HP\Desktop\phd\mobilesec\backend\ml-model\experiments\apkdeeplens_tool_reports\2cb5c0786ce50c373b2cccbceafcc357e3223bba69fbe8af2e4b258a36770556\reports\report_ImplicitPendingIntent-IntentHijack-Lean-secure.json,
Ghera,InadequatePathPermission-InformationExposure-Lean-benign.apk,C:\Users\HP\Desktop\phd\ghera apks\ICC\InadequatePathPermission-InformationExposure-Lean\Benign\InadequatePathPermission-InformationExposure-Lean-benign.apk,b32386bfb429075bc192e3cbdf9e950c5cd1c4a2b5cd665c51ced0843718d9a3,completed,7.781,0,2,36,C:\Users\HP\Desktop\phd\mobilesec\backend\ml-model\experiments\apkdeeplens_tool_reports\b32386bfb429075bc192e3cbdf9e950c5cd1c4a2b5cd665c51ced0843718d9a3\reports\report_InadequatePathPermission-InformationExposure-Lean-benign.json,
Ghera,InadequatePathPermission-InformationExposure-Lean-malicious.apk,C:\Users\HP\Desktop\phd\ghera apks\ICC\InadequatePathPermission-InformationExposure-Lean\Malicious\InadequatePathPermission-InformationExposure-Lean-malicious.apk,37f8de64b5d8bd8b553549a56c32ed19d7bdd13c6fae9fe2ffe4b11a58a38611,completed,7.722,0,2,35,C:\Users\HP\Desktop\phd\mobilesec\backend\ml-model\experiments\apkdeeplens_tool_reports\37f8de64b5d8bd8b553549a56c32ed19d7bdd13c6fae9fe2ffe4b11a58a38611\reports\report_InadequatePathPermission-InformationExposure-Lean-malicious.json,
Ghera,InadequatePathPermission-InformationExposure-Lean-secure.apk,C:\Users\HP\Desktop\phd\ghera apks\ICC\InadequatePathPermission-InformationExposure-Lean\Secure\InadequatePathPermission-InformationExposure-Lean-secure.apk,900d9bb288d827316350a7121abcffe939c96b44018c59cfc51511672a4611f5,completed,7.781,0,2,35,C:\Users\HP\Desktop\phd\mobilesec\backend\ml-model\experiments\apkdeeplens_tool_reports\900d9bb288d827316350a7121abcffe939c96b44018c59cfc51511672a4611f5\reports\report_InadequatePathPermission-InformationExposure-Lean-secure.json,
Ghera,IncorrectHandlingImplicitIntent-UnauthorizedAccess-Lean-benign.apk,C:\Users\HP\Desktop\phd\ghera apks\ICC\IncorrectHandlingImplicitIntent-UnauthorizedAccess-Lean\Benign\IncorrectHandlingImplicitIntent-UnauthorizedAccess-Lean-benign.apk,071e45c199996e060bcc25da314d24c6545a81b0f62cf615730c835e974b928b,completed,7.765,0,2,35,C:\Users\HP\Desktop\phd\mobilesec\backend\ml-model\experiments\apkdeeplens_tool_reports\071e45c199996e060bcc25da314d24c6545a81b0f62cf615730c835e974b928b\reports\report_IncorrectHandlingImplicitIntent-UnauthorizedAccess-Lean-benign.json,
Ghera,IncorrectHandlingImplicitIntent-UnauthorizedAccess-Lean-malicious.apk,C:\Users\HP\Desktop\phd\ghera apks\ICC\IncorrectHandlingImplicitIntent-UnauthorizedAccess-Lean\Malicious\IncorrectHandlingImplicitIntent-UnauthorizedAccess-Lean-malicious.apk,a0543f1379ddc83cf8e075c428cae09e3183dd8eb73ea1646a3275ad359d4619,completed,7.700,0,2,35,C:\Users\HP\Desktop\phd\mobilesec\backend\ml-model\experiments\apkdeeplens_tool_reports\a0543f1379ddc83cf8e075c428cae09e3183dd8eb73ea1646a3275ad359d4619\reports\report_IncorrectHandlingImplicitIntent-UnauthorizedAccess-Lean-malicious.json,
Ghera,IncorrectHandlingImplicitIntent-UnauthorizedAccess-Lean-secure.apk,C:\Users\HP\Desktop\phd\ghera apks\ICC\IncorrectHandlingImplicitIntent-UnauthorizedAccess-Lean\Secure\IncorrectHandlingImplicitIntent-UnauthorizedAccess-Lean-secure.apk,1f496667c1686e99b0d292105f0e4742465fdd198cf42130c482f565a5ad653e,completed,7.743,0,2,35,C:\Users\HP\Desktop\phd\mobilesec\backend\ml-model\experiments\apkdeeplens_tool_reports\1f496667c1686e99b0d292105f0e4742465fdd198cf42130c482f565a5ad653e\reports\report_IncorrectHandlingImplicitIntent-UnauthorizedAccess-Lean-secure.json,
Ghera,NoValidityCheckOnBroadcastMsg-UnintendedInvocation-Lean-benign.apk,C:\Users\HP\Desktop\phd\ghera apks\ICC\NoValidityCheckOnBroadcastMsg-UnintendedInvocation-Lean\Benign\NoValidityCheckOnBroadcastMsg-UnintendedInvocation-Lean-benign.apk,aff8f169fbefe425f5f2759c2541504c301761e320992bf9dbeb21b79f012f34,completed,7.745,0,2,36,C:\Users\HP\Desktop\phd\mobilesec\backend\ml-model\experiments\apkdeeplens_tool_reports\aff8f169fbefe425f5f2759c2541504c301761e320992bf9dbeb21b79f012f34\reports\report_NoValidityCheckOnBroadcastMsg-UnintendedInvocation-Lean-benign.json,
Ghera,NoValidityCheckOnBroadcastMsg-UnintendedInvocation-Lean-malicious.apk,C:\Users\HP\Desktop\phd\ghera apks\ICC\NoValidityCheckOnBroadcastMsg-UnintendedInvocation-Lean\Malicious\NoValidityCheckOnBroadcastMsg-UnintendedInvocation-Lean-malicious.apk,ca0b1a0e78bd91dcc1a45c4171c3e24ba0bf2f260889685f3a6a09b0336ae313,completed,7.786,0,2,35,C:\Users\HP\Desktop\phd\mobilesec\backend\ml-model\experiments\apkdeeplens_tool_reports\ca0b1a0e78bd91dcc1a45c4171c3e24ba0bf2f260889685f3a6a09b0336ae313\reports\report_NoValidityCheckOnBroadcastMsg-UnintendedInvocation-Lean-malicious.json,
Ghera,NoValidityCheckOnBroadcastMsg-UnintendedInvocation-Lean-secure.apk,C:\Users\HP\Desktop\phd\ghera apks\ICC\NoValidityCheckOnBroadcastMsg-UnintendedInvocation-Lean\Secure\NoValidityCheckOnBroadcastMsg-UnintendedInvocation-Lean-secure.apk,6c937db5d4940775d809374f1ddc08b308d773a73a1d37f13032e8f07c586244,completed,7.823,0,2,36,C:\Users\HP\Desktop\phd\mobilesec\backend\ml-model\experiments\apkdeeplens_tool_reports\6c937db5d4940775d809374f1ddc08b308d773a73a1d37f13032e8f07c586244\reports\report_NoValidityCheckOnBroadcastMsg-UnintendedInvocation-Lean-secure.json,
Ghera,OrderedBroadcast-DataInjection-Lean-benign.apk,C:\Users\HP\Desktop\phd\ghera apks\ICC\OrderedBroadcast-DataInjection-Lean\Benign\OrderedBroadcast-DataInjection-Lean-benign.apk,5db5941c84842059aa01d8ac90c18ab77f68e9879eace8a0d104a632cf039f59,completed,7.826,0,2,36,C:\Users\HP\Desktop\phd\mobilesec\backend\ml-model\experiments\apkdeeplens_tool_reports\5db5941c84842059aa01d8ac90c18ab77f68e9879eace8a0d104a632cf039f59\reports\report_OrderedBroadcast-DataInjection-Lean-benign.json,
Ghera,OrderedBroadcast-DataInjection-Lean-malicious.apk,C:\Users\HP\Desktop\phd\ghera apks\ICC\OrderedBroadcast-DataInjection-Lean\Malicious\OrderedBroadcast-DataInjection-Lean-malicious.apk,9b91a6fc36211ed68e78046028685ab741aaf2ac9bb0112c2d2869c07858f8b8,completed,7.856,0,2,36,C:\Users\HP\Desktop\phd\mobilesec\backend\ml-model\experiments\apkdeeplens_tool_reports\9b91a6fc36211ed68e78046028685ab741aaf2ac9bb0112c2d2869c07858f8b8\reports\report_OrderedBroadcast-DataInjection-Lean-malicious.json,
Ghera,OrderedBroadcast-DataInjection-Lean-secure.apk,C:\Users\HP\Desktop\phd\ghera apks\ICC\OrderedBroadcast-DataInjection-Lean\Secure\OrderedBroadcast-DataInjection-Lean-secure.apk,3c98130480b9efd9d39c490c7af6ad6d82ca7bcd5edbfc62b7ec1c7bd985e211,completed,7.779,0,2,36,C:\Users\HP\Desktop\phd\mobilesec\backend\ml-model\experiments\apkdeeplens_tool_reports\3c98130480b9efd9d39c490c7af6ad6d82ca7bcd5edbfc62b7ec1c7bd985e211\reports\report_OrderedBroadcast-DataInjection-Lean-secure.json,
Ghera,StickyBroadcast-DataInjection-Lean-benign.apk,C:\Users\HP\Desktop\phd\ghera apks\ICC\StickyBroadcast-DataInjection-Lean\Benign\StickyBroadcast-DataInjection-Lean-benign.apk,b9f264b4bd8d5522a357ed81449dc52e239778e712d53f4b3c0fa58159f6fdcd,completed,8.241,0,2,40,C:\Users\HP\Desktop\phd\mobilesec\backend\ml-model\experiments\apkdeeplens_tool_reports\b9f264b4bd8d5522a357ed81449dc52e239778e712d53f4b3c0fa58159f6fdcd\reports\report_StickyBroadcast-DataInjection-Lean-benign.json,
Ghera,StickyBroadcast-DataInjection-Lean-malicious.apk,C:\Users\HP\Desktop\phd\ghera apks\ICC\StickyBroadcast-DataInjection-Lean\Malicious\StickyBroadcast-DataInjection-Lean-malicious.apk,c09d5829d71051f2ac352d048992691032e46864125ea3ed2e65a22abef4d6a4,completed,8.996,0,2,40,C:\Users\HP\Desktop\phd\mobilesec\backend\ml-model\experiments\apkdeeplens_tool_reports\c09d5829d71051f2ac352d048992691032e46864125ea3ed2e65a22abef4d6a4\reports\report_StickyBroadcast-DataInjection-Lean-malicious.json,
Ghera,StickyBroadcast-DataInjection-Lean-secure.apk,C:\Users\HP\Desktop\phd\ghera apks\ICC\StickyBroadcast-DataInjection-Lean\Secure\StickyBroadcast-DataInjection-Lean-secure.apk,d1f72a68a2f35c1a9415e1a6b1dc08c75243f2da1772474144f9c87058345c79,completed,8.363,0,2,39,C:\Users\HP\Desktop\phd\mobilesec\backend\ml-model\experiments\apkdeeplens_tool_reports\d1f72a68a2f35c1a9415e1a6b1dc08c75243f2da1772474144f9c87058345c79\reports\report_StickyBroadcast-DataInjection-Lean-secure.json,
Ghera,TaskAffinity-ActivityHijack-Lean-benign.apk,C:\Users\HP\Desktop\phd\ghera apks\ICC\TaskAffinity-ActivityHijack-Lean\Benign\TaskAffinity-ActivityHijack-Lean-benign.apk,943ffdb8f8930e3d696e00008694c758a7030f05f29bcebfc0505e3084b07598,completed,8.343,0,2,40,C:\Users\HP\Desktop\phd\mobilesec\backend\ml-model\experiments\apkdeeplens_tool_reports\943ffdb8f8930e3d696e00008694c758a7030f05f29bcebfc0505e3084b07598\reports\report_TaskAffinity-ActivityHijack-Lean-benign.json,
Ghera,TaskAffinity-ActivityHijack-Lean-malicious.apk,C:\Users\HP\Desktop\phd\ghera apks\ICC\TaskAffinity-ActivityHijack-Lean\Malicious\TaskAffinity-ActivityHijack-Lean-malicious.apk,8485d72cb0a9f45e786bd56f0cb5cc29236c704371e0f7408baf950c30d08fe9,completed,7.841,0,2,37,C:\Users\HP\Desktop\phd\mobilesec\backend\ml-model\experiments\apkdeeplens_tool_reports\8485d72cb0a9f45e786bd56f0cb5cc29236c704371e0f7408baf950c30d08fe9\reports\report_TaskAffinity-ActivityHijack-Lean-malicious.json,
Ghera,TaskAffinity-ActivityHijack-Lean-secure.apk,C:\Users\HP\Desktop\phd\ghera apks\ICC\TaskAffinity-ActivityHijack-Lean\Secure\TaskAffinity-ActivityHijack-Lean-secure.apk,c3cbe6442fd0deefcac214b40d5ab931748acc293ae4462708fcf70b9a87d7b9,completed,8.255,0,2,39,C:\Users\HP\Desktop\phd\mobilesec\backend\ml-model\experiments\apkdeeplens_tool_reports\c3cbe6442fd0deefcac214b40d5ab931748acc293ae4462708fcf70b9a87d7b9\reports\report_TaskAffinity-ActivityHijack-Lean-secure.json,
Ghera,TaskAffinity-LauncherActivity-PhishingAttack-Lean-benign.apk,C:\Users\HP\Desktop\phd\ghera apks\ICC\TaskAffinity-LauncherActivity-PhishingAttack-Lean\Benign\TaskAffinity-LauncherActivity-PhishingAttack-Lean-benign.apk,319d61233b2a458605df2c9bc0df955fb489019d26e794a5d665b767011bc7d2,completed,8.653,0,2,39,C:\Users\HP\Desktop\phd\mobilesec\backend\ml-model\experiments\apkdeeplens_tool_reports\319d61233b2a458605df2c9bc0df955fb489019d26e794a5d665b767011bc7d2\reports\report_TaskAffinity-LauncherActivity-PhishingAttack-Lean-benign.json,
Ghera,TaskAffinity-LauncherActivity-PhishingAttack-Lean-malicious.apk,C:\Users\HP\Desktop\phd\ghera apks\ICC\TaskAffinity-LauncherActivity-PhishingAttack-Lean\Malicious\TaskAffinity-LauncherActivity-PhishingAttack-Lean-malicious.apk,36ac2608cbd505576767ade5de85cf178ded9875f6b45545d90e5ab42b7e9e8a,completed,7.841,0,2,36,C:\Users\HP\Desktop\phd\mobilesec\backend\ml-model\experiments\apkdeeplens_tool_reports\36ac2608cbd505576767ade5de85cf178ded9875f6b45545d90e5ab42b7e9e8a\reports\report_TaskAffinity-LauncherActivity-PhishingAttack-Lean-malicious.json,
Ghera,TaskAffinity-LauncherActivity-PhishingAttack-Lean-secure.apk,C:\Users\HP\Desktop\phd\ghera apks\ICC\TaskAffinity-LauncherActivity-PhishingAttack-Lean\Secure\TaskAffinity-LauncherActivity-PhishingAttack-Lean-secure.apk,656a2945d60e1cb4d5b212da74dfd1c8467442f36cf9bbb591ce8616ae09acf3,completed,8.262,0,2,39,C:\Users\HP\Desktop\phd\mobilesec\backend\ml-model\experiments\apkdeeplens_tool_reports\656a2945d60e1cb4d5b212da74dfd1c8467442f36cf9bbb591ce8616ae09acf3\reports\report_TaskAffinity-LauncherActivity-PhishingAttack-Lean-secure.json,
Ghera,TaskAffinity-PhishingAttack-Lean-benign.apk,C:\Users\HP\Desktop\phd\ghera apks\ICC\TaskAffinity-PhishingAttack-Lean\Benign\TaskAffinity-PhishingAttack-Lean-benign.apk,1c9c962e1cdbb329429f49a91306b364bc6ba04676f34cbf75d91d2350c482a9,completed,8.406,0,2,40,C:\Users\HP\Desktop\phd\mobilesec\backend\ml-model\experiments\apkdeeplens_tool_reports\1c9c962e1cdbb329429f49a91306b364bc6ba04676f34cbf75d91d2350c482a9\reports\report_TaskAffinity-PhishingAttack-Lean-benign.json,
Ghera,TaskAffinity-PhishingAttack-Lean-malicious.apk,C:\Users\HP\Desktop\phd\ghera apks\ICC\TaskAffinity-PhishingAttack-Lean\Malicious\TaskAffinity-PhishingAttack-Lean-malicious.apk,9b9484ec6a9d15b87d411f78cec438b805ad25b159e7d821809bae6a5dd51163,completed,8.160,0,2,37,C:\Users\HP\Desktop\phd\mobilesec\backend\ml-model\experiments\apkdeeplens_tool_reports\9b9484ec6a9d15b87d411f78cec438b805ad25b159e7d821809bae6a5dd51163\reports\report_TaskAffinity-PhishingAttack-Lean-malicious.json,
Ghera,TaskAffinity-PhishingAttack-Lean-secure.apk,C:\Users\HP\Desktop\phd\ghera apks\ICC\TaskAffinity-PhishingAttack-Lean\Secure\TaskAffinity-PhishingAttack-Lean-secure.apk,a6693bb3bec37d1359aae4b3fe9b9f989946577f8ebc01efc3be945b9da90196,completed,8.319,0,2,39,C:\Users\HP\Desktop\phd\mobilesec\backend\ml-model\experiments\apkdeeplens_tool_reports\a6693bb3bec37d1359aae4b3fe9b9f989946577f8ebc01efc3be945b9da90196\reports\report_TaskAffinity-PhishingAttack-Lean-secure.json,
Ghera,TaskAffinityAndReparenting-PhishingAndDoSAttack-Lean-benign.apk,C:\Users\HP\Desktop\phd\ghera apks\ICC\TaskAffinityAndReparenting-PhishingAndDoSAttack-Lean\Benign\TaskAffinityAndReparenting-PhishingAndDoSAttack-Lean-benign.apk,a7062a2c1c31941ae7a184ba8be6d6d13a971428a8812b162228a98986bc6f15,completed,7.896,0,2,35,C:\Users\HP\Desktop\phd\mobilesec\backend\ml-model\experiments\apkdeeplens_tool_reports\a7062a2c1c31941ae7a184ba8be6d6d13a971428a8812b162228a98986bc6f15\reports\report_TaskAffinityAndReparenting-PhishingAndDoSAttack-Lean-benign.json,
Ghera,TaskAffinityAndReparenting-PhishingAndDoSAttack-Lean-malicious.apk,C:\Users\HP\Desktop\phd\ghera apks\ICC\TaskAffinityAndReparenting-PhishingAndDoSAttack-Lean\Malicious\TaskAffinityAndReparenting-PhishingAndDoSAttack-Lean-malicious.apk,cb695f446b256bcf5ceb01c4676c3ab5e58dd28f55cd540b0e00fce083485046,completed,7.841,0,2,37,C:\Users\HP\Desktop\phd\mobilesec\backend\ml-model\experiments\apkdeeplens_tool_reports\cb695f446b256bcf5ceb01c4676c3ab5e58dd28f55cd540b0e00fce083485046\reports\report_TaskAffinityAndReparenting-PhishingAndDoSAttack-Lean-malicious.json,
Ghera,TaskAffinityAndReparenting-PhishingAndDoSAttack-Lean-secure.apk,C:\Users\HP\Desktop\phd\ghera apks\ICC\TaskAffinityAndReparenting-PhishingAndDoSAttack-Lean\Secure\TaskAffinityAndReparenting-PhishingAndDoSAttack-Lean-secure.apk,f166edc18cbd7fa754badb164182705bcab7f63d0a6ef7d7dbd32ec8e3b7b9c7,completed,7.975,0,2,35,C:\Users\HP\Desktop\phd\mobilesec\backend\ml-model\experiments\apkdeeplens_tool_reports\f166edc18cbd7fa754badb164182705bcab7f63d0a6ef7d7dbd32ec8e3b7b9c7\reports\report_TaskAffinityAndReparenting-PhishingAndDoSAttack-Lean-secure.json,
Ghera,UnhandledException-DOS-Lean-benign.apk,C:\Users\HP\Desktop\phd\ghera apks\ICC\UnhandledException-DOS-Lean\Benign\UnhandledException-DOS-Lean-benign.apk,b99511661fd22b2e1dc1bc36d4fabc812e26626a9d077f66dbb426fd8e7b68cf,completed,7.878,0,2,28,C:\Users\HP\Desktop\phd\mobilesec\backend\ml-model\experiments\apkdeeplens_tool_reports\b99511661fd22b2e1dc1bc36d4fabc812e26626a9d077f66dbb426fd8e7b68cf\reports\report_UnhandledException-DOS-Lean-benign.json,
Ghera,UnhandledException-DOS-Lean-malicious.apk,C:\Users\HP\Desktop\phd\ghera apks\ICC\UnhandledException-DOS-Lean\Malicious\UnhandledException-DOS-Lean-malicious.apk,5ab6c3cfbbd5627a75571e21a1e17e21b15916df0de9dec7c8cf724663945d69,completed,8.303,0,2,32,C:\Users\HP\Desktop\phd\mobilesec\backend\ml-model\experiments\apkdeeplens_tool_reports\5ab6c3cfbbd5627a75571e21a1e17e21b15916df0de9dec7c8cf724663945d69\reports\report_UnhandledException-DOS-Lean-malicious.json,
Ghera,UnhandledException-DOS-Lean-secure.apk,C:\Users\HP\Desktop\phd\ghera apks\ICC\UnhandledException-DOS-Lean\Secure\UnhandledException-DOS-Lean-secure.apk,d0cc31055e92d757b7c3638efcca578532cc71e0d3c1e1c32439d505cfb2b72f,completed,7.738,0,2,28,C:\Users\HP\Desktop\phd\mobilesec\backend\ml-model\experiments\apkdeeplens_tool_reports\d0cc31055e92d757b7c3638efcca578532cc71e0d3c1e1c32439d505cfb2b72f\reports\report_UnhandledException-DOS-Lean-secure.json,
Ghera,Mms.apk,C:\Users\HP\Desktop\phd\ghera apks\ICC\UnprotectedBroadcastRecv-PrivEscalation-Fat\Mms.apk,2a72c3309db27bd1246e253eae983b04f82427437ec66cebbbb8e4d2a02ae065,completed,7.910,0,4,66,C:\Users\HP\Desktop\phd\mobilesec\backend\ml-model\experiments\apkdeeplens_tool_reports\2a72c3309db27bd1246e253eae983b04f82427437ec66cebbbb8e4d2a02ae065\reports\report_Mms.json,
Ghera,UnprotectedBroadcastRecv-PrivEscalation-Lean-benign.apk,C:\Users\HP\Desktop\phd\ghera apks\ICC\UnprotectedBroadcastRecv-PrivEscalation-Lean\Benign\UnprotectedBroadcastRecv-PrivEscalation-Lean-benign.apk,d9b0d0cafd430c8c6dab05a256fd27be7043f01c7c8c16289822883dadccb79e,completed,8.242,0,2,36,C:\Users\HP\Desktop\phd\mobilesec\backend\ml-model\experiments\apkdeeplens_tool_reports\d9b0d0cafd430c8c6dab05a256fd27be7043f01c7c8c16289822883dadccb79e\reports\report_UnprotectedBroadcastRecv-PrivEscalation-Lean-benign.json,
Ghera,UnprotectedBroadcastRecv-PrivEscalation-Lean-malicious.apk,C:\Users\HP\Desktop\phd\ghera apks\ICC\UnprotectedBroadcastRecv-PrivEscalation-Lean\Malicious\UnprotectedBroadcastRecv-PrivEscalation-Lean-malicious.apk,19f8806236f65e9351b3de6e48555973b3f87a4e33b120c56159d3358c088d5f,completed,7.869,0,2,35,C:\Users\HP\Desktop\phd\mobilesec\backend\ml-model\experiments\apkdeeplens_tool_reports\19f8806236f65e9351b3de6e48555973b3f87a4e33b120c56159d3358c088d5f\reports\report_UnprotectedBroadcastRecv-PrivEscalation-Lean-malicious.json,
Ghera,UnprotectedBroadcastRecv-PrivEscalation-Lean-secure.apk,C:\Users\HP\Desktop\phd\ghera apks\ICC\UnprotectedBroadcastRecv-PrivEscalation-Lean\Secure\UnprotectedBroadcastRecv-PrivEscalation-Lean-secure.apk,85c550851c3b0d67ab610c47a60b60ce4cd41f754336692d8461e7f917d41ea7,completed,8.011,0,2,35,C:\Users\HP\Desktop\phd\mobilesec\backend\ml-model\experiments\apkdeeplens_tool_reports\85c550851c3b0d67ab610c47a60b60ce4cd41f754336692d8461e7f917d41ea7\reports\report_UnprotectedBroadcastRecv-PrivEscalation-Lean-secure.json,
Ghera,WeakChecksOnDynamicInvocation-DataInjection-Lean-benign.apk,C:\Users\HP\Desktop\phd\ghera apks\ICC\WeakChecksOnDynamicInvocation-DataInjection-Lean\Benign\WeakChecksOnDynamicInvocation-DataInjection-Lean-benign.apk,018349e8217f0e1d7dba55e5769c3340922780da0df827c967063c5173b6aec8,completed,8.007,0,2,38,C:\Users\HP\Desktop\phd\mobilesec\backend\ml-model\experiments\apkdeeplens_tool_reports\018349e8217f0e1d7dba55e5769c3340922780da0df827c967063c5173b6aec8\reports\report_WeakChecksOnDynamicInvocation-DataInjection-Lean-benign.json,
Ghera,WeakChecksOnDynamicInvocation-DataInjection-Lean-malicious.apk,C:\Users\HP\Desktop\phd\ghera apks\ICC\WeakChecksOnDynamicInvocation-DataInjection-Lean\Malicious\WeakChecksOnDynamicInvocation-DataInjection-Lean-malicious.apk,d287f5b7c3a2c05969a6793c361cb06caf51043459c5aa1c5145ef85f1964b31,completed,7.947,0,2,35,C:\Users\HP\Desktop\phd\mobilesec\backend\ml-model\experiments\apkdeeplens_tool_reports\d287f5b7c3a2c05969a6793c361cb06caf51043459c5aa1c5145ef85f1964b31\reports\report_WeakChecksOnDynamicInvocation-DataInjection-Lean-malicious.json,
Ghera,WeakChecksOnDynamicInvocation-DataInjection-Lean-secure.apk,C:\Users\HP\Desktop\phd\ghera apks\ICC\WeakChecksOnDynamicInvocation-DataInjection-Lean\Secure\WeakChecksOnDynamicInvocation-DataInjection-Lean-secure.apk,8312a8a08e41e54cc0c8686672fcc80fb2970afdec47f24620e5fea0ba0a0408,completed,7.939,0,2,37,C:\Users\HP\Desktop\phd\mobilesec\backend\ml-model\experiments\apkdeeplens_tool_reports\8312a8a08e41e54cc0c8686672fcc80fb2970afdec47f24620e5fea0ba0a0408\reports\report_WeakChecksOnDynamicInvocation-DataInjection-Lean-secure.json,
Ghera,CheckValidity-InformationExposure-Lean-benign.apk,C:\Users\HP\Desktop\phd\ghera apks\Networking\CheckValidity-InformationExposure-Lean\Benign\CheckValidity-InformationExposure-Lean-benign.apk,5a4779bc254c19dffb5370bfce4f12d44daf35ba7fa52ff8c0676c254e06bba7,completed,8.467,0,9,48,C:\Users\HP\Desktop\phd\mobilesec\backend\ml-model\experiments\apkdeeplens_tool_reports\5a4779bc254c19dffb5370bfce4f12d44daf35ba7fa52ff8c0676c254e06bba7\reports\report_CheckValidity-InformationExposure-Lean-benign.json,
Ghera,CheckValidity-InformationExposure-Lean-secure.apk,C:\Users\HP\Desktop\phd\ghera apks\Networking\CheckValidity-InformationExposure-Lean\Secure\CheckValidity-InformationExposure-Lean-secure.apk,b84ffdd09c351f4e7de110c4955a0c989332d04a4874332f5b75d2ca51b61a2f,completed,7.921,0,9,45,C:\Users\HP\Desktop\phd\mobilesec\backend\ml-model\experiments\apkdeeplens_tool_reports\b84ffdd09c351f4e7de110c4955a0c989332d04a4874332f5b75d2ca51b61a2f\reports\report_CheckValidity-InformationExposure-Lean-secure.json,
Ghera,IncorrectHostNameVerification-MITM-Lean-benign.apk,C:\Users\HP\Desktop\phd\ghera apks\Networking\IncorrectHostNameVerification-MITM-Lean\Benign\IncorrectHostNameVerification-MITM-Lean-benign.apk,d107ada1507e85c10bde5beb5dd687dfe6edcdd2c48a38fa23b11a0b98cfdebe,completed,8.464,0,9,48,C:\Users\HP\Desktop\phd\mobilesec\backend\ml-model\experiments\apkdeeplens_tool_reports\d107ada1507e85c10bde5beb5dd687dfe6edcdd2c48a38fa23b11a0b98cfdebe\reports\report_IncorrectHostNameVerification-MITM-Lean-benign.json,
Ghera,IncorrectHostNameVerification-MITM-Lean-secure.apk,C:\Users\HP\Desktop\phd\ghera apks\Networking\IncorrectHostNameVerification-MITM-Lean\Secure\IncorrectHostNameVerification-MITM-Lean-secure.apk,b34eb8b7e576cff51bfd9de9abff84d91e3359f518573c2e6f2e2aeffe6e3e98,completed,7.843,0,2,37,C:\Users\HP\Desktop\phd\mobilesec\backend\ml-model\experiments\apkdeeplens_tool_reports\b34eb8b7e576cff51bfd9de9abff84d91e3359f518573c2e6f2e2aeffe6e3e98\reports\report_IncorrectHostNameVerification-MITM-Lean-secure.json,
Ghera,InsecureSSLSocket-MITM-Lean-benign.apk,C:\Users\HP\Desktop\phd\ghera apks\Networking\InsecureSSLSocket-MITM-Lean\Benign\InsecureSSLSocket-MITM-Lean-benign.apk,966c0e69eee013f2904610f5290a5e57d5a4d7ab7fd873d0dafde190b53a1907,completed,8.301,0,11,50,C:\Users\HP\Desktop\phd\mobilesec\backend\ml-model\experiments\apkdeeplens_tool_reports\966c0e69eee013f2904610f5290a5e57d5a4d7ab7fd873d0dafde190b53a1907\reports\report_InsecureSSLSocket-MITM-Lean-benign.json,
Ghera,InsecureSSLSocket-MITM-Lean-secure.apk,C:\Users\HP\Desktop\phd\ghera apks\Networking\InsecureSSLSocket-MITM-Lean\Secure\InsecureSSLSocket-MITM-Lean-secure.apk,d7720288e975254b36d91bdb659a51dca30f771255ab7b71ff68c99c8f0e233e,completed,8.496,0,11,49,C:\Users\HP\Desktop\phd\mobilesec\backend\ml-model\experiments\apkdeeplens_tool_reports\d7720288e975254b36d91bdb659a51dca30f771255ab7b71ff68c99c8f0e233e\reports\report_InsecureSSLSocket-MITM-Lean-secure.json,
Ghera,InsecureSSLSocketFactory-MITM-Lean-benign.apk,C:\Users\HP\Desktop\phd\ghera apks\Networking\InsecureSSLSocketFactory-MITM-Lean\Benign\InsecureSSLSocketFactory-MITM-Lean-benign.apk,1552e9ad4334e81eb36cbbea0d7b912d8b8cf7b9689be37e193d7d020c62f8e0,completed,8.428,0,2,41,C:\Users\HP\Desktop\phd\mobilesec\backend\ml-model\experiments\apkdeeplens_tool_reports\1552e9ad4334e81eb36cbbea0d7b912d8b8cf7b9689be37e193d7d020c62f8e0\reports\report_InsecureSSLSocketFactory-MITM-Lean-benign.json,
Ghera,InsecureSSLSocketFactory-MITM-Lean-secure.apk,C:\Users\HP\Desktop\phd\ghera apks\Networking\InsecureSSLSocketFactory-MITM-Lean\Secure\InsecureSSLSocketFactory-MITM-Lean-secure.apk,2a6e467a82476a79e6164e646a0c85e68543d2748190ad57173c3b1b92d139bf,completed,7.901,0,2,37,C:\Users\HP\Desktop\phd\mobilesec\backend\ml-model\experiments\apkdeeplens_tool_reports\2a6e467a82476a79e6164e646a0c85e68543d2748190ad57173c3b1b92d139bf\reports\report_InsecureSSLSocketFactory-MITM-Lean-secure.json,
Ghera,InvalidCertificateAuthority-MITM-Lean-benign.apk,C:\Users\HP\Desktop\phd\ghera apks\Networking\InvalidCertificateAuthority-MITM-Lean\Benign\InvalidCertificateAuthority-MITM-Lean-benign.apk,01855d12c0c7267d152751e0b77adc7be8fa3d210d048cbab16ff65643ecabeb,completed,8.640,0,9,48,C:\Users\HP\Desktop\phd\mobilesec\backend\ml-model\experiments\apkdeeplens_tool_reports\01855d12c0c7267d152751e0b77adc7be8fa3d210d048cbab16ff65643ecabeb\reports\report_InvalidCertificateAuthority-MITM-Lean-benign.json,
Ghera,InvalidCertificateAuthority-MITM-Lean-secure.apk,C:\Users\HP\Desktop\phd\ghera apks\Networking\InvalidCertificateAuthority-MITM-Lean\Secure\InvalidCertificateAuthority-MITM-Lean-secure.apk,913e9a5217c5296542c7714c5726e98459b6323ea67e4e314d8b0616b70bb19b,completed,7.983,0,2,38,C:\Users\HP\Desktop\phd\mobilesec\backend\ml-model\experiments\apkdeeplens_tool_reports\913e9a5217c5296542c7714c5726e98459b6323ea67e4e314d8b0616b70bb19b\reports\report_InvalidCertificateAuthority-MITM-Lean-secure.json,
Ghera,OpenSocket-InformationLeak-Lean-benign.apk,C:\Users\HP\Desktop\phd\ghera apks\Networking\OpenSocket-InformationLeak-Lean\Benign\OpenSocket-InformationLeak-Lean-benign.apk,47908220d7cdf2e3eeed59f387c354acc508f25f4517676e0352930bb99ee0c9,completed,8.005,0,2,36,C:\Users\HP\Desktop\phd\mobilesec\backend\ml-model\experiments\apkdeeplens_tool_reports\47908220d7cdf2e3eeed59f387c354acc508f25f4517676e0352930bb99ee0c9\reports\report_OpenSocket-InformationLeak-Lean-benign.json,
Ghera,OpenSocket-InformationLeak-Lean-malicious.apk,C:\Users\HP\Desktop\phd\ghera apks\Networking\OpenSocket-InformationLeak-Lean\Malicious\OpenSocket-InformationLeak-Lean-malicious.apk,407a5dea3412b93a3db4a1a275e359f528637f1f97797995dfce2a53102d0bf0,completed,8.005,0,2,36,C:\Users\HP\Desktop\phd\mobilesec\backend\ml-model\experiments\apkdeeplens_tool_reports\407a5dea3412b93a3db4a1a275e359f528637f1f97797995dfce2a53102d0bf0\reports\report_OpenSocket-InformationLeak-Lean-malicious.json,
Ghera,OpenSocket-InformationLeak-Lean-secure.apk,C:\Users\HP\Desktop\phd\ghera apks\Networking\OpenSocket-InformationLeak-Lean\Secure\OpenSocket-InformationLeak-Lean-secure.apk,0aa94d6e4650df78ebed474f09e3a88bb83112edc42ddb4e8b27328a1e471265,completed,9.517,0,2,37,C:\Users\HP\Desktop\phd\mobilesec\backend\ml-model\experiments\apkdeeplens_tool_reports\0aa94d6e4650df78ebed474f09e3a88bb83112edc42ddb4e8b27328a1e471265\reports\report_OpenSocket-InformationLeak-Lean-secure.json,
Ghera,UnEncryptedSocketComm-MITM-Lean-benign.apk,C:\Users\HP\Desktop\phd\ghera apks\Networking\UnEncryptedSocketComm-MITM-Lean\Benign\UnEncryptedSocketComm-MITM-Lean-benign.apk,1580dbe5c243a9709967748a3fc85acc6303de5dfc48d829baa548839e318785,completed,7.973,0,2,36,C:\Users\HP\Desktop\phd\mobilesec\backend\ml-model\experiments\apkdeeplens_tool_reports\1580dbe5c243a9709967748a3fc85acc6303de5dfc48d829baa548839e318785\reports\report_UnEncryptedSocketComm-MITM-Lean-benign.json,
Ghera,UnEncryptedSocketComm-MITM-Lean-secure.apk,C:\Users\HP\Desktop\phd\ghera apks\Networking\UnEncryptedSocketComm-MITM-Lean\Secure\UnEncryptedSocketComm-MITM-Lean-secure.apk,1baa4cd820f06d86b67a214759eba386ae591dfbed4671d6e4abea09b59c44d7,completed,7.862,0,2,35,C:\Users\HP\Desktop\phd\mobilesec\backend\ml-model\experiments\apkdeeplens_tool_reports\1baa4cd820f06d86b67a214759eba386ae591dfbed4671d6e4abea09b59c44d7\reports\report_UnEncryptedSocketComm-MITM-Lean-secure.json,
Ghera,UnpinnedCertificates-MITM-Lean-benign.apk,C:\Users\HP\Desktop\phd\ghera apks\Networking\UnpinnedCertificates-MITM-Lean\Benign\UnpinnedCertificates-MITM-Lean-benign.apk,70ec0f1e77282d2494b3573687987f96b4a61e24f26f915d7863d1e77ce2279a,completed,8.468,0,11,49,C:\Users\HP\Desktop\phd\mobilesec\backend\ml-model\experiments\apkdeeplens_tool_reports\70ec0f1e77282d2494b3573687987f96b4a61e24f26f915d7863d1e77ce2279a\reports\report_UnpinnedCertificates-MITM-Lean-benign.json,
Ghera,UnpinnedCertificates-MITM-Lean-secure.apk,C:\Users\HP\Desktop\phd\ghera apks\Networking\UnpinnedCertificates-MITM-Lean\Secure\UnpinnedCertificates-MITM-Lean-secure.apk,b5a5a6017d677ac55be1116904cfa10cdb882b75f11ed493a7f73098b73b0a7a,completed,7.909,0,2,36,C:\Users\HP\Desktop\phd\mobilesec\backend\ml-model\experiments\apkdeeplens_tool_reports\b5a5a6017d677ac55be1116904cfa10cdb882b75f11ed493a7f73098b73b0a7a\reports\report_UnpinnedCertificates-MITM-Lean-secure.json,
Ghera,MergeManifest-UnintendedBehavior-Lean-benign.apk,C:\Users\HP\Desktop\phd\ghera apks\NonAPI\MergeManifest-UnintendedBehavior-Lean\Benign\MergeManifest-UnintendedBehavior-Lean-benign.apk,5f59f1e563341c89febc81a1e0548940a32acc13f71550742e4a9026a87b9a08,completed,8.557,0,2,40,C:\Users\HP\Desktop\phd\mobilesec\backend\ml-model\experiments\apkdeeplens_tool_reports\5f59f1e563341c89febc81a1e0548940a32acc13f71550742e4a9026a87b9a08\reports\report_MergeManifest-UnintendedBehavior-Lean-benign.json,
Ghera,MergeManifest-UnintendedBehavior-Lean-malicious.apk,C:\Users\HP\Desktop\phd\ghera apks\NonAPI\MergeManifest-UnintendedBehavior-Lean\Malicious\MergeManifest-UnintendedBehavior-Lean-malicious.apk,ea294972b8131cba275b0470da9fb57a956fb61790e5ba83c0d33bd0f5bfeaf0,completed,8.015,0,2,35,C:\Users\HP\Desktop\phd\mobilesec\backend\ml-model\experiments\apkdeeplens_tool_reports\ea294972b8131cba275b0470da9fb57a956fb61790e5ba83c0d33bd0f5bfeaf0\reports\report_MergeManifest-UnintendedBehavior-Lean-malicious.json,
Ghera,OutdatedLibrary-DirectoryTraversal-Lean-benign.apk,C:\Users\HP\Desktop\phd\ghera apks\NonAPI\OutdatedLibrary-DirectoryTraversal-Lean\Benign\OutdatedLibrary-DirectoryTraversal-Lean-benign.apk,984642ff53ac116b3555b7bd0345590d6b288d1362ae49ac29d6ebc20a0833b1,completed,8.064,0,2,35,C:\Users\HP\Desktop\phd\mobilesec\backend\ml-model\experiments\apkdeeplens_tool_reports\984642ff53ac116b3555b7bd0345590d6b288d1362ae49ac29d6ebc20a0833b1\reports\report_OutdatedLibrary-DirectoryTraversal-Lean-benign.json,
Ghera,OutdatedLibrary-DirectoryTraversal-Lean-malicious.apk,C:\Users\HP\Desktop\phd\ghera apks\NonAPI\OutdatedLibrary-DirectoryTraversal-Lean\Malicious\OutdatedLibrary-DirectoryTraversal-Lean-malicious.apk,b49dcb11fadad2e9354df516a7076852dab28040f056e9a9b4ab302497a6de89,completed,7.824,0,2,35,C:\Users\HP\Desktop\phd\mobilesec\backend\ml-model\experiments\apkdeeplens_tool_reports\b49dcb11fadad2e9354df516a7076852dab28040f056e9a9b4ab302497a6de89\reports\report_OutdatedLibrary-DirectoryTraversal-Lean-malicious.json,
Ghera,OutdatedLibrary-DirectoryTraversal-Lean-secure.apk,C:\Users\HP\Desktop\phd\ghera apks\NonAPI\OutdatedLibrary-DirectoryTraversal-Lean\Secure\OutdatedLibrary-DirectoryTraversal-Lean-secure.apk,2b01d91a8a3830a12f45ed040b94a48f37b8caa28b7633652b4f73bb0bbd1cfa,completed,8.241,0,2,35,C:\Users\HP\Desktop\phd\mobilesec\backend\ml-model\experiments\apkdeeplens_tool_reports\2b01d91a8a3830a12f45ed040b94a48f37b8caa28b7633652b4f73bb0bbd1cfa\reports\report_OutdatedLibrary-DirectoryTraversal-Lean-secure.json,
Ghera,UnnecesaryPerms-PrivEscalation-Lean-benign.apk,C:\Users\HP\Desktop\phd\ghera apks\Permission\UnnecesaryPerms-PrivEscalation-Lean\Benign\UnnecesaryPerms-PrivEscalation-Lean-benign.apk,e43305bf738bafb9b812d17f9baaa4088ad35025d82fb9c9ad4d903cf22a4c3b,completed,8.260,0,2,40,C:\Users\HP\Desktop\phd\mobilesec\backend\ml-model\experiments\apkdeeplens_tool_reports\e43305bf738bafb9b812d17f9baaa4088ad35025d82fb9c9ad4d903cf22a4c3b\reports\report_UnnecesaryPerms-PrivEscalation-Lean-benign.json,
Ghera,UnnecesaryPerms-PrivEscalation-Lean-malicious.apk,C:\Users\HP\Desktop\phd\ghera apks\Permission\UnnecesaryPerms-PrivEscalation-Lean\Malicious\UnnecesaryPerms-PrivEscalation-Lean-malicious.apk,b863e4ca422cb01276b27b6668a3fcc1260ec3280ce3aafb364eea9064a06a33,completed,7.800,0,2,35,C:\Users\HP\Desktop\phd\mobilesec\backend\ml-model\experiments\apkdeeplens_tool_reports\b863e4ca422cb01276b27b6668a3fcc1260ec3280ce3aafb364eea9064a06a33\reports\report_UnnecesaryPerms-PrivEscalation-Lean-malicious.json,
Ghera,UnnecesaryPerms-PrivEscalation-Lean-secure.apk,C:\Users\HP\Desktop\phd\ghera apks\Permission\UnnecesaryPerms-PrivEscalation-Lean\Secure\UnnecesaryPerms-PrivEscalation-Lean-secure.apk,4c67f1211784834bf4cc4d475e3f16057007dde303395e61c4bc397d219a5ee1,completed,8.427,0,2,40,C:\Users\HP\Desktop\phd\mobilesec\backend\ml-model\experiments\apkdeeplens_tool_reports\4c67f1211784834bf4cc4d475e3f16057007dde303395e61c4bc397d219a5ee1\reports\report_UnnecesaryPerms-PrivEscalation-Lean-secure.json,
Ghera,WeakPermission-UnauthorizedAccess-Lean-benign.apk,C:\Users\HP\Desktop\phd\ghera apks\Permission\WeakPermission-UnauthorizedAccess-Lean\Benign\WeakPermission-UnauthorizedAccess-Lean-benign.apk,e6fc8459de91ec409e557c6d7d6223054072c5c3446f198a3228b4c78bb4876a,completed,7.603,0,2,36,C:\Users\HP\Desktop\phd\mobilesec\backend\ml-model\experiments\apkdeeplens_tool_reports\e6fc8459de91ec409e557c6d7d6223054072c5c3446f198a3228b4c78bb4876a\reports\report_WeakPermission-UnauthorizedAccess-Lean-benign.json,
Ghera,WeakPermission-UnauthorizedAccess-Lean-malicious.apk,C:\Users\HP\Desktop\phd\ghera apks\Permission\WeakPermission-UnauthorizedAccess-Lean\Malicious\WeakPermission-UnauthorizedAccess-Lean-malicious.apk,ccc5d9bc59afbee06ab94857c1b00a9b9f75588e219ec8b8754fce13e3f1b4ad,completed,8.502,0,2,39,C:\Users\HP\Desktop\phd\mobilesec\backend\ml-model\experiments\apkdeeplens_tool_reports\ccc5d9bc59afbee06ab94857c1b00a9b9f75588e219ec8b8754fce13e3f1b4ad\reports\report_WeakPermission-UnauthorizedAccess-Lean-malicious.json,
Ghera,WeakPermission-UnauthorizedAccess-Lean-secure.apk,C:\Users\HP\Desktop\phd\ghera apks\Permission\WeakPermission-UnauthorizedAccess-Lean\Secure\WeakPermission-UnauthorizedAccess-Lean-secure.apk,5a17d957bfd62f7adda3fe5e8c6953427c35398dea1a9f5c98ac8d01a429fc33,completed,7.656,0,2,35,C:\Users\HP\Desktop\phd\mobilesec\backend\ml-model\experiments\apkdeeplens_tool_reports\5a17d957bfd62f7adda3fe5e8c6953427c35398dea1a9f5c98ac8d01a429fc33\reports\report_WeakPermission-UnauthorizedAccess-Lean-secure.json,
Ghera,ExternalStorage-DataInjection-Lean-benign.apk,C:\Users\HP\Desktop\phd\ghera apks\Storage\ExternalStorage-DataInjection-Lean\Benign\ExternalStorage-DataInjection-Lean-benign.apk,87eb7480f52ca571b4f00d213f2b91aec775ec863fa3d756001b11fcba4ac8d6,completed,12.604,0,2,36,C:\Users\HP\Desktop\phd\mobilesec\backend\ml-model\experiments\apkdeeplens_tool_reports\87eb7480f52ca571b4f00d213f2b91aec775ec863fa3d756001b11fcba4ac8d6\reports\report_ExternalStorage-DataInjection-Lean-benign.json,
Ghera,ExternalStorage-DataInjection-Lean-malicious.apk,C:\Users\HP\Desktop\phd\ghera apks\Storage\ExternalStorage-DataInjection-Lean\Malicious\ExternalStorage-DataInjection-Lean-malicious.apk,5635503f50b6bd0729620386940ccb3245007d2a8b8913e9790483fbea34b582,completed,8.103,0,2,37,C:\Users\HP\Desktop\phd\mobilesec\backend\ml-model\experiments\apkdeeplens_tool_reports\5635503f50b6bd0729620386940ccb3245007d2a8b8913e9790483fbea34b582\reports\report_ExternalStorage-DataInjection-Lean-malicious.json,
Ghera,ExternalStorage-DataInjection-Lean-secure.apk,C:\Users\HP\Desktop\phd\ghera apks\Storage\ExternalStorage-DataInjection-Lean\Secure\ExternalStorage-DataInjection-Lean-secure.apk,c9dc3346d0c7371f4c0e62002c15fe49b45aa82b59271d4f39c17dbe648e1897,completed,7.811,0,2,35,C:\Users\HP\Desktop\phd\mobilesec\backend\ml-model\experiments\apkdeeplens_tool_reports\c9dc3346d0c7371f4c0e62002c15fe49b45aa82b59271d4f39c17dbe648e1897\reports\report_ExternalStorage-DataInjection-Lean-secure.json,
Ghera,ExternalStorage-InformationLeak-Lean-benign.apk,C:\Users\HP\Desktop\phd\ghera apks\Storage\ExternalStorage-InformationLeak-Lean\Benign\ExternalStorage-InformationLeak-Lean-benign.apk,a5ce4b18477867d0063fb6ef05ca3c0422842c202ba250f74d0229fa91a48a1e,completed,8.395,0,3,41,C:\Users\HP\Desktop\phd\mobilesec\backend\ml-model\experiments\apkdeeplens_tool_reports\a5ce4b18477867d0063fb6ef05ca3c0422842c202ba250f74d0229fa91a48a1e\reports\report_ExternalStorage-InformationLeak-Lean-benign.json,
Ghera,ExternalStorage-InformationLeak-Lean-malicious.apk,C:\Users\HP\Desktop\phd\ghera apks\Storage\ExternalStorage-InformationLeak-Lean\Malicious\ExternalStorage-InformationLeak-Lean-malicious.apk,56fb44f6051e0d26f8917f112c3f3f843f09c93083168c3d91ac1fe1483ea049,completed,7.702,0,2,36,C:\Users\HP\Desktop\phd\mobilesec\backend\ml-model\experiments\apkdeeplens_tool_reports\56fb44f6051e0d26f8917f112c3f3f843f09c93083168c3d91ac1fe1483ea049\reports\report_ExternalStorage-InformationLeak-Lean-malicious.json,
Ghera,ExternalStorage-InformationLeak-Lean-secure.apk,C:\Users\HP\Desktop\phd\ghera apks\Storage\ExternalStorage-InformationLeak-Lean\Secure\ExternalStorage-InformationLeak-Lean-secure.apk,441742744e8ca0d496b36ee1a6b081f4aa57134afd4c3424abad93fdf52e5983,completed,7.906,0,3,36,C:\Users\HP\Desktop\phd\mobilesec\backend\ml-model\experiments\apkdeeplens_tool_reports\441742744e8ca0d496b36ee1a6b081f4aa57134afd4c3424abad93fdf52e5983\reports\report_ExternalStorage-InformationLeak-Lean-secure.json,
Ghera,InternalStorage-DirectoryTraversal-Lean-benign.apk,C:\Users\HP\Desktop\phd\ghera apks\Storage\InternalStorage-DirectoryTraversal-Lean\Benign\InternalStorage-DirectoryTraversal-Lean-benign.apk,af13493a58052cf3048504fe96dc3f2d549f8dbdc609783436d3316d2bd6aa90,completed,7.686,0,2,35,C:\Users\HP\Desktop\phd\mobilesec\backend\ml-model\experiments\apkdeeplens_tool_reports\af13493a58052cf3048504fe96dc3f2d549f8dbdc609783436d3316d2bd6aa90\reports\report_InternalStorage-DirectoryTraversal-Lean-benign.json,
Ghera,InternalStorage-DirectoryTraversal-Lean-malicious.apk,C:\Users\HP\Desktop\phd\ghera apks\Storage\InternalStorage-DirectoryTraversal-Lean\Malicious\InternalStorage-DirectoryTraversal-Lean-malicious.apk,78372b5d6534b448f4cd5adb6d375c62e6aa14d97082c2f367914f2d3d5b7ea2,completed,7.920,0,2,35,C:\Users\HP\Desktop\phd\mobilesec\backend\ml-model\experiments\apkdeeplens_tool_reports\78372b5d6534b448f4cd5adb6d375c62e6aa14d97082c2f367914f2d3d5b7ea2\reports\report_InternalStorage-DirectoryTraversal-Lean-malicious.json,
Ghera,InternalStorage-DirectoryTraversal-Lean-secure.apk,C:\Users\HP\Desktop\phd\ghera apks\Storage\InternalStorage-DirectoryTraversal-Lean\Secure\InternalStorage-DirectoryTraversal-Lean-secure.apk,0c4d9d249ed2877edb29bd0805cae7831c1e09a86f9edec4e78b74c56012e766,completed,7.633,0,2,36,C:\Users\HP\Desktop\phd\mobilesec\backend\ml-model\experiments\apkdeeplens_tool_reports\0c4d9d249ed2877edb29bd0805cae7831c1e09a86f9edec4e78b74c56012e766\reports\report_InternalStorage-DirectoryTraversal-Lean-secure.json,
Ghera,InternalToExternalStorage-InformationLeak-Lean-benign.apk,C:\Users\HP\Desktop\phd\ghera apks\Storage\InternalToExternalStorage-InformationLeak-Lean\Benign\InternalToExternalStorage-InformationLeak-Lean-benign.apk,c017ac444b329742b8952a7599b5229cdd591db66e9e7a8bbdc92ab8c957c14f,completed,7.878,0,2,37,C:\Users\HP\Desktop\phd\mobilesec\backend\ml-model\experiments\apkdeeplens_tool_reports\c017ac444b329742b8952a7599b5229cdd591db66e9e7a8bbdc92ab8c957c14f\reports\report_InternalToExternalStorage-InformationLeak-Lean-benign.json,
Ghera,InternalToExternalStorage-InformationLeak-Lean-malicious.apk,C:\Users\HP\Desktop\phd\ghera apks\Storage\InternalToExternalStorage-InformationLeak-Lean\Malicious\InternalToExternalStorage-InformationLeak-Lean-malicious.apk,5eca645ce6b906ffa062e758d0e867069d81561b399e3ef5edb7bdfd09ed3b76,completed,7.896,0,2,38,C:\Users\HP\Desktop\phd\mobilesec\backend\ml-model\experiments\apkdeeplens_tool_reports\5eca645ce6b906ffa062e758d0e867069d81561b399e3ef5edb7bdfd09ed3b76\reports\report_InternalToExternalStorage-InformationLeak-Lean-malicious.json,
Ghera,InternalToExternalStorage-InformationLeak-Lean-secure.apk,C:\Users\HP\Desktop\phd\ghera apks\Storage\InternalToExternalStorage-InformationLeak-Lean\Secure\InternalToExternalStorage-InformationLeak-Lean-secure.apk,908461194dda4439b7ba0f4ce97f6ca457055979d19aace192e4bcfb068c84c1,completed,7.911,0,2,36,C:\Users\HP\Desktop\phd\mobilesec\backend\ml-model\experiments\apkdeeplens_tool_reports\908461194dda4439b7ba0f4ce97f6ca457055979d19aace192e4bcfb068c84c1\reports\report_InternalToExternalStorage-InformationLeak-Lean-secure.json,
Ghera,SQLite-execSQL-Lean-benign.apk,C:\Users\HP\Desktop\phd\ghera apks\Storage\SQLite-execSQL-Lean\Benign\SQLite-execSQL-Lean-benign.apk,a5013b64bd7548298b66588833d934b87909753b9f043149bb56e317b1af7d8d,completed,7.775,0,2,37,C:\Users\HP\Desktop\phd\mobilesec\backend\ml-model\experiments\apkdeeplens_tool_reports\a5013b64bd7548298b66588833d934b87909753b9f043149bb56e317b1af7d8d\reports\report_SQLite-execSQL-Lean-benign.json,
Ghera,SQLite-execSQL-Lean-malicious.apk,C:\Users\HP\Desktop\phd\ghera apks\Storage\SQLite-execSQL-Lean\Malicious\SQLite-execSQL-Lean-malicious.apk,e980b39f54fcca339809b2f6d83f546251290a626f89da1bac9c948d53f7f693,completed,7.901,0,2,35,C:\Users\HP\Desktop\phd\mobilesec\backend\ml-model\experiments\apkdeeplens_tool_reports\e980b39f54fcca339809b2f6d83f546251290a626f89da1bac9c948d53f7f693\reports\report_SQLite-execSQL-Lean-malicious.json,
Ghera,SQLite-execSQL-Lean-secure.apk,C:\Users\HP\Desktop\phd\ghera apks\Storage\SQLite-execSQL-Lean\Secure\SQLite-execSQL-Lean-secure.apk,87bc1dfe8b54645115e2a2b371232c6db3dee46c6cf3fc75b96158cb4126d9e2,completed,7.921,0,2,39,C:\Users\HP\Desktop\phd\mobilesec\backend\ml-model\experiments\apkdeeplens_tool_reports\87bc1dfe8b54645115e2a2b371232c6db3dee46c6cf3fc75b96158cb4126d9e2\reports\report_SQLite-execSQL-Lean-secure.json,
Ghera,SQLlite-RawQuery-SQLInjection-Lean-benign.apk,C:\Users\HP\Desktop\phd\ghera apks\Storage\SQLlite-RawQuery-SQLInjection-Lean\Benign\SQLlite-RawQuery-SQLInjection-Lean-benign.apk,54d0f97148166b1979b8d5be8c0cb674fe2a79828cac58326a00eae45c048038,completed,8.494,0,2,41,C:\Users\HP\Desktop\phd\mobilesec\backend\ml-model\experiments\apkdeeplens_tool_reports\54d0f97148166b1979b8d5be8c0cb674fe2a79828cac58326a00eae45c048038\reports\report_SQLlite-RawQuery-SQLInjection-Lean-benign.json,
Ghera,SQLlite-RawQuery-SQLInjection-Lean-malicious.apk,C:\Users\HP\Desktop\phd\ghera apks\Storage\SQLlite-RawQuery-SQLInjection-Lean\Malicious\SQLlite-RawQuery-SQLInjection-Lean-malicious.apk,35ee816e9657668ea110c4b5e3a1c95c80780fcdcd8aaea23ed67d27965e90db,completed,7.990,0,2,36,C:\Users\HP\Desktop\phd\mobilesec\backend\ml-model\experiments\apkdeeplens_tool_reports\35ee816e9657668ea110c4b5e3a1c95c80780fcdcd8aaea23ed67d27965e90db\reports\report_SQLlite-RawQuery-SQLInjection-Lean-malicious.json,
Ghera,SQLlite-RawQuery-SQLInjection-Lean-secure.apk,C:\Users\HP\Desktop\phd\ghera apks\Storage\SQLlite-RawQuery-SQLInjection-Lean\Secure\SQLlite-RawQuery-SQLInjection-Lean-secure.apk,c25e36d0dd3c2502f4813e5c54eb8c68b94a58983a314b001a0ed43d7a9a46bb,completed,8.371,0,2,41,C:\Users\HP\Desktop\phd\mobilesec\backend\ml-model\experiments\apkdeeplens_tool_reports\c25e36d0dd3c2502f4813e5c54eb8c68b94a58983a314b001a0ed43d7a9a46bb\reports\report_SQLlite-RawQuery-SQLInjection-Lean-secure.json,
Ghera,SQLlite-SQLInjection-Lean-benign.apk,C:\Users\HP\Desktop\phd\ghera apks\Storage\SQLlite-SQLInjection-Lean\Benign\SQLlite-SQLInjection-Lean-benign.apk,96bc5a5776c4753e8107f2b4dd3f6c65052f7d3b24c7841bcd3f55bf1f00b82c,completed,7.967,0,2,37,C:\Users\HP\Desktop\phd\mobilesec\backend\ml-model\experiments\apkdeeplens_tool_reports\96bc5a5776c4753e8107f2b4dd3f6c65052f7d3b24c7841bcd3f55bf1f00b82c\reports\report_SQLlite-SQLInjection-Lean-benign.json,
Ghera,SQLlite-SQLInjection-Lean-malicious.apk,C:\Users\HP\Desktop\phd\ghera apks\Storage\SQLlite-SQLInjection-Lean\Malicious\SQLlite-SQLInjection-Lean-malicious.apk,aadbfc597754d2eb5e58c3f0f728a17e27e90aedc70903d0bb0911ce4e160f4a,completed,7.810,0,2,36,C:\Users\HP\Desktop\phd\mobilesec\backend\ml-model\experiments\apkdeeplens_tool_reports\aadbfc597754d2eb5e58c3f0f728a17e27e90aedc70903d0bb0911ce4e160f4a\reports\report_SQLlite-SQLInjection-Lean-malicious.json,
Ghera,SQLlite-SQLInjection-Lean-secure.apk,C:\Users\HP\Desktop\phd\ghera apks\Storage\SQLlite-SQLInjection-Lean\Secure\SQLlite-SQLInjection-Lean-secure.apk,7d725aef053443c28dea2e43777e8e0d2b2442a07522b3c4415e70f30ba70bed,completed,8.400,0,2,41,C:\Users\HP\Desktop\phd\mobilesec\backend\ml-model\experiments\apkdeeplens_tool_reports\7d725aef053443c28dea2e43777e8e0d2b2442a07522b3c4415e70f30ba70bed\reports\report_SQLlite-SQLInjection-Lean-secure.json,
Ghera,CheckCallingOrSelfPermission-PrivilegeEscalation-Lean-benign.apk,C:\Users\HP\Desktop\phd\ghera apks\System\CheckCallingOrSelfPermission-PrivilegeEscalation-Lean\Benign\CheckCallingOrSelfPermission-PrivilegeEscalation-Lean-benign.apk,a647af47944dc125ee1fdb88d7354e6b1cf4de4ac4f73b0e67bef39a4df1195e,completed,7.865,0,2,37,C:\Users\HP\Desktop\phd\mobilesec\backend\ml-model\experiments\apkdeeplens_tool_reports\a647af47944dc125ee1fdb88d7354e6b1cf4de4ac4f73b0e67bef39a4df1195e\reports\report_CheckCallingOrSelfPermission-PrivilegeEscalation-Lean-benign.json,
Ghera,CheckCallingOrSelfPermission-PrivilegeEscalation-Lean-malicious.apk,C:\Users\HP\Desktop\phd\ghera apks\System\CheckCallingOrSelfPermission-PrivilegeEscalation-Lean\Malicious\CheckCallingOrSelfPermission-PrivilegeEscalation-Lean-malicious.apk,99cf5856d816d456d7ef3564fccc99df621932d0a2d13b93067e3c7258aba5e1,completed,8.184,0,2,36,C:\Users\HP\Desktop\phd\mobilesec\backend\ml-model\experiments\apkdeeplens_tool_reports\99cf5856d816d456d7ef3564fccc99df621932d0a2d13b93067e3c7258aba5e1\reports\report_CheckCallingOrSelfPermission-PrivilegeEscalation-Lean-malicious.json,
Ghera,CheckCallingOrSelfPermission-PrivilegeEscalation-Lean-secure.apk,C:\Users\HP\Desktop\phd\ghera apks\System\CheckCallingOrSelfPermission-PrivilegeEscalation-Lean\Secure\CheckCallingOrSelfPermission-PrivilegeEscalation-Lean-secure.apk,f1585871103fbddfc4aafb38e32fb3aa5bee34a94eef1914dfe1af5a01b78eb2,completed,7.948,0,2,35,C:\Users\HP\Desktop\phd\mobilesec\backend\ml-model\experiments\apkdeeplens_tool_reports\f1585871103fbddfc4aafb38e32fb3aa5bee34a94eef1914dfe1af5a01b78eb2\reports\report_CheckCallingOrSelfPermission-PrivilegeEscalation-Lean-secure.json,
Ghera,CheckPermission-PrivilegeEscalation-Lean-benign.apk,C:\Users\HP\Desktop\phd\ghera apks\System\CheckPermission-PrivilegeEscalation-Lean\Benign\CheckPermission-PrivilegeEscalation-Lean-benign.apk,1dd03194eb0302836fcc9425e562e9b03adad2d7398f8431367425a22b11aaa9,completed,8.361,0,2,41,C:\Users\HP\Desktop\phd\mobilesec\backend\ml-model\experiments\apkdeeplens_tool_reports\1dd03194eb0302836fcc9425e562e9b03adad2d7398f8431367425a22b11aaa9\reports\report_CheckPermission-PrivilegeEscalation-Lean-benign.json,
Ghera,CheckPermission-PrivilegeEscalation-Lean-malicious.apk,C:\Users\HP\Desktop\phd\ghera apks\System\CheckPermission-PrivilegeEscalation-Lean\Malicious\CheckPermission-PrivilegeEscalation-Lean-malicious.apk,5073bf90d87c20a007d264aee29c041a9f909b024353e8767dc6c0d7a89fdfd2,completed,7.845,0,2,36,C:\Users\HP\Desktop\phd\mobilesec\backend\ml-model\experiments\apkdeeplens_tool_reports\5073bf90d87c20a007d264aee29c041a9f909b024353e8767dc6c0d7a89fdfd2\reports\report_CheckPermission-PrivilegeEscalation-Lean-malicious.json,
Ghera,CheckPermission-PrivilegeEscalation-Lean-secure.apk,C:\Users\HP\Desktop\phd\ghera apks\System\CheckPermission-PrivilegeEscalation-Lean\Secure\CheckPermission-PrivilegeEscalation-Lean-secure.apk,ff48029e6682cc185c643ee0823a6a54ac67202f2499c9c57e0d0da6509cf6ee,completed,7.987,0,2,35,C:\Users\HP\Desktop\phd\mobilesec\backend\ml-model\experiments\apkdeeplens_tool_reports\ff48029e6682cc185c643ee0823a6a54ac67202f2499c9c57e0d0da6509cf6ee\reports\report_CheckPermission-PrivilegeEscalation-Lean-secure.json,
Ghera,ClipboardUse-InformationExposure-Lean-benign.apk,C:\Users\HP\Desktop\phd\ghera apks\System\ClipboardUse-InformationExposure-Lean\Benign\ClipboardUse-InformationExposure-Lean-benign.apk,821eb8c3210c22ab33e07c1721ae19ffe051193944c5244c026f0741253a7ed0,completed,8.079,0,2,38,C:\Users\HP\Desktop\phd\mobilesec\backend\ml-model\experiments\apkdeeplens_tool_reports\821eb8c3210c22ab33e07c1721ae19ffe051193944c5244c026f0741253a7ed0\reports\report_ClipboardUse-InformationExposure-Lean-benign.json,
Ghera,ClipboardUse-InformationExposure-Lean-malicious.apk,C:\Users\HP\Desktop\phd\ghera apks\System\ClipboardUse-InformationExposure-Lean\Malicious\ClipboardUse-InformationExposure-Lean-malicious.apk,46f1ee5cf7f6f0a413ba8f8740aca09b9e42cb6ac61006758a0302287bd2bbba,completed,7.919,0,2,39,C:\Users\HP\Desktop\phd\mobilesec\backend\ml-model\experiments\apkdeeplens_tool_reports\46f1ee5cf7f6f0a413ba8f8740aca09b9e42cb6ac61006758a0302287bd2bbba\reports\report_ClipboardUse-InformationExposure-Lean-malicious.json,
Ghera,ClipboardUse-InformationExposure-Lean-secure.apk,C:\Users\HP\Desktop\phd\ghera apks\System\ClipboardUse-InformationExposure-Lean\Secure\ClipboardUse-InformationExposure-Lean-secure.apk,f72ca61f4d8222f3357bd22c4bdfb150133355407dda98ed9a497b5ab054e697,completed,7.930,0,2,37,C:\Users\HP\Desktop\phd\mobilesec\backend\ml-model\experiments\apkdeeplens_tool_reports\f72ca61f4d8222f3357bd22c4bdfb150133355407dda98ed9a497b5ab054e697\reports\report_ClipboardUse-InformationExposure-Lean-secure.json,
Ghera,DynamicCodeLoading-CodeInjection-Lean-benign.apk,C:\Users\HP\Desktop\phd\ghera apks\System\DynamicCodeLoading-CodeInjection-Lean\Benign\DynamicCodeLoading-CodeInjection-Lean-benign.apk,18d8e4dcb8dfc13cdabea66d655d1c5bbd9bf1417ebfe6493e7495ccfc0698e0,completed,8.484,0,5,43,C:\Users\HP\Desktop\phd\mobilesec\backend\ml-model\experiments\apkdeeplens_tool_reports\18d8e4dcb8dfc13cdabea66d655d1c5bbd9bf1417ebfe6493e7495ccfc0698e0\reports\report_DynamicCodeLoading-CodeInjection-Lean-benign.json,
Ghera,DynamicCodeLoading-CodeInjection-Lean-secure.apk,C:\Users\HP\Desktop\phd\ghera apks\System\DynamicCodeLoading-CodeInjection-Lean\Secure\DynamicCodeLoading-CodeInjection-Lean-secure.apk,d530e65d842d0e6a0125c516c496f63815b816919d3919419c121949f325995b,completed,8.668,0,5,46,C:\Users\HP\Desktop\phd\mobilesec\backend\ml-model\experiments\apkdeeplens_tool_reports\d530e65d842d0e6a0125c516c496f63815b816919d3919419c121949f325995b\reports\report_DynamicCodeLoading-CodeInjection-Lean-secure.json,
Ghera,EnforceCallingOrSelfPermission-PrivilegeEscalation-Lean-benign.apk,C:\Users\HP\Desktop\phd\ghera apks\System\EnforceCallingOrSelfPermission-PrivilegeEscalation-Lean\Benign\EnforceCallingOrSelfPermission-PrivilegeEscalation-Lean-benign.apk,00f2a9613276f66f530aab43e51098f5310b9e9515e2090946b2c0d52ca58070,completed,7.937,0,2,38,C:\Users\HP\Desktop\phd\mobilesec\backend\ml-model\experiments\apkdeeplens_tool_reports\00f2a9613276f66f530aab43e51098f5310b9e9515e2090946b2c0d52ca58070\reports\report_EnforceCallingOrSelfPermission-PrivilegeEscalation-Lean-benign.json,
Ghera,EnforceCallingOrSelfPermission-PrivilegeEscalation-Lean-malicious.apk,C:\Users\HP\Desktop\phd\ghera apks\System\EnforceCallingOrSelfPermission-PrivilegeEscalation-Lean\Malicious\EnforceCallingOrSelfPermission-PrivilegeEscalation-Lean-malicious.apk,c5bf382d8eb3ce83302ad5bd08d121a6ed7430db9af4f420f00eae6b94525c50,completed,7.872,0,2,36,C:\Users\HP\Desktop\phd\mobilesec\backend\ml-model\experiments\apkdeeplens_tool_reports\c5bf382d8eb3ce83302ad5bd08d121a6ed7430db9af4f420f00eae6b94525c50\reports\report_EnforceCallingOrSelfPermission-PrivilegeEscalation-Lean-malicious.json,
Ghera,EnforceCallingOrSelfPermission-PrivilegeEscalation-Lean-secure.apk,C:\Users\HP\Desktop\phd\ghera apks\System\EnforceCallingOrSelfPermission-PrivilegeEscalation-Lean\Secure\EnforceCallingOrSelfPermission-PrivilegeEscalation-Lean-secure.apk,2633afca37480a38bc58cabef25b5b1f7897c718d1f61aa3a7107223b9d83af6,completed,7.939,0,2,35,C:\Users\HP\Desktop\phd\mobilesec\backend\ml-model\experiments\apkdeeplens_tool_reports\2633afca37480a38bc58cabef25b5b1f7897c718d1f61aa3a7107223b9d83af6\reports\report_EnforceCallingOrSelfPermission-PrivilegeEscalation-Lean-secure.json,
Ghera,EnforcePermission-PrivilegeEscalation-Lean-benign.apk,C:\Users\HP\Desktop\phd\ghera apks\System\EnforcePermission-PrivilegeEscalation-Lean\Benign\EnforcePermission-PrivilegeEscalation-Lean-benign.apk,a9864612c5e9ac6191c5b9a24bc6d5c70eef89eb57010e48e34cfb7ae74e6517,completed,8.067,0,2,38,C:\Users\HP\Desktop\phd\mobilesec\backend\ml-model\experiments\apkdeeplens_tool_reports\a9864612c5e9ac6191c5b9a24bc6d5c70eef89eb57010e48e34cfb7ae74e6517\reports\report_EnforcePermission-PrivilegeEscalation-Lean-benign.json,
Ghera,EnforcePermission-PrivilegeEscalation-Lean-malicious.apk,C:\Users\HP\Desktop\phd\ghera apks\System\EnforcePermission-PrivilegeEscalation-Lean\Malicious\EnforcePermission-PrivilegeEscalation-Lean-malicious.apk,ac0026e0aa539e4535231bc9759cd8f9bf2a863147e6c19305662d348f6f8f9e,completed,7.996,0,2,36,C:\Users\HP\Desktop\phd\mobilesec\backend\ml-model\experiments\apkdeeplens_tool_reports\ac0026e0aa539e4535231bc9759cd8f9bf2a863147e6c19305662d348f6f8f9e\reports\report_EnforcePermission-PrivilegeEscalation-Lean-malicious.json,
Ghera,EnforcePermission-PrivilegeEscalation-Lean-secure.apk,C:\Users\HP\Desktop\phd\ghera apks\System\EnforcePermission-PrivilegeEscalation-Lean\Secure\EnforcePermission-PrivilegeEscalation-Lean-secure.apk,0847cae43091acb5dd69ea08cdec18c51b330c2a7ccec698e469e128e7f08a30,completed,7.952,0,2,35,C:\Users\HP\Desktop\phd\mobilesec\backend\ml-model\experiments\apkdeeplens_tool_reports\0847cae43091acb5dd69ea08cdec18c51b330c2a7ccec698e469e128e7f08a30\reports\report_EnforcePermission-PrivilegeEscalation-Lean-secure.json,
Ghera,UniqueIDs-IdentityLeak-Lean-benign.apk,C:\Users\HP\Desktop\phd\ghera apks\System\UniqueIDs-IdentityLeak-Lean\Benign\UniqueIDs-IdentityLeak-Lean-benign.apk,fc3804f9789097626af80777f2c01d04ccc71e98776c7ee039669597b808f110,completed,8.558,0,2,42,C:\Users\HP\Desktop\phd\mobilesec\backend\ml-model\experiments\apkdeeplens_tool_reports\fc3804f9789097626af80777f2c01d04ccc71e98776c7ee039669597b808f110\reports\report_UniqueIDs-IdentityLeak-Lean-benign.json,
Ghera,UniqueIDs-IdentityLeak-Lean-malicious.apk,C:\Users\HP\Desktop\phd\ghera apks\System\UniqueIDs-IdentityLeak-Lean\Malicious\UniqueIDs-IdentityLeak-Lean-malicious.apk,e282b95db8f1e380ee770de356afb5ceb770985e36a429d6e9d70d3837936095,completed,8.241,0,2,36,C:\Users\HP\Desktop\phd\mobilesec\backend\ml-model\experiments\apkdeeplens_tool_reports\e282b95db8f1e380ee770de356afb5ceb770985e36a429d6e9d70d3837936095\reports\report_UniqueIDs-IdentityLeak-Lean-malicious.json,
Ghera,UniqueIDs-IdentityLeak-Lean-secure.apk,C:\Users\HP\Desktop\phd\ghera apks\System\UniqueIDs-IdentityLeak-Lean\Secure\UniqueIDs-IdentityLeak-Lean-secure.apk,e3889f79e0220503980addd2d7d37bb162bea4ca2b7ec014bc12c9d76048828e,completed,8.405,0,2,42,C:\Users\HP\Desktop\phd\mobilesec\backend\ml-model\experiments\apkdeeplens_tool_reports\e3889f79e0220503980addd2d7d37bb162bea4ca2b7ec014bc12c9d76048828e\reports\report_UniqueIDs-IdentityLeak-Lean-secure.json,
Ghera,TemplateBenchmark-Lean-benign.apk,C:\Users\HP\Desktop\phd\ghera apks\TemplateCategory\TemplateBenchmark\Benign\TemplateBenchmark-Lean-benign.apk,0ca9e9c5e9cb089cc8b1933087ce2be16df391720958f569ddd8a982c229d1a3,completed,8.375,0,2,40,C:\Users\HP\Desktop\phd\mobilesec\backend\ml-model\experiments\apkdeeplens_tool_reports\0ca9e9c5e9cb089cc8b1933087ce2be16df391720958f569ddd8a982c229d1a3\reports\report_TemplateBenchmark-Lean-benign.json,
Ghera,HttpConnection-MITM-Lean-benign.apk,C:\Users\HP\Desktop\phd\ghera apks\Web\HttpConnection-MITM-Lean\Benign\HttpConnection-MITM-Lean-benign.apk,aa9e084de61f156d4ca1fb2725674705dfb14ee8ab19495a17c51244636d9774,completed,7.950,0,3,36,C:\Users\HP\Desktop\phd\mobilesec\backend\ml-model\experiments\apkdeeplens_tool_reports\aa9e084de61f156d4ca1fb2725674705dfb14ee8ab19495a17c51244636d9774\reports\report_HttpConnection-MITM-Lean-benign.json,
Ghera,HttpConnection-MITM-Lean-secure.apk,C:\Users\HP\Desktop\phd\ghera apks\Web\HttpConnection-MITM-Lean\Secure\HttpConnection-MITM-Lean-secure.apk,e42668cf21a56a2e9d830e57d9dffad13bc30cf1fecfef42e73a114ed2e71fb8,completed,7.966,0,4,37,C:\Users\HP\Desktop\phd\mobilesec\backend\ml-model\experiments\apkdeeplens_tool_reports\e42668cf21a56a2e9d830e57d9dffad13bc30cf1fecfef42e73a114ed2e71fb8\reports\report_HttpConnection-MITM-Lean-secure.json,
Ghera,JavaScriptExecution-CodeInjection-Lean-benign.apk,C:\Users\HP\Desktop\phd\ghera apks\Web\JavaScriptExecution-CodeInjection-Lean\Benign\JavaScriptExecution-CodeInjection-Lean-benign.apk,e1dc2b355da327d314c48de2227659392c610bde9b758e775e873e0a5ab45109,completed,8.123,0,3,36,C:\Users\HP\Desktop\phd\mobilesec\backend\ml-model\experiments\apkdeeplens_tool_reports\e1dc2b355da327d314c48de2227659392c610bde9b758e775e873e0a5ab45109\reports\report_JavaScriptExecution-CodeInjection-Lean-benign.json,
Ghera,JavaScriptExecution-CodeInjection-Lean-secure.apk,C:\Users\HP\Desktop\phd\ghera apks\Web\JavaScriptExecution-CodeInjection-Lean\Secure\JavaScriptExecution-CodeInjection-Lean-secure.apk,53dd044a364b47414a3134b6d687991a78b6d46798bf583927d763f222d18116,completed,7.879,0,2,35,C:\Users\HP\Desktop\phd\mobilesec\backend\ml-model\experiments\apkdeeplens_tool_reports\53dd044a364b47414a3134b6d687991a78b6d46798bf583927d763f222d18116\reports\report_JavaScriptExecution-CodeInjection-Lean-secure.json,
Ghera,UnsafeIntentURLImpl-InformationExposure-Lean-benign.apk,C:\Users\HP\Desktop\phd\ghera apks\Web\UnsafeIntentURLImpl-InformationExposure-Lean\Benign\UnsafeIntentURLImpl-InformationExposure-Lean-benign.apk,832b3bc958395cbe1a4987c3c419fec9725f5674ccad7567d7977c59314af0de,completed,7.830,0,4,38,C:\Users\HP\Desktop\phd\mobilesec\backend\ml-model\experiments\apkdeeplens_tool_reports\832b3bc958395cbe1a4987c3c419fec9725f5674ccad7567d7977c59314af0de\reports\report_UnsafeIntentURLImpl-InformationExposure-Lean-benign.json,
Ghera,UnsafeIntentURLImpl-InformationExposure-Lean-malicious.apk,C:\Users\HP\Desktop\phd\ghera apks\Web\UnsafeIntentURLImpl-InformationExposure-Lean\Malicious\UnsafeIntentURLImpl-InformationExposure-Lean-malicious.apk,837cd72790c8cc7fd4944e2d958fd5daa21d4faf70b76ce178781635a350f48c,completed,7.906,0,2,36,C:\Users\HP\Desktop\phd\mobilesec\backend\ml-model\experiments\apkdeeplens_tool_reports\837cd72790c8cc7fd4944e2d958fd5daa21d4faf70b76ce178781635a350f48c\reports\report_UnsafeIntentURLImpl-InformationExposure-Lean-malicious.json,
Ghera,UnsafeIntentURLImpl-InformationExposure-Lean-secure.apk,C:\Users\HP\Desktop\phd\ghera apks\Web\UnsafeIntentURLImpl-InformationExposure-Lean\Secure\UnsafeIntentURLImpl-InformationExposure-Lean-secure.apk,b574a9c24ec43cc6d405b5bbb41e81ab29cba8fabefd83d75f11b4275ef4cbd3,completed,8.136,0,4,38,C:\Users\HP\Desktop\phd\mobilesec\backend\ml-model\experiments\apkdeeplens_tool_reports\b574a9c24ec43cc6d405b5bbb41e81ab29cba8fabefd83d75f11b4275ef4cbd3\reports\report_UnsafeIntentURLImpl-InformationExposure-Lean-secure.json,
Ghera,WebView-CookieOverwrite-Lean-benign.apk,C:\Users\HP\Desktop\phd\ghera apks\Web\WebView-CookieOverwrite-Lean\Benign\WebView-CookieOverwrite-Lean-benign.apk,d2846c6dc04157de425db812f90f086706f9e734d9faeb2c41f4da0bd4fd7bb2,completed,8.644,0,5,38,C:\Users\HP\Desktop\phd\mobilesec\backend\ml-model\experiments\apkdeeplens_tool_reports\d2846c6dc04157de425db812f90f086706f9e734d9faeb2c41f4da0bd4fd7bb2\reports\report_WebView-CookieOverwrite-Lean-benign.json,
Ghera,WebView-CookieOverwrite-Lean-secure.apk,C:\Users\HP\Desktop\phd\ghera apks\Web\WebView-CookieOverwrite-Lean\Secure\WebView-CookieOverwrite-Lean-secure.apk,411a184e6f37955edf2ec3a7ce741abe231e6dc423dae37a59e7650c139d870f,completed,8.683,0,5,38,C:\Users\HP\Desktop\phd\mobilesec\backend\ml-model\experiments\apkdeeplens_tool_reports\411a184e6f37955edf2ec3a7ce741abe231e6dc423dae37a59e7650c139d870f\reports\report_WebView-CookieOverwrite-Lean-secure.json,
Ghera,WebView-NoUserPermission-InformationExposure-Lean-benign.apk,C:\Users\HP\Desktop\phd\ghera apks\Web\WebView-NoUserPermission-InformationExposure-Lean\Benign\WebView-NoUserPermission-InformationExposure-Lean-benign.apk,34f4d31c33f2c9979d12515fd9906afa6e4c1cf143ddbec6f4e921b0bb5adddf,completed,7.905,0,6,41,C:\Users\HP\Desktop\phd\mobilesec\backend\ml-model\experiments\apkdeeplens_tool_reports\34f4d31c33f2c9979d12515fd9906afa6e4c1cf143ddbec6f4e921b0bb5adddf\reports\report_WebView-NoUserPermission-InformationExposure-Lean-benign.json,
Ghera,WebView-NoUserPermission-InformationExposure-Lean-secure.apk,C:\Users\HP\Desktop\phd\ghera apks\Web\WebView-NoUserPermission-InformationExposure-Lean\Secure\WebView-NoUserPermission-InformationExposure-Lean-secure.apk,1ff0c80c432331a1ce26418d85dc28b1fa82f579f14469b896aed3f2f8f78213,completed,7.960,0,6,41,C:\Users\HP\Desktop\phd\mobilesec\backend\ml-model\experiments\apkdeeplens_tool_reports\1ff0c80c432331a1ce26418d85dc28b1fa82f579f14469b896aed3f2f8f78213\reports\report_WebView-NoUserPermission-InformationExposure-Lean-secure.json,
Ghera,WebViewAllowContentAccess-UnauthorizedFileAccess-Lean-benign.apk,C:\Users\HP\Desktop\phd\ghera apks\Web\WebViewAllowContentAccess-UnauthorizedFileAccess-Lean\Benign\WebViewAllowContentAccess-UnauthorizedFileAccess-Lean-benign.apk,fdb64b9ba3ab5c8d8754d0cbbaaa86d5fdef50a1b6825bb65007a23e3fb92d60,completed,8.093,0,4,38,C:\Users\HP\Desktop\phd\mobilesec\backend\ml-model\experiments\apkdeeplens_tool_reports\fdb64b9ba3ab5c8d8754d0cbbaaa86d5fdef50a1b6825bb65007a23e3fb92d60\reports\report_WebViewAllowContentAccess-UnauthorizedFileAccess-Lean-benign.json,
Ghera,WebViewAllowContentAccess-UnauthorizedFileAccess-Lean-secure.apk,C:\Users\HP\Desktop\phd\ghera apks\Web\WebViewAllowContentAccess-UnauthorizedFileAccess-Lean\Secure\WebViewAllowContentAccess-UnauthorizedFileAccess-Lean-secure.apk,88c01db2bb73b5a1c43bc83aecf0275b6a4a449ac3c85a48013275434e3a6737,completed,7.919,0,3,37,C:\Users\HP\Desktop\phd\mobilesec\backend\ml-model\experiments\apkdeeplens_tool_reports\88c01db2bb73b5a1c43bc83aecf0275b6a4a449ac3c85a48013275434e3a6737\reports\report_WebViewAllowContentAccess-UnauthorizedFileAccess-Lean-secure.json,
Ghera,WebViewAllowFileAccess-UnauthorizedFileAccess-Lean-benign.apk,C:\Users\HP\Desktop\phd\ghera apks\Web\WebViewAllowFileAccess-UnauthorizedFileAccess-Lean\Benign\WebViewAllowFileAccess-UnauthorizedFileAccess-Lean-benign.apk,c7d545f102ffe737e09f9003f72d0402e4b075e6182ab8df36ea4a8a3de1e26c,completed,7.991,0,5,38,C:\Users\HP\Desktop\phd\mobilesec\backend\ml-model\experiments\apkdeeplens_tool_reports\c7d545f102ffe737e09f9003f72d0402e4b075e6182ab8df36ea4a8a3de1e26c\reports\report_WebViewAllowFileAccess-UnauthorizedFileAccess-Lean-benign.json,
Ghera,WebViewAllowFileAccess-UnauthorizedFileAccess-Lean-secure.apk,C:\Users\HP\Desktop\phd\ghera apks\Web\WebViewAllowFileAccess-UnauthorizedFileAccess-Lean\Secure\WebViewAllowFileAccess-UnauthorizedFileAccess-Lean-secure.apk,e997d66b222bce0b2004264cdbc708f998417a47994c67429303adc741290912,completed,7.871,0,4,37,C:\Users\HP\Desktop\phd\mobilesec\backend\ml-model\experiments\apkdeeplens_tool_reports\e997d66b222bce0b2004264cdbc708f998417a47994c67429303adc741290912\reports\report_WebViewAllowFileAccess-UnauthorizedFileAccess-Lean-secure.json,
Ghera,WebViewIgnoreSSLWarning-MITM-Lean-benign.apk,C:\Users\HP\Desktop\phd\ghera apks\Web\WebViewIgnoreSSLWarning-MITM-Lean\Benign\WebViewIgnoreSSLWarning-MITM-Lean-benign.apk,b25f3fa0a270bd87bbbae492e04efa4c365a4db0f065ad792dc7c6f4f614af6c,completed,8.533,0,4,41,C:\Users\HP\Desktop\phd\mobilesec\backend\ml-model\experiments\apkdeeplens_tool_reports\b25f3fa0a270bd87bbbae492e04efa4c365a4db0f065ad792dc7c6f4f614af6c\reports\report_WebViewIgnoreSSLWarning-MITM-Lean-benign.json,
Ghera,WebViewIgnoreSSLWarning-MITM-Lean-secure.apk,C:\Users\HP\Desktop\phd\ghera apks\Web\WebViewIgnoreSSLWarning-MITM-Lean\Secure\WebViewIgnoreSSLWarning-MITM-Lean-secure.apk,ec96a9f03a458a88025d819841cb5342ce14b41d48e9f38260d5caa28815717a,completed,7.881,0,4,37,C:\Users\HP\Desktop\phd\mobilesec\backend\ml-model\experiments\apkdeeplens_tool_reports\ec96a9f03a458a88025d819841cb5342ce14b41d48e9f38260d5caa28815717a\reports\report_WebViewIgnoreSSLWarning-MITM-Lean-secure.json,
Ghera,WebViewInterceptRequest-MITM-Lean-benign.apk,C:\Users\HP\Desktop\phd\ghera apks\Web\WebViewInterceptRequest-MITM-Lean\Benign\WebViewInterceptRequest-MITM-Lean-benign.apk,45af278992cb728dabfbba7203a9beef366925ccce37dd91fa473e525edd9e76,completed,8.107,0,5,41,C:\Users\HP\Desktop\phd\mobilesec\backend\ml-model\experiments\apkdeeplens_tool_reports\45af278992cb728dabfbba7203a9beef366925ccce37dd91fa473e525edd9e76\reports\report_WebViewInterceptRequest-MITM-Lean-benign.json,
Ghera,WebViewInterceptRequest-MITM-Lean-secure.apk,C:\Users\HP\Desktop\phd\ghera apks\Web\WebViewInterceptRequest-MITM-Lean\Secure\WebViewInterceptRequest-MITM-Lean-secure.apk,b9daf0a3e66d88fc561f09f72bab2e9a3f5e44ed7600259792c1c69bcc79642b,completed,8.016,0,6,41,C:\Users\HP\Desktop\phd\mobilesec\backend\ml-model\experiments\apkdeeplens_tool_reports\b9daf0a3e66d88fc561f09f72bab2e9a3f5e44ed7600259792c1c69bcc79642b\reports\report_WebViewInterceptRequest-MITM-Lean-secure.json,
Ghera,WebViewLoadDataWithBaseUrl-UnauthorizedFileAccess-Lean-benign.apk,C:\Users\HP\Desktop\phd\ghera apks\Web\WebViewLoadDataWithBaseUrl-UnauthorizedFileAccess-Lean\Benign\WebViewLoadDataWithBaseUrl-UnauthorizedFileAccess-Lean-benign.apk,5347461bbb2b2abe1f7ba3931e24a10fe8397351998ea3040b5750d49ae567da,completed,8.329,0,6,39,C:\Users\HP\Desktop\phd\mobilesec\backend\ml-model\experiments\apkdeeplens_tool_reports\5347461bbb2b2abe1f7ba3931e24a10fe8397351998ea3040b5750d49ae567da\reports\report_WebViewLoadDataWithBaseUrl-UnauthorizedFileAccess-Lean-benign.json,
Ghera,WebViewLoadDataWithBaseUrl-UnauthorizedFileAccess-Lean-secure.apk,C:\Users\HP\Desktop\phd\ghera apks\Web\WebViewLoadDataWithBaseUrl-UnauthorizedFileAccess-Lean\Secure\WebViewLoadDataWithBaseUrl-UnauthorizedFileAccess-Lean-secure.apk,38872d2a095db2d461bacac29841b50deb4e9691a9b6a10d0670734e70a3a27c,completed,7.890,0,6,38,C:\Users\HP\Desktop\phd\mobilesec\backend\ml-model\experiments\apkdeeplens_tool_reports\38872d2a095db2d461bacac29841b50deb4e9691a9b6a10d0670734e70a3a27c\reports\report_WebViewLoadDataWithBaseUrl-UnauthorizedFileAccess-Lean-secure.json,
Ghera,WebViewOverrideUrl-MITM-Lean-benign.apk,C:\Users\HP\Desktop\phd\ghera apks\Web\WebViewOverrideUrl-MITM-Lean\Benign\WebViewOverrideUrl-MITM-Lean-benign.apk,d72e53a60074c6182dfa5523f0836526c6cbb60a32b0c657e2fa7f8df919e586,completed,8.374,0,3,40,C:\Users\HP\Desktop\phd\mobilesec\backend\ml-model\experiments\apkdeeplens_tool_reports\d72e53a60074c6182dfa5523f0836526c6cbb60a32b0c657e2fa7f8df919e586\reports\report_WebViewOverrideUrl-MITM-Lean-benign.json,
Ghera,WebViewOverrideUrl-MITM-Lean-secure.apk,C:\Users\HP\Desktop\phd\ghera apks\Web\WebViewOverrideUrl-MITM-Lean\Secure\WebViewOverrideUrl-MITM-Lean-secure.apk,7fed5501c957260adfd203fdcb6bd0a27d227d46728631d3bbda7dc7e346f2bf,completed,7.912,0,4,36,C:\Users\HP\Desktop\phd\mobilesec\backend\ml-model\experiments\apkdeeplens_tool_reports\7fed5501c957260adfd203fdcb6bd0a27d227d46728631d3bbda7dc7e346f2bf\reports\report_WebViewOverrideUrl-MITM-Lean-secure.json,
Ghera,WebViewProceed-UnauthorizedAccess-Lean-benign.apk,C:\Users\HP\Desktop\phd\ghera apks\Web\WebViewProceed-UnauthorizedAccess-Lean\Benign\WebViewProceed-UnauthorizedAccess-Lean-benign.apk,f23af74fa0d296120fc16ecb566c6d2553474fe51ca5d615a0e528df1afe60d7,completed,8.915,0,6,42,C:\Users\HP\Desktop\phd\mobilesec\backend\ml-model\experiments\apkdeeplens_tool_reports\f23af74fa0d296120fc16ecb566c6d2553474fe51ca5d615a0e528df1afe60d7\reports\report_WebViewProceed-UnauthorizedAccess-Lean-benign.json,
Ghera,WebViewProceed-UnauthorizedAccess-Lean-malicious.apk,C:\Users\HP\Desktop\phd\ghera apks\Web\WebViewProceed-UnauthorizedAccess-Lean\Malicious\WebViewProceed-UnauthorizedAccess-Lean-malicious.apk,935d2b02ec892e05f85a9e79a576696219d87b06aca4635b246c0714184ecaf4,completed,8.055,0,2,35,C:\Users\HP\Desktop\phd\mobilesec\backend\ml-model\experiments\apkdeeplens_tool_reports\935d2b02ec892e05f85a9e79a576696219d87b06aca4635b246c0714184ecaf4\reports\report_WebViewProceed-UnauthorizedAccess-Lean-malicious.json,
Ghera,WebViewProceed-UnauthorizedAccess-Lean-secure.apk,C:\Users\HP\Desktop\phd\ghera apks\Web\WebViewProceed-UnauthorizedAccess-Lean\Secure\WebViewProceed-UnauthorizedAccess-Lean-secure.apk,f4151b100f8d5050707ca9dfd04417569dc4a5d730d2a63bf4bda993f599db4a,completed,7.968,0,4,38,C:\Users\HP\Desktop\phd\mobilesec\backend\ml-model\experiments\apkdeeplens_tool_reports\f4151b100f8d5050707ca9dfd04417569dc4a5d730d2a63bf4bda993f599db4a\reports\report_WebViewProceed-UnauthorizedAccess-Lean-secure.json,
DroidBench,EventOrdering1.apk,C:\Users\HP\Desktop\phd\DroidBench apks\apk\Lifecycle\EventOrdering1.apk,743f56c2a0a3ebc60c59762a068679fc78160e7c58d136f2c3a63aae4a5050b5,completed,3.171,0,2,4,C:\Users\HP\Desktop\phd\mobilesec\backend\ml-model\experiments\apkdeeplens_tool_reports\743f56c2a0a3ebc60c59762a068679fc78160e7c58d136f2c3a63aae4a5050b5\reports\report_EventOrdering1.json,
